frame,qpc,time_sec,delta_ms,present_api,sync_interval,flags,thread_id,width,height,swapchain
1,212865116358,0.000000000,0.000000,Present,0,512,7300,1920,1080,000001FAD6970CF0
2,212870973603,0.585724500,585.724500,Present,0,512,7300,1920,1080,000001FAD6970CF0
3,212871108066,0.599170800,13.446300,Present,0,512,7300,1920,1080,000001FAD6970CF0
4,212871311695,0.619533700,20.362900,Present,0,512,7300,1920,1080,000001FAD6970CF0
5,212871439368,0.632301000,12.767300,Present,0,512,7300,1920,1080,000001FAD6970CF0
6,212871606417,0.649005900,16.704900,Present,0,512,7300,1920,1080,000001FAD6970CF0
7,212871875750,0.675939200,26.933300,Present,0,512,7300,1920,1080,000001FAD6970CF0
8,212871934376,0.681801800,5.862600,Present,0,512,7300,1920,1080,000001FAD6970CF0
9,212872101211,0.698485300,16.683500,Present,0,512,7300,1920,1080,000001FAD6970CF0
10,212872357657,0.724129900,25.644600,Present,0,512,7300,1920,1080,000001FAD6970CF0
11,212872428353,0.731199500,7.069600,Present,0,512,7300,1920,1080,000001FAD6970CF0
12,212872596664,0.748030600,16.831100,Present,0,512,7300,1920,1080,000001FAD6970CF0
13,212872764138,0.764778000,16.747400,Present,0,512,7300,1920,1080,000001FAD6970CF0
14,212873015076,0.789871800,25.093800,Present,0,512,7300,1920,1080,000001FAD6970CF0
15,212873105934,0.798957600,9.085800,Present,0,512,7300,1920,1080,000001FAD6970CF0
16,212873273873,0.815751500,16.793900,Present,0,512,7300,1920,1080,000001FAD6970CF0
17,212873528354,0.841199600,25.448100,Present,0,512,7300,1920,1080,000001FAD6970CF0
18,212873600930,0.848457200,7.257600,Present,0,512,7300,1920,1080,000001FAD6970CF0
19,212875545752,1.042939400,194.482200,Present,0,512,7300,1920,1080,000001FAD6970CF0
20,212875561277,1.044491900,1.552500,Present,0,512,7300,1920,1080,000001FAD6970CF0
21,212875663601,1.054724300,10.232400,Present,0,512,7300,1920,1080,000001FAD6970CF0
22,212875827645,1.071128700,16.404400,Present,0,512,7300,1920,1080,000001FAD6970CF0
23,212876030529,1.091417100,20.288400,Present,0,512,7300,1920,1080,000001FAD6970CF0
24,212876179851,1.106349300,14.932200,Present,0,512,7300,1920,1080,000001FAD6970CF0
25,212876355199,1.123884100,17.534800,Present,0,512,7300,1920,1080,000001FAD6970CF0
26,212876599460,1.148310200,24.426100,Present,0,512,7300,1920,1080,000001FAD6970CF0
27,212876717438,1.160108000,11.797800,Present,0,512,7300,1920,1080,000001FAD6970CF0
28,212876882967,1.176660900,16.552900,Present,0,512,7300,1920,1080,000001FAD6970CF0
29,212877108622,1.199226400,22.565500,Present,0,512,7300,1920,1080,000001FAD6970CF0
30,212877227824,1.211146600,11.920200,Present,0,512,7300,1920,1080,000001FAD6970CF0
31,212877391281,1.227492300,16.345700,Present,0,512,7300,1920,1080,000001FAD6970CF0
32,212877667216,1.255085800,27.593500,Present,0,512,7300,1920,1080,000001FAD6970CF0
33,212877731283,1.261492500,6.406700,Present,0,512,7300,1920,1080,000001FAD6970CF0
34,212877897586,1.278122800,16.630300,Present,0,512,7300,1920,1080,000001FAD6970CF0
35,212878238968,1.312261000,34.138200,Present,0,512,7300,1920,1080,000001FAD6970CF0
36,212878284373,1.316801500,4.540500,Present,0,512,7300,1920,1080,000001FAD6970CF0
37,212878543588,1.342723000,25.921500,Present,0,512,7300,1920,1080,000001FAD6970CF0
38,212878768901,1.365254300,22.531300,Present,0,512,7300,1920,1080,000001FAD6970CF0
39,212878906661,1.379030300,13.776000,Present,0,512,7300,1920,1080,000001FAD6970CF0
40,212879091693,1.397533500,18.503200,Present,0,512,7300,1920,1080,000001FAD6970CF0
41,212879224425,1.410806700,13.273200,Present,0,512,7300,1920,1080,000001FAD6970CF0
42,212879642098,1.452574000,41.767300,Present,0,512,7300,1920,1080,000001FAD6970CF0
43,212879675932,1.455957400,3.383400,Present,0,512,7300,1920,1080,000001FAD6970CF0
44,212879897594,1.478123600,22.166200,Present,0,512,7300,1920,1080,000001FAD6970CF0
45,212880087111,1.497075300,18.951700,Present,0,512,7300,1920,1080,000001FAD6970CF0
46,212880289998,1.517364000,20.288700,Present,0,512,7300,1920,1080,000001FAD6970CF0
47,212880417954,1.530159600,12.795600,Present,0,512,7300,1920,1080,000001FAD6970CF0
48,212880576915,1.546055700,15.896100,Present,0,512,7300,1920,1080,000001FAD6970CF0
49,212880746948,1.563059000,17.003300,Present,0,512,7300,1920,1080,000001FAD6970CF0
50,212880932198,1.581584000,18.525000,Present,0,512,7300,1920,1080,000001FAD6970CF0
51,212881098782,1.598242400,16.658400,Present,0,512,7300,1920,1080,000001FAD6970CF0
52,212881271715,1.615535700,17.293300,Present,0,512,7300,1920,1080,000001FAD6970CF0
53,212881433123,1.631676500,16.140800,Present,0,512,7300,1920,1080,000001FAD6970CF0
54,212881624357,1.650799900,19.123400,Present,0,512,7300,1920,1080,000001FAD6970CF0
55,212881794045,1.667768700,16.968800,Present,0,512,7300,1920,1080,000001FAD6970CF0
56,212881963590,1.684723200,16.954500,Present,0,512,7300,1920,1080,000001FAD6970CF0
57,212882132421,1.701606300,16.883100,Present,0,512,7300,1920,1080,000001FAD6970CF0
58,212882302852,1.718649400,17.043100,Present,0,512,7300,1920,1080,000001FAD6970CF0
59,212882469664,1.735330600,16.681200,Present,0,512,7300,1920,1080,000001FAD6970CF0
60,212882636334,1.751997600,16.667000,Present,0,512,7300,1920,1080,000001FAD6970CF0
61,212882828501,1.771214300,19.216700,Present,0,512,7300,1920,1080,000001FAD6970CF0
62,212882994759,1.787840100,16.625800,Present,0,512,7300,1920,1080,000001FAD6970CF0
63,212883166693,1.805033500,17.193400,Present,0,512,7300,1920,1080,000001FAD6970CF0
64,212883336044,1.821968600,16.935100,Present,0,512,7300,1920,1080,000001FAD6970CF0
65,212883607177,1.849081900,27.113300,Present,0,512,7300,1920,1080,000001FAD6970CF0
66,212883776438,1.866008000,16.926100,Present,0,512,7300,1920,1080,000001FAD6970CF0
67,212883940910,1.882455200,16.447200,Present,0,512,7300,1920,1080,000001FAD6970CF0
68,212884109126,1.899276800,16.821600,Present,0,512,7300,1920,1080,000001FAD6970CF0
69,212884280127,1.916376900,17.100100,Present,0,512,7300,1920,1080,000001FAD6970CF0
70,212884447740,1.933138200,16.761300,Present,0,512,7300,1920,1080,000001FAD6970CF0
71,212884613941,1.949758300,16.620100,Present,0,512,7300,1920,1080,000001FAD6970CF0
72,212884789103,1.967274500,17.516200,Present,0,512,7300,1920,1080,000001FAD6970CF0
73,212884952269,1.983591100,16.316600,Present,0,512,7300,1920,1080,000001FAD6970CF0
74,212885118971,2.000261300,16.670200,Present,0,512,7300,1920,1080,000001FAD6970CF0
75,212885297198,2.018084000,17.822700,Present,0,512,7300,1920,1080,000001FAD6970CF0
76,212885467787,2.035142900,17.058900,Present,0,512,7300,1920,1080,000001FAD6970CF0
77,212885649590,2.053323200,18.180300,Present,0,512,7300,1920,1080,000001FAD6970CF0
78,212885814411,2.069805300,16.482100,Present,0,512,7300,1920,1080,000001FAD6970CF0
79,212885976261,2.085990300,16.185000,Present,0,512,7300,1920,1080,000001FAD6970CF0
80,212886145867,2.102950900,16.960600,Present,0,512,7300,1920,1080,000001FAD6970CF0
81,212886312641,2.119628300,16.677400,Present,0,512,7300,1920,1080,000001FAD6970CF0
82,212886496936,2.138057800,18.429500,Present,0,512,7300,1920,1080,000001FAD6970CF0
83,212886657487,2.154112900,16.055100,Present,0,512,7300,1920,1080,000001FAD6970CF0
84,212886822767,2.170640900,16.528000,Present,0,512,7300,1920,1080,000001FAD6970CF0
85,212886993910,2.187755200,17.114300,Present,0,512,7300,1920,1080,000001FAD6970CF0
86,212887167647,2.205128900,17.373700,Present,0,512,7300,1920,1080,000001FAD6970CF0
87,212887336161,2.221980300,16.851400,Present,0,512,7300,1920,1080,000001FAD6970CF0
88,212887519276,2.240291800,18.311500,Present,0,512,7300,1920,1080,000001FAD6970CF0
89,212887690153,2.257379500,17.087700,Present,0,512,7300,1920,1080,000001FAD6970CF0
90,212887856599,2.274024100,16.644600,Present,0,512,7300,1920,1080,000001FAD6970CF0
91,212888019607,2.290324900,16.300800,Present,0,512,7300,1920,1080,000001FAD6970CF0
92,212888191858,2.307550000,17.225100,Present,0,512,7300,1920,1080,000001FAD6970CF0
93,212888355325,2.323896700,16.346700,Present,0,512,7300,1920,1080,000001FAD6970CF0
94,212888519678,2.340332000,16.435300,Present,0,512,7300,1920,1080,000001FAD6970CF0
95,212888686093,2.356973500,16.641500,Present,0,512,7300,1920,1080,000001FAD6970CF0
96,212888858683,2.374232500,17.259000,Present,0,512,7300,1920,1080,000001FAD6970CF0
97,212889028801,2.391244300,17.011800,Present,0,512,7300,1920,1080,000001FAD6970CF0
98,212889190906,2.407454800,16.210500,Present,0,512,7300,1920,1080,000001FAD6970CF0
99,212889361714,2.424535600,17.080800,Present,0,512,7300,1920,1080,000001FAD6970CF0
100,212889529057,2.441269900,16.734300,Present,0,512,7300,1920,1080,000001FAD6970CF0
101,212889698630,2.458227200,16.957300,Present,0,512,7300,1920,1080,000001FAD6970CF0
102,212889869038,2.475268000,17.040800,Present,0,512,7300,1920,1080,000001FAD6970CF0
103,212890045856,2.492949800,17.681800,Present,0,512,7300,1920,1080,000001FAD6970CF0
104,212890210512,2.509415400,16.465600,Present,0,512,7300,1920,1080,000001FAD6970CF0
105,212890381668,2.526531000,17.115600,Present,0,512,7300,1920,1080,000001FAD6970CF0
106,212890546823,2.543046500,16.515500,Present,0,512,7300,1920,1080,000001FAD6970CF0
107,212890711610,2.559525200,16.478700,Present,0,512,7300,1920,1080,000001FAD6970CF0
108,212890882238,2.576588000,17.062800,Present,0,512,7300,1920,1080,000001FAD6970CF0
109,212891048102,2.593174400,16.586400,Present,0,512,7300,1920,1080,000001FAD6970CF0
110,212891215522,2.609916400,16.742000,Present,0,512,7300,1920,1080,000001FAD6970CF0
111,212891379764,2.626340600,16.424200,Present,0,512,7300,1920,1080,000001FAD6970CF0
112,212891551642,2.643528400,17.187800,Present,0,512,7300,1920,1080,000001FAD6970CF0
113,212891721633,2.660527500,16.999100,Present,0,512,7300,1920,1080,000001FAD6970CF0
114,212891883669,2.676731100,16.203600,Present,0,512,7300,1920,1080,000001FAD6970CF0
115,212892054788,2.693843000,17.111900,Present,0,512,7300,1920,1080,000001FAD6970CF0
116,212892220252,2.710389400,16.546400,Present,0,512,7300,1920,1080,000001FAD6970CF0
117,212892386661,2.727030300,16.640900,Present,0,512,7300,1920,1080,000001FAD6970CF0
118,212892559602,2.744324400,17.294100,Present,0,512,7300,1920,1080,000001FAD6970CF0
119,212892727014,2.761065600,16.741200,Present,0,512,7300,1920,1080,000001FAD6970CF0
120,212892888951,2.777259300,16.193700,Present,0,512,7300,1920,1080,000001FAD6970CF0
121,212893058669,2.794231100,16.971800,Present,0,512,7300,1920,1080,000001FAD6970CF0
122,212893220976,2.810461800,16.230700,Present,0,512,7300,1920,1080,000001FAD6970CF0
123,212893393389,2.827703100,17.241300,Present,0,512,7300,1920,1080,000001FAD6970CF0
124,212893558466,2.844210800,16.507700,Present,0,512,7300,1920,1080,000001FAD6970CF0
125,212893729605,2.861324700,17.113900,Present,0,512,7300,1920,1080,000001FAD6970CF0
126,212893895236,2.877887800,16.563100,Present,0,512,7300,1920,1080,000001FAD6970CF0
127,212894064173,2.894781500,16.893700,Present,0,512,7300,1920,1080,000001FAD6970CF0
128,212894227916,2.911155800,16.374300,Present,0,512,7300,1920,1080,000001FAD6970CF0
129,212894393802,2.927744400,16.588600,Present,0,512,7300,1920,1080,000001FAD6970CF0
130,212894564607,2.944824900,17.080500,Present,0,512,7300,1920,1080,000001FAD6970CF0
131,212894729338,2.961298000,16.473100,Present,0,512,7300,1920,1080,000001FAD6970CF0
132,212894891792,2.977543400,16.245400,Present,0,512,7300,1920,1080,000001FAD6970CF0
133,212895055517,2.993915900,16.372500,Present,0,512,7300,1920,1080,000001FAD6970CF0
134,212895236147,3.011978900,18.063000,Present,0,512,7300,1920,1080,000001FAD6970CF0
135,212895402904,3.028654600,16.675700,Present,0,512,7300,1920,1080,000001FAD6970CF0
136,212895570434,3.045407600,16.753000,Present,0,512,7300,1920,1080,000001FAD6970CF0
137,212895732169,3.061581100,16.173500,Present,0,512,7300,1920,1080,000001FAD6970CF0
138,212895904334,3.078797600,17.216500,Present,0,512,7300,1920,1080,000001FAD6970CF0
139,212896063177,3.094681900,15.884300,Present,0,512,7300,1920,1080,000001FAD6970CF0
140,212896228969,3.111261100,16.579200,Present,0,512,7300,1920,1080,000001FAD6970CF0
141,212896392263,3.127590500,16.329400,Present,0,512,7300,1920,1080,000001FAD6970CF0
142,212896554455,3.143809700,16.219200,Present,0,512,7300,1920,1080,000001FAD6970CF0
143,212896720528,3.160417000,16.607300,Present,0,512,7300,1920,1080,000001FAD6970CF0
144,212896891665,3.177530700,17.113700,Present,0,512,7300,1920,1080,000001FAD6970CF0
145,212897055968,3.193961000,16.430300,Present,0,512,7300,1920,1080,000001FAD6970CF0
146,212897226553,3.211019500,17.058500,Present,0,512,7300,1920,1080,000001FAD6970CF0
147,212897391183,3.227482500,16.463000,Present,0,512,7300,1920,1080,000001FAD6970CF0
148,212897555747,3.243938900,16.456400,Present,0,512,7300,1920,1080,000001FAD6970CF0
149,212897722705,3.260634700,16.695800,Present,0,512,7300,1920,1080,000001FAD6970CF0
150,212897891923,3.277556500,16.921800,Present,0,512,7300,1920,1080,000001FAD6970CF0
151,212898062432,3.294607400,17.050900,Present,0,512,7300,1920,1080,000001FAD6970CF0
152,212898223575,3.310721700,16.114300,Present,0,512,7300,1920,1080,000001FAD6970CF0
153,212898395753,3.327939500,17.217800,Present,0,512,7300,1920,1080,000001FAD6970CF0
154,212898558662,3.344230400,16.290900,Present,0,512,7300,1920,1080,000001FAD6970CF0
155,212898728921,3.361256300,17.025900,Present,0,512,7300,1920,1080,000001FAD6970CF0
156,212898898945,3.378258700,17.002400,Present,0,512,7300,1920,1080,000001FAD6970CF0
157,212899063812,3.394745400,16.486700,Present,0,512,7300,1920,1080,000001FAD6970CF0
158,212899235273,3.411891500,17.146100,Present,0,512,7300,1920,1080,000001FAD6970CF0
159,212899402891,3.428653300,16.761800,Present,0,512,7300,1920,1080,000001FAD6970CF0
160,212899575374,3.445901600,17.248300,Present,0,512,7300,1920,1080,000001FAD6970CF0
161,212899738487,3.462212900,16.311300,Present,0,512,7300,1920,1080,000001FAD6970CF0
162,212899902267,3.478590900,16.378000,Present,0,512,7300,1920,1080,000001FAD6970CF0
163,212900070617,3.495425900,16.835000,Present,0,512,7300,1920,1080,000001FAD6970CF0
164,212900242931,3.512657300,17.231400,Present,0,512,7300,1920,1080,000001FAD6970CF0
165,212900424129,3.530777100,18.119800,Present,0,512,7300,1920,1080,000001FAD6970CF0
166,212900580260,3.546390200,15.613100,Present,0,512,7300,1920,1080,000001FAD6970CF0
167,212900752524,3.563616600,17.226400,Present,0,512,7300,1920,1080,000001FAD6970CF0
168,212900913535,3.579717700,16.101100,Present,0,512,7300,1920,1080,000001FAD6970CF0
169,212901075400,3.595904200,16.186500,Present,0,512,7300,1920,1080,000001FAD6970CF0
170,212901242117,3.612575900,16.671700,Present,0,512,7300,1920,1080,000001FAD6970CF0
171,212901411495,3.629513700,16.937800,Present,0,512,7300,1920,1080,000001FAD6970CF0
172,212901572683,3.645632500,16.118800,Present,0,512,7300,1920,1080,000001FAD6970CF0
173,212901746821,3.663046300,17.413800,Present,0,512,7300,1920,1080,000001FAD6970CF0
174,212901906981,3.679062300,16.016000,Present,0,512,7300,1920,1080,000001FAD6970CF0
175,212902075242,3.695888400,16.826100,Present,0,512,7300,1920,1080,000001FAD6970CF0
176,212902238501,3.712214300,16.325900,Present,0,512,7300,1920,1080,000001FAD6970CF0
177,212902412174,3.729581600,17.367300,Present,0,512,7300,1920,1080,000001FAD6970CF0
178,212902577490,3.746113200,16.531600,Present,0,512,7300,1920,1080,000001FAD6970CF0
179,212902742528,3.762617000,16.503800,Present,0,512,7300,1920,1080,000001FAD6970CF0
180,212902916006,3.779964800,17.347800,Present,0,512,7300,1920,1080,000001FAD6970CF0
181,212903071615,3.795525700,15.560900,Present,0,512,7300,1920,1080,000001FAD6970CF0
182,212903236411,3.812005300,16.479600,Present,0,512,7300,1920,1080,000001FAD6970CF0
183,212903394197,3.827783900,15.778600,Present,0,512,7300,1920,1080,000001FAD6970CF0
184,212903566209,3.844985100,17.201200,Present,0,512,7300,1920,1080,000001FAD6970CF0
185,212903743997,3.862763900,17.778800,Present,0,512,7300,1920,1080,000001FAD6970CF0
186,212903901119,3.878476100,15.712200,Present,0,512,7300,1920,1080,000001FAD6970CF0
187,212904065823,3.894946500,16.470400,Present,0,512,7300,1920,1080,000001FAD6970CF0
188,212904237242,3.912088400,17.141900,Present,0,512,7300,1920,1080,000001FAD6970CF0
189,212904400605,3.928424700,16.336300,Present,0,512,7300,1920,1080,000001FAD6970CF0
190,212904562405,3.944604700,16.180000,Present,0,512,7300,1920,1080,000001FAD6970CF0
191,212904727750,3.961139200,16.534500,Present,0,512,7300,1920,1080,000001FAD6970CF0
192,212904891845,3.977548700,16.409500,Present,0,512,7300,1920,1080,000001FAD6970CF0
193,212905059485,3.994312700,16.764000,Present,0,512,7300,1920,1080,000001FAD6970CF0
194,212905225442,4.010908400,16.595700,Present,0,512,7300,1920,1080,000001FAD6970CF0
195,212905385715,4.026935700,16.027300,Present,0,512,7300,1920,1080,000001FAD6970CF0
196,212905557068,4.044071000,17.135300,Present,0,512,7300,1920,1080,000001FAD6970CF0
197,212905715228,4.059887000,15.816000,Present,0,512,7300,1920,1080,000001FAD6970CF0
198,212905886767,4.077040900,17.153900,Present,0,512,7300,1920,1080,000001FAD6970CF0
199,212906053359,4.093700100,16.659200,Present,0,512,7300,1920,1080,000001FAD6970CF0
200,212906217600,4.110124200,16.424100,Present,0,512,7300,1920,1080,000001FAD6970CF0
201,212906387990,4.127163200,17.039000,Present,0,512,7300,1920,1080,000001FAD6970CF0
202,212906552432,4.143607400,16.444200,Present,0,512,7300,1920,1080,000001FAD6970CF0
203,212906719431,4.160307300,16.699900,Present,0,512,7300,1920,1080,000001FAD6970CF0
204,212906882006,4.176564800,16.257500,Present,0,512,7300,1920,1080,000001FAD6970CF0
205,212907046161,4.192980300,16.415500,Present,0,512,7300,1920,1080,000001FAD6970CF0
206,212907211776,4.209541800,16.561500,Present,0,512,7300,1920,1080,000001FAD6970CF0
207,212907377097,4.226073900,16.532100,Present,0,512,7300,1920,1080,000001FAD6970CF0
208,212907543607,4.242724900,16.651000,Present,0,512,7300,1920,1080,000001FAD6970CF0
209,212907708999,4.259264100,16.539200,Present,0,512,7300,1920,1080,000001FAD6970CF0
210,212907880055,4.276369700,17.105600,Present,0,512,7300,1920,1080,000001FAD6970CF0
211,212908046568,4.293021000,16.651300,Present,0,512,7300,1920,1080,000001FAD6970CF0
212,212908212672,4.309631400,16.610400,Present,0,512,7300,1920,1080,000001FAD6970CF0
213,212908374108,4.325775000,16.143600,Present,0,512,7300,1920,1080,000001FAD6970CF0
214,212908544713,4.342835500,17.060500,Present,0,512,7300,1920,1080,000001FAD6970CF0
215,212908707045,4.359068700,16.233200,Present,0,512,7300,1920,1080,000001FAD6970CF0
216,212908907763,4.379140500,20.071800,Present,0,512,7300,1920,1080,000001FAD6970CF0
217,212909030244,4.391388600,12.248100,Present,0,512,7300,1920,1080,000001FAD6970CF0
218,212909240319,4.412396100,21.007500,Present,0,512,7300,1920,1080,000001FAD6970CF0
219,212909259033,4.414267500,1.871400,Present,0,512,7300,1920,1080,000001FAD6970CF0
220,212909282768,4.416641000,2.373500,Present,0,512,7300,1920,1080,000001FAD6970CF0
221,212909301962,4.418560400,1.919400,Present,0,512,7300,1920,1080,000001FAD6970CF0
222,212909312925,4.419656700,1.096300,Present,0,512,7300,1920,1080,000001FAD6970CF0
223,212909340088,4.422373000,2.716300,Present,0,512,7300,1920,1080,000001FAD6970CF0
224,212909353673,4.423731500,1.358500,Present,0,512,7300,1920,1080,000001FAD6970CF0
225,212909372064,4.425570600,1.839100,Present,0,512,7300,1920,1080,000001FAD6970CF0
226,212909386427,4.427006900,1.436300,Present,0,512,7300,1920,1080,000001FAD6970CF0
227,212909399890,4.428353200,1.346300,Present,0,512,7300,1920,1080,000001FAD6970CF0
228,212909411243,4.429488500,1.135300,Present,0,512,7300,1920,1080,000001FAD6970CF0
229,212909422328,4.430597000,1.108500,Present,0,512,7300,1920,1080,000001FAD6970CF0
230,212909432611,4.431625300,1.028300,Present,0,512,7300,1920,1080,000001FAD6970CF0
231,212909443618,4.432726000,1.100700,Present,0,512,7300,1920,1080,000001FAD6970CF0
232,212909453624,4.433726600,1.000600,Present,0,512,7300,1920,1080,000001FAD6970CF0
233,212909464707,4.434834900,1.108300,Present,0,512,7300,1920,1080,000001FAD6970CF0
234,212909479795,4.436343700,1.508800,Present,0,512,7300,1920,1080,000001FAD6970CF0
235,212909494847,4.437848900,1.505200,Present,0,512,7300,1920,1080,000001FAD6970CF0
236,212909506728,4.439037000,1.188100,Present,0,512,7300,1920,1080,000001FAD6970CF0
237,212909517204,4.440084600,1.047600,Present,0,512,7300,1920,1080,000001FAD6970CF0
238,212909527366,4.441100800,1.016200,Present,0,512,7300,1920,1080,000001FAD6970CF0
239,212909541576,4.442521800,1.421000,Present,0,512,7300,1920,1080,000001FAD6970CF0
240,212909553094,4.443673600,1.151800,Present,0,512,7300,1920,1080,000001FAD6970CF0
241,212909565597,4.444923900,1.250300,Present,0,512,7300,1920,1080,000001FAD6970CF0
242,212909576387,4.446002900,1.079000,Present,0,512,7300,1920,1080,000001FAD6970CF0
243,212909588638,4.447228000,1.225100,Present,0,512,7300,1920,1080,000001FAD6970CF0
244,212909600764,4.448440600,1.212600,Present,0,512,7300,1920,1080,000001FAD6970CF0
245,212909611620,4.449526200,1.085600,Present,0,512,7300,1920,1080,000001FAD6970CF0
246,212909621829,4.450547100,1.020900,Present,0,512,7300,1920,1080,000001FAD6970CF0
247,212909635710,4.451935200,1.388100,Present,0,512,7300,1920,1080,000001FAD6970CF0
248,212909652437,4.453607900,1.672700,Present,0,512,7300,1920,1080,000001FAD6970CF0
249,212909671928,4.455557000,1.949100,Present,0,512,7300,1920,1080,000001FAD6970CF0
250,212909683617,4.456725900,1.168900,Present,0,512,7300,1920,1080,000001FAD6970CF0
251,212909694349,4.457799100,1.073200,Present,0,512,7300,1920,1080,000001FAD6970CF0
252,212909704489,4.458813100,1.014000,Present,0,512,7300,1920,1080,000001FAD6970CF0
253,212909716762,4.460040400,1.227300,Present,0,512,7300,1920,1080,000001FAD6970CF0
254,212909728390,4.461203200,1.162800,Present,0,512,7300,1920,1080,000001FAD6970CF0
255,212909740982,4.462462400,1.259200,Present,0,512,7300,1920,1080,000001FAD6970CF0
256,212909753614,4.463725600,1.263200,Present,0,512,7300,1920,1080,000001FAD6970CF0
257,212909767205,4.465084700,1.359100,Present,0,512,7300,1920,1080,000001FAD6970CF0
258,212909780286,4.466392800,1.308100,Present,0,512,7300,1920,1080,000001FAD6970CF0
259,212909798963,4.468260500,1.867700,Present,0,512,7300,1920,1080,000001FAD6970CF0
260,212909811477,4.469511900,1.251400,Present,0,512,7300,1920,1080,000001FAD6970CF0
261,212909829206,4.471284800,1.772900,Present,0,512,7300,1920,1080,000001FAD6970CF0
262,212909839638,4.472328000,1.043200,Present,0,512,7300,1920,1080,000001FAD6970CF0
263,212909852313,4.473595500,1.267500,Present,0,512,7300,1920,1080,000001FAD6970CF0
264,212909862402,4.474604400,1.008900,Present,0,512,7300,1920,1080,000001FAD6970CF0
265,212909874129,4.475777100,1.172700,Present,0,512,7300,1920,1080,000001FAD6970CF0
266,212909883688,4.476733000,0.955900,Present,0,512,7300,1920,1080,000001FAD6970CF0
267,212909898431,4.478207300,1.474300,Present,0,512,7300,1920,1080,000001FAD6970CF0
268,212909912509,4.479615100,1.407800,Present,0,512,7300,1920,1080,000001FAD6970CF0
269,212909922495,4.480613700,0.998600,Present,0,512,7300,1920,1080,000001FAD6970CF0
270,212909934329,4.481797100,1.183400,Present,0,512,7300,1920,1080,000001FAD6970CF0
271,212909948107,4.483174900,1.377800,Present,0,512,7300,1920,1080,000001FAD6970CF0
272,212909965411,4.484905300,1.730400,Present,0,512,7300,1920,1080,000001FAD6970CF0
273,212909981230,4.486487200,1.581900,Present,0,512,7300,1920,1080,000001FAD6970CF0
274,212909994006,4.487764800,1.277600,Present,0,512,7300,1920,1080,000001FAD6970CF0
275,212910006324,4.488996600,1.231800,Present,0,512,7300,1920,1080,000001FAD6970CF0
276,212910020634,4.490427600,1.431000,Present,0,512,7300,1920,1080,000001FAD6970CF0
277,212910039679,4.492332100,1.904500,Present,0,512,7300,1920,1080,000001FAD6970CF0
278,212910052276,4.493591800,1.259700,Present,0,512,7300,1920,1080,000001FAD6970CF0
279,212910064202,4.494784400,1.192600,Present,0,512,7300,1920,1080,000001FAD6970CF0
280,212910075915,4.495955700,1.171300,Present,0,512,7300,1920,1080,000001FAD6970CF0
281,212910088426,4.497206800,1.251100,Present,0,512,7300,1920,1080,000001FAD6970CF0
282,212910111628,4.499527000,2.320200,Present,0,512,7300,1920,1080,000001FAD6970CF0
283,212910124767,4.500840900,1.313900,Present,0,512,7300,1920,1080,000001FAD6970CF0
284,212910137626,4.502126800,1.285900,Present,0,512,7300,1920,1080,000001FAD6970CF0
285,212910151435,4.503507700,1.380900,Present,0,512,7300,1920,1080,000001FAD6970CF0
286,212910163834,4.504747600,1.239900,Present,0,512,7300,1920,1080,000001FAD6970CF0
287,212910173740,4.505738200,0.990600,Present,0,512,7300,1920,1080,000001FAD6970CF0
288,212910184283,4.506792500,1.054300,Present,0,512,7300,1920,1080,000001FAD6970CF0
289,212910195387,4.507902900,1.110400,Present,0,512,7300,1920,1080,000001FAD6970CF0
290,212910209367,4.509300900,1.398000,Present,0,512,7300,1920,1080,000001FAD6970CF0
291,212910221985,4.510562700,1.261800,Present,0,512,7300,1920,1080,000001FAD6970CF0
292,212910233156,4.511679800,1.117100,Present,0,512,7300,1920,1080,000001FAD6970CF0
293,212910244408,4.512805000,1.125200,Present,0,512,7300,1920,1080,000001FAD6970CF0
294,212910257722,4.514136400,1.331400,Present,0,512,7300,1920,1080,000001FAD6970CF0
295,212910276728,4.516037000,1.900600,Present,0,512,7300,1920,1080,000001FAD6970CF0
296,212910288249,4.517189100,1.152100,Present,0,512,7300,1920,1080,000001FAD6970CF0
297,212910300104,4.518374600,1.185500,Present,0,512,7300,1920,1080,000001FAD6970CF0
298,212910311408,4.519505000,1.130400,Present,0,512,7300,1920,1080,000001FAD6970CF0
299,212910322507,4.520614900,1.109900,Present,0,512,7300,1920,1080,000001FAD6970CF0
300,212910336269,4.521991100,1.376200,Present,0,512,7300,1920,1080,000001FAD6970CF0
301,212910348123,4.523176500,1.185400,Present,0,512,7300,1920,1080,000001FAD6970CF0
302,212910358718,4.524236000,1.059500,Present,0,512,7300,1920,1080,000001FAD6970CF0
303,212910368519,4.525216100,0.980100,Present,0,512,7300,1920,1080,000001FAD6970CF0
304,212910378568,4.526221000,1.004900,Present,0,512,7300,1920,1080,000001FAD6970CF0
305,212910392041,4.527568300,1.347300,Present,0,512,7300,1920,1080,000001FAD6970CF0
306,212910402032,4.528567400,0.999100,Present,0,512,7300,1920,1080,000001FAD6970CF0
307,212910415211,4.529885300,1.317900,Present,0,512,7300,1920,1080,000001FAD6970CF0
308,212910430446,4.531408800,1.523500,Present,0,512,7300,1920,1080,000001FAD6970CF0
309,212910442526,4.532616800,1.208000,Present,0,512,7300,1920,1080,000001FAD6970CF0
310,212910455826,4.533946800,1.330000,Present,0,512,7300,1920,1080,000001FAD6970CF0
311,212910466020,4.534966200,1.019400,Present,0,512,7300,1920,1080,000001FAD6970CF0
312,212910477903,4.536154500,1.188300,Present,0,512,7300,1920,1080,000001FAD6970CF0
313,212910487434,4.537107600,0.953100,Present,0,512,7300,1920,1080,000001FAD6970CF0
314,212910500414,4.538405600,1.298000,Present,0,512,7300,1920,1080,000001FAD6970CF0
315,212910510851,4.539449300,1.043700,Present,0,512,7300,1920,1080,000001FAD6970CF0
316,212910523475,4.540711700,1.262400,Present,0,512,7300,1920,1080,000001FAD6970CF0
317,212910536136,4.541977800,1.266100,Present,0,512,7300,1920,1080,000001FAD6970CF0
318,212910546329,4.542997100,1.019300,Present,0,512,7300,1920,1080,000001FAD6970CF0
319,212910556126,4.543976800,0.979700,Present,0,512,7300,1920,1080,000001FAD6970CF0
320,212910567766,4.545140800,1.164000,Present,0,512,7300,1920,1080,000001FAD6970CF0
321,212910586488,4.547013000,1.872200,Present,0,512,7300,1920,1080,000001FAD6970CF0
322,212910597680,4.548132200,1.119200,Present,0,512,7300,1920,1080,000001FAD6970CF0
323,212910608012,4.549165400,1.033200,Present,0,512,7300,1920,1080,000001FAD6970CF0
324,212910620643,4.550428500,1.263100,Present,0,512,7300,1920,1080,000001FAD6970CF0
325,212910631704,4.551534600,1.106100,Present,0,512,7300,1920,1080,000001FAD6970CF0
326,212910644337,4.552797900,1.263300,Present,0,512,7300,1920,1080,000001FAD6970CF0
327,212910655467,4.553910900,1.113000,Present,0,512,7300,1920,1080,000001FAD6970CF0
328,212910668884,4.555252600,1.341700,Present,0,512,7300,1920,1080,000001FAD6970CF0
329,212910684096,4.556773800,1.521200,Present,0,512,7300,1920,1080,000001FAD6970CF0
330,212910698287,4.558192900,1.419100,Present,0,512,7300,1920,1080,000001FAD6970CF0
331,212910709930,4.559357200,1.164300,Present,0,512,7300,1920,1080,000001FAD6970CF0
332,212910721415,4.560505700,1.148500,Present,0,512,7300,1920,1080,000001FAD6970CF0
333,212910739730,4.562337200,1.831500,Present,0,512,7300,1920,1080,000001FAD6970CF0
334,212910751941,4.563558300,1.221100,Present,0,512,7300,1920,1080,000001FAD6970CF0
335,212910762884,4.564652600,1.094300,Present,0,512,7300,1920,1080,000001FAD6970CF0
336,212910774363,4.565800500,1.147900,Present,0,512,7300,1920,1080,000001FAD6970CF0
337,212910784427,4.566806900,1.006400,Present,0,512,7300,1920,1080,000001FAD6970CF0
338,212910796676,4.568031800,1.224900,Present,0,512,7300,1920,1080,000001FAD6970CF0
339,212910807610,4.569125200,1.093400,Present,0,512,7300,1920,1080,000001FAD6970CF0
340,212910822289,4.570593100,1.467900,Present,0,512,7300,1920,1080,000001FAD6970CF0
341,212910835074,4.571871600,1.278500,Present,0,512,7300,1920,1080,000001FAD6970CF0
342,212910846429,4.573007100,1.135500,Present,0,512,7300,1920,1080,000001FAD6970CF0
343,212910856695,4.574033700,1.026600,Present,0,512,7300,1920,1080,000001FAD6970CF0
344,212910867842,4.575148400,1.114700,Present,0,512,7300,1920,1080,000001FAD6970CF0
345,212910878688,4.576233000,1.084600,Present,0,512,7300,1920,1080,000001FAD6970CF0
346,212910891870,4.577551200,1.318200,Present,0,512,7300,1920,1080,000001FAD6970CF0
347,212910905848,4.578949000,1.397800,Present,0,512,7300,1920,1080,000001FAD6970CF0
348,212910920428,4.580407000,1.458000,Present,0,512,7300,1920,1080,000001FAD6970CF0
349,212910930961,4.581460300,1.053300,Present,0,512,7300,1920,1080,000001FAD6970CF0
350,212910944388,4.582803000,1.342700,Present,0,512,7300,1920,1080,000001FAD6970CF0
351,212910956308,4.583995000,1.192000,Present,0,512,7300,1920,1080,000001FAD6970CF0
352,212910967436,4.585107800,1.112800,Present,0,512,7300,1920,1080,000001FAD6970CF0
353,212910976797,4.586043900,0.936100,Present,0,512,7300,1920,1080,000001FAD6970CF0
354,212910990085,4.587372700,1.328800,Present,0,512,7300,1920,1080,000001FAD6970CF0
355,212911004707,4.588834900,1.462200,Present,0,512,7300,1920,1080,000001FAD6970CF0
356,212911015273,4.589891500,1.056600,Present,0,512,7300,1920,1080,000001FAD6970CF0
357,212911026358,4.591000000,1.108500,Present,0,512,7300,1920,1080,000001FAD6970CF0
358,212911042581,4.592622300,1.622300,Present,0,512,7300,1920,1080,000001FAD6970CF0
359,212911059580,4.594322200,1.699900,Present,0,512,7300,1920,1080,000001FAD6970CF0
360,212911073998,4.595764000,1.441800,Present,0,512,7300,1920,1080,000001FAD6970CF0
361,212911087096,4.597073800,1.309800,Present,0,512,7300,1920,1080,000001FAD6970CF0
362,212911097789,4.598143100,1.069300,Present,0,512,7300,1920,1080,000001FAD6970CF0
363,212911109520,4.599316200,1.173100,Present,0,512,7300,1920,1080,000001FAD6970CF0
364,212911121339,4.600498100,1.181900,Present,0,512,7300,1920,1080,000001FAD6970CF0
365,212911131819,4.601546100,1.048000,Present,0,512,7300,1920,1080,000001FAD6970CF0
366,212911141964,4.602560600,1.014500,Present,0,512,7300,1920,1080,000001FAD6970CF0
367,212911153455,4.603709700,1.149100,Present,0,512,7300,1920,1080,000001FAD6970CF0
368,212911164884,4.604852600,1.142900,Present,0,512,7300,1920,1080,000001FAD6970CF0
369,212911174736,4.605837800,0.985200,Present,0,512,7300,1920,1080,000001FAD6970CF0
370,212911186545,4.607018700,1.180900,Present,0,512,7300,1920,1080,000001FAD6970CF0
371,212911197333,4.608097500,1.078800,Present,0,512,7300,1920,1080,000001FAD6970CF0
372,212911210925,4.609456700,1.359200,Present,0,512,7300,1920,1080,000001FAD6970CF0
373,212911221335,4.610497700,1.041000,Present,0,512,7300,1920,1080,000001FAD6970CF0
374,212911231252,4.611489400,0.991700,Present,0,512,7300,1920,1080,000001FAD6970CF0
375,212911242819,4.612646100,1.156700,Present,0,512,7300,1920,1080,000001FAD6970CF0
376,212911257641,4.614128300,1.482200,Present,0,512,7300,1920,1080,000001FAD6970CF0
377,212911270230,4.615387200,1.258900,Present,0,512,7300,1920,1080,000001FAD6970CF0
378,212911280278,4.616392000,1.004800,Present,0,512,7300,1920,1080,000001FAD6970CF0
379,212911289987,4.617362900,0.970900,Present,0,512,7300,1920,1080,000001FAD6970CF0
380,212911301042,4.618468400,1.105500,Present,0,512,7300,1920,1080,000001FAD6970CF0
381,212911316019,4.619966100,1.497700,Present,0,512,7300,1920,1080,000001FAD6970CF0
382,212911326129,4.620977100,1.011000,Present,0,512,7300,1920,1080,000001FAD6970CF0
383,212911337470,4.622111200,1.134100,Present,0,512,7300,1920,1080,000001FAD6970CF0
384,212911360196,4.624383800,2.272600,Present,0,512,7300,1920,1080,000001FAD6970CF0
385,212911376056,4.625969800,1.586000,Present,0,512,7300,1920,1080,000001FAD6970CF0
386,212911387745,4.627138700,1.168900,Present,0,512,7300,1920,1080,000001FAD6970CF0
387,212911397993,4.628163500,1.024800,Present,0,512,7300,1920,1080,000001FAD6970CF0
388,212911408971,4.629261300,1.097800,Present,0,512,7300,1920,1080,000001FAD6970CF0
389,212911420278,4.630392000,1.130700,Present,0,512,7300,1920,1080,000001FAD6970CF0
390,212911433401,4.631704300,1.312300,Present,0,512,7300,1920,1080,000001FAD6970CF0
391,212911443492,4.632713400,1.009100,Present,0,512,7300,1920,1080,000001FAD6970CF0
392,212911453747,4.633738900,1.025500,Present,0,512,7300,1920,1080,000001FAD6970CF0
393,212911464146,4.634778800,1.039900,Present,0,512,7300,1920,1080,000001FAD6970CF0
394,212911475936,4.635957800,1.179000,Present,0,512,7300,1920,1080,000001FAD6970CF0
395,212911486430,4.637007200,1.049400,Present,0,512,7300,1920,1080,000001FAD6970CF0
396,212911498705,4.638234700,1.227500,Present,0,512,7300,1920,1080,000001FAD6970CF0
397,212911511410,4.639505200,1.270500,Present,0,512,7300,1920,1080,000001FAD6970CF0
398,212911524445,4.640808700,1.303500,Present,0,512,7300,1920,1080,000001FAD6970CF0
399,212911535901,4.641954300,1.145600,Present,0,512,7300,1920,1080,000001FAD6970CF0
400,212911549316,4.643295800,1.341500,Present,0,512,7300,1920,1080,000001FAD6970CF0
401,212911564424,4.644806600,1.510800,Present,0,512,7300,1920,1080,000001FAD6970CF0
402,212911578189,4.646183100,1.376500,Present,0,512,7300,1920,1080,000001FAD6970CF0
403,212911591752,4.647539400,1.356300,Present,0,512,7300,1920,1080,000001FAD6970CF0
404,212911605603,4.648924500,1.385100,Present,0,512,7300,1920,1080,000001FAD6970CF0
405,212911617223,4.650086500,1.162000,Present,0,512,7300,1920,1080,000001FAD6970CF0
406,212911627393,4.651103500,1.017000,Present,0,512,7300,1920,1080,000001FAD6970CF0
407,212911637259,4.652090100,0.986600,Present,0,512,7300,1920,1080,000001FAD6970CF0
408,212911653231,4.653687300,1.597200,Present,0,512,7300,1920,1080,000001FAD6970CF0
409,212911671670,4.655531200,1.843900,Present,0,512,7300,1920,1080,000001FAD6970CF0
410,212911689848,4.657349000,1.817800,Present,0,512,7300,1920,1080,000001FAD6970CF0
411,212911701397,4.658503900,1.154900,Present,0,512,7300,1920,1080,000001FAD6970CF0
412,212911713677,4.659731900,1.228000,Present,0,512,7300,1920,1080,000001FAD6970CF0
413,212911725448,4.660909000,1.177100,Present,0,512,7300,1920,1080,000001FAD6970CF0
414,212911739680,4.662332200,1.423200,Present,0,512,7300,1920,1080,000001FAD6970CF0
415,212911751050,4.663469200,1.137000,Present,0,512,7300,1920,1080,000001FAD6970CF0
416,212911760263,4.664390500,0.921300,Present,0,512,7300,1920,1080,000001FAD6970CF0
417,212911770374,4.665401600,1.011100,Present,0,512,7300,1920,1080,000001FAD6970CF0
418,212911780605,4.666424700,1.023100,Present,0,512,7300,1920,1080,000001FAD6970CF0
419,212911792167,4.667580900,1.156200,Present,0,512,7300,1920,1080,000001FAD6970CF0
420,212911804385,4.668802700,1.221800,Present,0,512,7300,1920,1080,000001FAD6970CF0
421,212911815626,4.669926800,1.124100,Present,0,512,7300,1920,1080,000001FAD6970CF0
422,212911833045,4.671668700,1.741900,Present,0,512,7300,1920,1080,000001FAD6970CF0
423,212911849430,4.673307200,1.638500,Present,0,512,7300,1920,1080,000001FAD6970CF0
424,212911863265,4.674690700,1.383500,Present,0,512,7300,1920,1080,000001FAD6970CF0
425,212911878361,4.676200300,1.509600,Present,0,512,7300,1920,1080,000001FAD6970CF0
426,212911890289,4.677393100,1.192800,Present,0,512,7300,1920,1080,000001FAD6970CF0
427,212911902400,4.678604200,1.211100,Present,0,512,7300,1920,1080,000001FAD6970CF0
428,212911915760,4.679940200,1.336000,Present,0,512,7300,1920,1080,000001FAD6970CF0
429,212911928065,4.681170700,1.230500,Present,0,512,7300,1920,1080,000001FAD6970CF0
430,212911938886,4.682252800,1.082100,Present,0,512,7300,1920,1080,000001FAD6970CF0
431,212911951315,4.683495700,1.242900,Present,0,512,7300,1920,1080,000001FAD6970CF0
432,212911962494,4.684613600,1.117900,Present,0,512,7300,1920,1080,000001FAD6970CF0
433,212911974960,4.685860200,1.246600,Present,0,512,7300,1920,1080,000001FAD6970CF0
434,212911991236,4.687487800,1.627600,Present,0,512,7300,1920,1080,000001FAD6970CF0
435,212912003365,4.688700700,1.212900,Present,0,512,7300,1920,1080,000001FAD6970CF0
436,212912014744,4.689838600,1.137900,Present,0,512,7300,1920,1080,000001FAD6970CF0
437,212912030106,4.691374800,1.536200,Present,0,512,7300,1920,1080,000001FAD6970CF0
438,212912043817,4.692745900,1.371100,Present,0,512,7300,1920,1080,000001FAD6970CF0
439,212912054752,4.693839400,1.093500,Present,0,512,7300,1920,1080,000001FAD6970CF0
440,212912065566,4.694920800,1.081400,Present,0,512,7300,1920,1080,000001FAD6970CF0
441,212912075368,4.695901000,0.980200,Present,0,512,7300,1920,1080,000001FAD6970CF0
442,212912089008,4.697265000,1.364000,Present,0,512,7300,1920,1080,000001FAD6970CF0
443,212912098713,4.698235500,0.970500,Present,0,512,7300,1920,1080,000001FAD6970CF0
444,212912111505,4.699514700,1.279200,Present,0,512,7300,1920,1080,000001FAD6970CF0
445,212912123205,4.700684700,1.170000,Present,0,512,7300,1920,1080,000001FAD6970CF0
446,212912133702,4.701734400,1.049700,Present,0,512,7300,1920,1080,000001FAD6970CF0
447,212912150105,4.703374700,1.640300,Present,0,512,7300,1920,1080,000001FAD6970CF0
448,212912161471,4.704511300,1.136600,Present,0,512,7300,1920,1080,000001FAD6970CF0
449,212912172633,4.705627500,1.116200,Present,0,512,7300,1920,1080,000001FAD6970CF0
450,212912183920,4.706756200,1.128700,Present,0,512,7300,1920,1080,000001FAD6970CF0
451,212912194980,4.707862200,1.106000,Present,0,512,7300,1920,1080,000001FAD6970CF0
452,212912206766,4.709040800,1.178600,Present,0,512,7300,1920,1080,000001FAD6970CF0
453,212912218928,4.710257000,1.216200,Present,0,512,7300,1920,1080,000001FAD6970CF0
454,212912233310,4.711695200,1.438200,Present,0,512,7300,1920,1080,000001FAD6970CF0
455,212912243707,4.712734900,1.039700,Present,0,512,7300,1920,1080,000001FAD6970CF0
456,212912254225,4.713786700,1.051800,Present,0,512,7300,1920,1080,000001FAD6970CF0
457,212912264135,4.714777700,0.991000,Present,0,512,7300,1920,1080,000001FAD6970CF0
458,212912274501,4.715814300,1.036600,Present,0,512,7300,1920,1080,000001FAD6970CF0
459,212912286055,4.716969700,1.155400,Present,0,512,7300,1920,1080,000001FAD6970CF0
460,212912300946,4.718458800,1.489100,Present,0,512,7300,1920,1080,000001FAD6970CF0
461,212912315167,4.719880900,1.422100,Present,0,512,7300,1920,1080,000001FAD6970CF0
462,212912326171,4.720981300,1.100400,Present,0,512,7300,1920,1080,000001FAD6970CF0
463,212912337510,4.722115200,1.133900,Present,0,512,7300,1920,1080,000001FAD6970CF0
464,212912351363,4.723500500,1.385300,Present,0,512,7300,1920,1080,000001FAD6970CF0
465,212912361894,4.724553600,1.053100,Present,0,512,7300,1920,1080,000001FAD6970CF0
466,212912372281,4.725592300,1.038700,Present,0,512,7300,1920,1080,000001FAD6970CF0
467,212912384061,4.726770300,1.178000,Present,0,512,7300,1920,1080,000001FAD6970CF0
468,212912393692,4.727733400,0.963100,Present,0,512,7300,1920,1080,000001FAD6970CF0
469,212912405939,4.728958100,1.224700,Present,0,512,7300,1920,1080,000001FAD6970CF0
470,212912417081,4.730072300,1.114200,Present,0,512,7300,1920,1080,000001FAD6970CF0
471,212912426775,4.731041700,0.969400,Present,0,512,7300,1920,1080,000001FAD6970CF0
472,212912437092,4.732073400,1.031700,Present,0,512,7300,1920,1080,000001FAD6970CF0
473,212912456075,4.733971700,1.898300,Present,0,512,7300,1920,1080,000001FAD6970CF0
474,212912470962,4.735460400,1.488700,Present,0,512,7300,1920,1080,000001FAD6970CF0
475,212912481315,4.736495700,1.035300,Present,0,512,7300,1920,1080,000001FAD6970CF0
476,212912491746,4.737538800,1.043100,Present,0,512,7300,1920,1080,000001FAD6970CF0
477,212912502843,4.738648500,1.109700,Present,0,512,7300,1920,1080,000001FAD6970CF0
478,212912513622,4.739726400,1.077900,Present,0,512,7300,1920,1080,000001FAD6970CF0
479,212912525352,4.740899400,1.173000,Present,0,512,7300,1920,1080,000001FAD6970CF0
480,212912536542,4.742018400,1.119000,Present,0,512,7300,1920,1080,000001FAD6970CF0
481,212912549002,4.743264400,1.246000,Present,0,512,7300,1920,1080,000001FAD6970CF0
482,212912561121,4.744476300,1.211900,Present,0,512,7300,1920,1080,000001FAD6970CF0
483,212912572548,4.745619000,1.142700,Present,0,512,7300,1920,1080,000001FAD6970CF0
484,212912584236,4.746787800,1.168800,Present,0,512,7300,1920,1080,000001FAD6970CF0
485,212912601246,4.748488800,1.701000,Present,0,512,7300,1920,1080,000001FAD6970CF0
486,212912613953,4.749759500,1.270700,Present,0,512,7300,1920,1080,000001FAD6970CF0
487,212912629474,4.751311600,1.552100,Present,0,512,7300,1920,1080,000001FAD6970CF0
488,212912641201,4.752484300,1.172700,Present,0,512,7300,1920,1080,000001FAD6970CF0
489,212912654608,4.753825000,1.340700,Present,0,512,7300,1920,1080,000001FAD6970CF0
490,212912665679,4.754932100,1.107100,Present,0,512,7300,1920,1080,000001FAD6970CF0
491,212912679136,4.756277800,1.345700,Present,0,512,7300,1920,1080,000001FAD6970CF0
492,212912690116,4.757375800,1.098000,Present,0,512,7300,1920,1080,000001FAD6970CF0
493,212912702090,4.758573200,1.197400,Present,0,512,7300,1920,1080,000001FAD6970CF0
494,212912715905,4.759954700,1.381500,Present,0,512,7300,1920,1080,000001FAD6970CF0
495,212912726579,4.761022100,1.067400,Present,0,512,7300,1920,1080,000001FAD6970CF0
496,212912736505,4.762014700,0.992600,Present,0,512,7300,1920,1080,000001FAD6970CF0
497,212912748610,4.763225200,1.210500,Present,0,512,7300,1920,1080,000001FAD6970CF0
498,212912765351,4.764899300,1.674100,Present,0,512,7300,1920,1080,000001FAD6970CF0
499,212912778037,4.766167900,1.268600,Present,0,512,7300,1920,1080,000001FAD6970CF0
500,212912793638,4.767728000,1.560100,Present,0,512,7300,1920,1080,000001FAD6970CF0
501,212912810755,4.769439700,1.711700,Present,0,512,7300,1920,1080,000001FAD6970CF0
502,212912825393,4.770903500,1.463800,Present,0,512,7300,1920,1080,000001FAD6970CF0
503,212912839192,4.772283400,1.379900,Present,0,512,7300,1920,1080,000001FAD6970CF0
504,212912854949,4.773859100,1.575700,Present,0,512,7300,1920,1080,000001FAD6970CF0
505,212912865939,4.774958100,1.099000,Present,0,512,7300,1920,1080,000001FAD6970CF0
506,212912876364,4.776000600,1.042500,Present,0,512,7300,1920,1080,000001FAD6970CF0
507,212912890103,4.777374500,1.373900,Present,0,512,7300,1920,1080,000001FAD6970CF0
508,212912901453,4.778509500,1.135000,Present,0,512,7300,1920,1080,000001FAD6970CF0
509,212912918395,4.780203700,1.694200,Present,0,512,7300,1920,1080,000001FAD6970CF0
510,212912930067,4.781370900,1.167200,Present,0,512,7300,1920,1080,000001FAD6970CF0
511,212912945111,4.782875300,1.504400,Present,0,512,7300,1920,1080,000001FAD6970CF0
512,212912958652,4.784229400,1.354100,Present,0,512,7300,1920,1080,000001FAD6970CF0
513,212912971988,4.785563000,1.333600,Present,0,512,7300,1920,1080,000001FAD6970CF0
514,212912984077,4.786771900,1.208900,Present,0,512,7300,1920,1080,000001FAD6970CF0
515,212912995488,4.787913000,1.141100,Present,0,512,7300,1920,1080,000001FAD6970CF0
516,212913008493,4.789213500,1.300500,Present,0,512,7300,1920,1080,000001FAD6970CF0
517,212913020252,4.790389400,1.175900,Present,0,512,7300,1920,1080,000001FAD6970CF0
518,212913030311,4.791395300,1.005900,Present,0,512,7300,1920,1080,000001FAD6970CF0
519,212913046778,4.793042000,1.646700,Present,0,512,7300,1920,1080,000001FAD6970CF0
520,212913058859,4.794250100,1.208100,Present,0,512,7300,1920,1080,000001FAD6970CF0
521,212913074717,4.795835900,1.585800,Present,0,512,7300,1920,1080,000001FAD6970CF0
522,212913091151,4.797479300,1.643400,Present,0,512,7300,1920,1080,000001FAD6970CF0
523,212913102616,4.798625800,1.146500,Present,0,512,7300,1920,1080,000001FAD6970CF0
524,212913116526,4.800016800,1.391000,Present,0,512,7300,1920,1080,000001FAD6970CF0
525,212913128506,4.801214800,1.198000,Present,0,512,7300,1920,1080,000001FAD6970CF0
526,212913143196,4.802683800,1.469000,Present,0,512,7300,1920,1080,000001FAD6970CF0
527,212913156527,4.804016900,1.333100,Present,0,512,7300,1920,1080,000001FAD6970CF0
528,212913167566,4.805120800,1.103900,Present,0,512,7300,1920,1080,000001FAD6970CF0
529,212913179926,4.806356800,1.236000,Present,0,512,7300,1920,1080,000001FAD6970CF0
530,212913191311,4.807495300,1.138500,Present,0,512,7300,1920,1080,000001FAD6970CF0
531,212913206217,4.808985900,1.490600,Present,0,512,7300,1920,1080,000001FAD6970CF0
532,212913220768,4.810441000,1.455100,Present,0,512,7300,1920,1080,000001FAD6970CF0
533,212913234234,4.811787600,1.346600,Present,0,512,7300,1920,1080,000001FAD6970CF0
534,212913251309,4.813495100,1.707500,Present,0,512,7300,1920,1080,000001FAD6970CF0
535,212913264925,4.814856700,1.361600,Present,0,512,7300,1920,1080,000001FAD6970CF0
536,212913275054,4.815869600,1.012900,Present,0,512,7300,1920,1080,000001FAD6970CF0
537,212913285461,4.816910300,1.040700,Present,0,512,7300,1920,1080,000001FAD6970CF0
538,212913295142,4.817878400,0.968100,Present,0,512,7300,1920,1080,000001FAD6970CF0
539,212913305456,4.818909800,1.031400,Present,0,512,7300,1920,1080,000001FAD6970CF0
540,212913317771,4.820141300,1.231500,Present,0,512,7300,1920,1080,000001FAD6970CF0
541,212913334010,4.821765200,1.623900,Present,0,512,7300,1920,1080,000001FAD6970CF0
542,212913345357,4.822899900,1.134700,Present,0,512,7300,1920,1080,000001FAD6970CF0
543,212913355241,4.823888300,0.988400,Present,0,512,7300,1920,1080,000001FAD6970CF0
544,212913365356,4.824899800,1.011500,Present,0,512,7300,1920,1080,000001FAD6970CF0
545,212913379989,4.826363100,1.463300,Present,0,512,7300,1920,1080,000001FAD6970CF0
546,212913394189,4.827783100,1.420000,Present,0,512,7300,1920,1080,000001FAD6970CF0
547,212913405054,4.828869600,1.086500,Present,0,512,7300,1920,1080,000001FAD6970CF0
548,212913417577,4.830121900,1.252300,Present,0,512,7300,1920,1080,000001FAD6970CF0
549,212913429143,4.831278500,1.156600,Present,0,512,7300,1920,1080,000001FAD6970CF0
550,212913446817,4.833045900,1.767400,Present,0,512,7300,1920,1080,000001FAD6970CF0
551,212913459847,4.834348900,1.303000,Present,0,512,7300,1920,1080,000001FAD6970CF0
552,212913471124,4.835476600,1.127700,Present,0,512,7300,1920,1080,000001FAD6970CF0
553,212913481797,4.836543900,1.067300,Present,0,512,7300,1920,1080,000001FAD6970CF0
554,212913494509,4.837815100,1.271200,Present,0,512,7300,1920,1080,000001FAD6970CF0
555,212913505902,4.838954400,1.139300,Present,0,512,7300,1920,1080,000001FAD6970CF0
556,212913517916,4.840155800,1.201400,Present,0,512,7300,1920,1080,000001FAD6970CF0
557,212913530608,4.841425000,1.269200,Present,0,512,7300,1920,1080,000001FAD6970CF0
558,212913547341,4.843098300,1.673300,Present,0,512,7300,1920,1080,000001FAD6970CF0
559,212913558803,4.844244500,1.146200,Present,0,512,7300,1920,1080,000001FAD6970CF0
560,212913570676,4.845431800,1.187300,Present,0,512,7300,1920,1080,000001FAD6970CF0
561,212913582526,4.846616800,1.185000,Present,0,512,7300,1920,1080,000001FAD6970CF0
562,212913592691,4.847633300,1.016500,Present,0,512,7300,1920,1080,000001FAD6970CF0
563,212913602853,4.848649500,1.016200,Present,0,512,7300,1920,1080,000001FAD6970CF0
564,212913616926,4.850056800,1.407300,Present,0,512,7300,1920,1080,000001FAD6970CF0
565,212913632982,4.851662400,1.605600,Present,0,512,7300,1920,1080,000001FAD6970CF0
566,212913644574,4.852821600,1.159200,Present,0,512,7300,1920,1080,000001FAD6970CF0
567,212913656228,4.853987000,1.165400,Present,0,512,7300,1920,1080,000001FAD6970CF0
568,212913667207,4.855084900,1.097900,Present,0,512,7300,1920,1080,000001FAD6970CF0
569,212913684476,4.856811800,1.726900,Present,0,512,7300,1920,1080,000001FAD6970CF0
570,212913709206,4.859284800,2.473000,Present,0,512,7300,1920,1080,000001FAD6970CF0
571,212913726565,4.861020700,1.735900,Present,0,512,7300,1920,1080,000001FAD6970CF0
572,212913743830,4.862747200,1.726500,Present,0,512,7300,1920,1080,000001FAD6970CF0
573,212913761396,4.864503800,1.756600,Present,0,512,7300,1920,1080,000001FAD6970CF0
574,212913783687,4.866732900,2.229100,Present,0,512,7300,1920,1080,000001FAD6970CF0
575,212913803842,4.868748400,2.015500,Present,0,512,7300,1920,1080,000001FAD6970CF0
576,212913824376,4.870801800,2.053400,Present,0,512,7300,1920,1080,000001FAD6970CF0
577,212913839981,4.872362300,1.560500,Present,0,512,7300,1920,1080,000001FAD6970CF0
578,212914201745,4.908538700,36.176400,Present,0,512,7300,1920,1080,000001FAD6970CF0
579,212914812489,4.969613100,61.074400,Present,0,512,7300,1920,1080,000001FAD6970CF0
580,212918085552,5.296919400,327.306300,Present,0,512,7300,1920,1080,000001FAD6970CF0
581,212918184165,5.306780700,9.861300,Present,0,512,7300,1920,1080,000001FAD6970CF0
582,212918260920,5.314456200,7.675500,Present,0,512,7300,1920,1080,000001FAD6970CF0
583,212918319986,5.320362800,5.906600,Present,0,512,7300,1920,1080,000001FAD6970CF0
584,212918399102,5.328274400,7.911600,Present,0,512,7300,1920,1080,000001FAD6970CF0
585,212918458517,5.334215900,5.941500,Present,0,512,7300,1920,1080,000001FAD6970CF0
586,212918505710,5.338935200,4.719300,Present,0,512,7300,1920,1080,000001FAD6970CF0
587,212918554062,5.343770400,4.835200,Present,0,512,7300,1920,1080,000001FAD6970CF0
588,212918611943,5.349558500,5.788100,Present,0,512,7300,1920,1080,000001FAD6970CF0
589,212918658162,5.354180400,4.621900,Present,0,512,7300,1920,1080,000001FAD6970CF0
590,212918703812,5.358745400,4.565000,Present,0,512,7300,1920,1080,000001FAD6970CF0
591,212918763401,5.364704300,5.958900,Present,0,512,7300,1920,1080,000001FAD6970CF0
592,212918816469,5.370011100,5.306800,Present,0,512,7300,1920,1080,000001FAD6970CF0
593,212918912462,5.379610400,9.599300,Present,0,512,7300,1920,1080,000001FAD6970CF0
594,212918962109,5.384575100,4.964700,Present,0,512,7300,1920,1080,000001FAD6970CF0
595,212919012772,5.389641400,5.066300,Present,0,512,7300,1920,1080,000001FAD6970CF0
596,212919058897,5.394253900,4.612500,Present,0,512,7300,1920,1080,000001FAD6970CF0
597,212919120327,5.400396900,6.143000,Present,0,512,7300,1920,1080,000001FAD6970CF0
598,212919179945,5.406358700,5.961800,Present,0,512,7300,1920,1080,000001FAD6970CF0
599,212919231611,5.411525300,5.166600,Present,0,512,7300,1920,1080,000001FAD6970CF0
600,212919274956,5.415859800,4.334500,Present,0,512,7300,1920,1080,000001FAD6970CF0
601,212919329384,5.421302600,5.442800,Present,0,512,7300,1920,1080,000001FAD6970CF0
602,212919369224,5.425286600,3.984000,Present,0,512,7300,1920,1080,000001FAD6970CF0
603,212919417719,5.430136100,4.849500,Present,0,512,7300,1920,1080,000001FAD6970CF0
604,212919465329,5.434897100,4.761000,Present,0,512,7300,1920,1080,000001FAD6970CF0
605,212919503652,5.438729400,3.832300,Present,0,512,7300,1920,1080,000001FAD6970CF0
606,212919539725,5.442336700,3.607300,Present,0,512,7300,1920,1080,000001FAD6970CF0
607,212919581322,5.446496400,4.159700,Present,0,512,7300,1920,1080,000001FAD6970CF0
608,212919630094,5.451373600,4.877200,Present,0,512,7300,1920,1080,000001FAD6970CF0
609,212919669495,5.455313700,3.940100,Present,0,512,7300,1920,1080,000001FAD6970CF0
610,212919711433,5.459507500,4.193800,Present,0,512,7300,1920,1080,000001FAD6970CF0
611,212919754997,5.463863900,4.356400,Present,0,512,7300,1920,1080,000001FAD6970CF0
612,212919794843,5.467848500,3.984600,Present,0,512,7300,1920,1080,000001FAD6970CF0
613,212919839405,5.472304700,4.456200,Present,0,512,7300,1920,1080,000001FAD6970CF0
614,212919882752,5.476639400,4.334700,Present,0,512,7300,1920,1080,000001FAD6970CF0
615,212919936928,5.482057000,5.417600,Present,0,512,7300,1920,1080,000001FAD6970CF0
616,212919989190,5.487283200,5.226200,Present,0,512,7300,1920,1080,000001FAD6970CF0
617,212920032097,5.491573900,4.290700,Present,0,512,7300,1920,1080,000001FAD6970CF0
618,212920077863,5.496150500,4.576600,Present,0,512,7300,1920,1080,000001FAD6970CF0
619,212920119852,5.500349400,4.198900,Present,0,512,7300,1920,1080,000001FAD6970CF0
620,212920162416,5.504605800,4.256400,Present,0,512,7300,1920,1080,000001FAD6970CF0
621,212920205416,5.508905800,4.300000,Present,0,512,7300,1920,1080,000001FAD6970CF0
622,212920256291,5.513993300,5.087500,Present,0,512,7300,1920,1080,000001FAD6970CF0
623,212920328669,5.521231100,7.237800,Present,0,512,7300,1920,1080,000001FAD6970CF0
624,212920386945,5.527058700,5.827600,Present,0,512,7300,1920,1080,000001FAD6970CF0
625,212920448236,5.533187800,6.129100,Present,0,512,7300,1920,1080,000001FAD6970CF0
626,212920495029,5.537867100,4.679300,Present,0,512,7300,1920,1080,000001FAD6970CF0
627,212920564372,5.544801400,6.934300,Present,0,512,7300,1920,1080,000001FAD6970CF0
628,212920615274,5.549891600,5.090200,Present,0,512,7300,1920,1080,000001FAD6970CF0
629,212920667074,5.555071600,5.180000,Present,0,512,7300,1920,1080,000001FAD6970CF0
630,212920764101,5.564774300,9.702700,Present,0,512,7300,1920,1080,000001FAD6970CF0
631,212920841476,5.572511800,7.737500,Present,0,512,7300,1920,1080,000001FAD6970CF0
632,212920901681,5.578532300,6.020500,Present,0,512,7300,1920,1080,000001FAD6970CF0
633,212920983607,5.586724900,8.192600,Present,0,512,7300,1920,1080,000001FAD6970CF0
634,212921031108,5.591475000,4.750100,Present,0,512,7300,1920,1080,000001FAD6970CF0
635,212921078289,5.596193100,4.718100,Present,0,512,7300,1920,1080,000001FAD6970CF0
636,212921150856,5.603449800,7.256700,Present,0,512,7300,1920,1080,000001FAD6970CF0
637,212921202321,5.608596300,5.146500,Present,0,512,7300,1920,1080,000001FAD6970CF0
638,212921250254,5.613389600,4.793300,Present,0,512,7300,1920,1080,000001FAD6970CF0
639,212921294552,5.617819400,4.429800,Present,0,512,7300,1920,1080,000001FAD6970CF0
640,212921365960,5.624960200,7.140800,Present,0,512,7300,1920,1080,000001FAD6970CF0
641,212921410494,5.629413600,4.453400,Present,0,512,7300,1920,1080,000001FAD6970CF0
642,212921467950,5.635159200,5.745600,Present,0,512,7300,1920,1080,000001FAD6970CF0
643,212921537788,5.642143000,6.983800,Present,0,512,7300,1920,1080,000001FAD6970CF0
644,212921690120,5.657376200,15.233200,Present,0,512,7300,1920,1080,000001FAD6970CF0
645,212921740193,5.662383500,5.007300,Present,0,512,7300,1920,1080,000001FAD6970CF0
646,212921797968,5.668161000,5.777500,Present,0,512,7300,1920,1080,000001FAD6970CF0
647,212921851330,5.673497200,5.336200,Present,0,512,7300,1920,1080,000001FAD6970CF0
648,212921915617,5.679925900,6.428700,Present,0,512,7300,1920,1080,000001FAD6970CF0
649,212921972675,5.685631700,5.705800,Present,0,512,7300,1920,1080,000001FAD6970CF0
650,212922027580,5.691122200,5.490500,Present,0,512,7300,1920,1080,000001FAD6970CF0
651,212922099396,5.698303800,7.181600,Present,0,512,7300,1920,1080,000001FAD6970CF0
652,212922154605,5.703824700,5.520900,Present,0,512,7300,1920,1080,000001FAD6970CF0
653,212922207648,5.709129000,5.304300,Present,0,512,7300,1920,1080,000001FAD6970CF0
654,212922293371,5.717701300,8.572300,Present,0,512,7300,1920,1080,000001FAD6970CF0
655,212922358811,5.724245300,6.544000,Present,0,512,7300,1920,1080,000001FAD6970CF0
656,212922438481,5.732212300,7.967000,Present,0,512,7300,1920,1080,000001FAD6970CF0
657,212922490657,5.737429900,5.217600,Present,0,512,7300,1920,1080,000001FAD6970CF0
658,212922551041,5.743468300,6.038400,Present,0,512,7300,1920,1080,000001FAD6970CF0
659,212922605922,5.748956400,5.488100,Present,0,512,7300,1920,1080,000001FAD6970CF0
660,212922662243,5.754588500,5.632100,Present,0,512,7300,1920,1080,000001FAD6970CF0
661,212922715368,5.759901000,5.312500,Present,0,512,7300,1920,1080,000001FAD6970CF0
662,212922761930,5.764557200,4.656200,Present,0,512,7300,1920,1080,000001FAD6970CF0
663,212922815213,5.769885500,5.328300,Present,0,512,7300,1920,1080,000001FAD6970CF0
664,212922886727,5.777036900,7.151400,Present,0,512,7300,1920,1080,000001FAD6970CF0
665,212922935623,5.781926500,4.889600,Present,0,512,7300,1920,1080,000001FAD6970CF0
666,212923011903,5.789554500,7.628000,Present,0,512,7300,1920,1080,000001FAD6970CF0
667,212923066221,5.794986300,5.431800,Present,0,512,7300,1920,1080,000001FAD6970CF0
668,212923119295,5.800293700,5.307400,Present,0,512,7300,1920,1080,000001FAD6970CF0
669,212923175233,5.805887500,5.593800,Present,0,512,7300,1920,1080,000001FAD6970CF0
670,212923224138,5.810778000,4.890500,Present,0,512,7300,1920,1080,000001FAD6970CF0
671,212923285237,5.816887900,6.109900,Present,0,512,7300,1920,1080,000001FAD6970CF0
672,212923338607,5.822224900,5.337000,Present,0,512,7300,1920,1080,000001FAD6970CF0
673,212923384962,5.826860400,4.635500,Present,0,512,7300,1920,1080,000001FAD6970CF0
674,212923444084,5.832772600,5.912200,Present,0,512,7300,1920,1080,000001FAD6970CF0
675,212923498210,5.838185200,5.412600,Present,0,512,7300,1920,1080,000001FAD6970CF0
676,212923551968,5.843561000,5.375800,Present,0,512,7300,1920,1080,000001FAD6970CF0
677,212923604798,5.848844000,5.283000,Present,0,512,7300,1920,1080,000001FAD6970CF0
678,212923655423,5.853906500,5.062500,Present,0,512,7300,1920,1080,000001FAD6970CF0
679,212923702291,5.858593300,4.686800,Present,0,512,7300,1920,1080,000001FAD6970CF0
680,212923746872,5.863051400,4.458100,Present,0,512,7300,1920,1080,000001FAD6970CF0
681,212923811701,5.869534300,6.482900,Present,0,512,7300,1920,1080,000001FAD6970CF0
682,212923860553,5.874419500,4.885200,Present,0,512,7300,1920,1080,000001FAD6970CF0
683,212923909502,5.879314400,4.894900,Present,0,512,7300,1920,1080,000001FAD6970CF0
684,212923963700,5.884734200,5.419800,Present,0,512,7300,1920,1080,000001FAD6970CF0
685,212924012222,5.889586400,4.852200,Present,0,512,7300,1920,1080,000001FAD6970CF0
686,212924072495,5.895613700,6.027300,Present,0,512,7300,1920,1080,000001FAD6970CF0
687,212924120749,5.900439100,4.825400,Present,0,512,7300,1920,1080,000001FAD6970CF0
688,212924165160,5.904880200,4.441100,Present,0,512,7300,1920,1080,000001FAD6970CF0
689,212924220810,5.910445200,5.565000,Present,0,512,7300,1920,1080,000001FAD6970CF0
690,212924276009,5.915965100,5.519900,Present,0,512,7300,1920,1080,000001FAD6970CF0
691,212924331890,5.921553200,5.588100,Present,0,512,7300,1920,1080,000001FAD6970CF0
692,212924380057,5.926369900,4.816700,Present,0,512,7300,1920,1080,000001FAD6970CF0
693,212924427832,5.931147400,4.777500,Present,0,512,7300,1920,1080,000001FAD6970CF0
694,212924475371,5.935901300,4.753900,Present,0,512,7300,1920,1080,000001FAD6970CF0
695,212924531173,5.941481500,5.580200,Present,0,512,7300,1920,1080,000001FAD6970CF0
696,212924584417,5.946805900,5.324400,Present,0,512,7300,1920,1080,000001FAD6970CF0
697,212924629988,5.951363000,4.557100,Present,0,512,7300,1920,1080,000001FAD6970CF0
698,212924679613,5.956325500,4.962500,Present,0,512,7300,1920,1080,000001FAD6970CF0
699,212924739423,5.962306500,5.981000,Present,0,512,7300,1920,1080,000001FAD6970CF0
700,212924785125,5.966876700,4.570200,Present,0,512,7300,1920,1080,000001FAD6970CF0
701,212924837522,5.972116400,5.239700,Present,0,512,7300,1920,1080,000001FAD6970CF0
702,212924897746,5.978138800,6.022400,Present,0,512,7300,1920,1080,000001FAD6970CF0
703,212924973951,5.985759300,7.620500,Present,0,512,7300,1920,1080,000001FAD6970CF0
704,212925038896,5.992253800,6.494500,Present,0,512,7300,1920,1080,000001FAD6970CF0
705,212925096216,5.997985800,5.732000,Present,0,512,7300,1920,1080,000001FAD6970CF0
706,212925145558,6.002920000,4.934200,Present,0,512,7300,1920,1080,000001FAD6970CF0
707,212925203092,6.008673400,5.753400,Present,0,512,7300,1920,1080,000001FAD6970CF0
708,212925262873,6.014651500,5.978100,Present,0,512,7300,1920,1080,000001FAD6970CF0
709,212925319857,6.020349900,5.698400,Present,0,512,7300,1920,1080,000001FAD6970CF0
710,212925375465,6.025910700,5.560800,Present,0,512,7300,1920,1080,000001FAD6970CF0
711,212925428186,6.031182800,5.272100,Present,0,512,7300,1920,1080,000001FAD6970CF0
712,212925484097,6.036773900,5.591100,Present,0,512,7300,1920,1080,000001FAD6970CF0
713,212925539543,6.042318500,5.544600,Present,0,512,7300,1920,1080,000001FAD6970CF0
714,212925594745,6.047838700,5.520200,Present,0,512,7300,1920,1080,000001FAD6970CF0
715,212925652254,6.053589600,5.750900,Present,0,512,7300,1920,1080,000001FAD6970CF0
716,212925706593,6.059023500,5.433900,Present,0,512,7300,1920,1080,000001FAD6970CF0
717,212925756859,6.064050100,5.026600,Present,0,512,7300,1920,1080,000001FAD6970CF0
718,212925803328,6.068697000,4.646900,Present,0,512,7300,1920,1080,000001FAD6970CF0
719,212925858669,6.074231100,5.534100,Present,0,512,7300,1920,1080,000001FAD6970CF0
720,212925918856,6.080249800,6.018700,Present,0,512,7300,1920,1080,000001FAD6970CF0
721,212925967768,6.085141000,4.891200,Present,0,512,7300,1920,1080,000001FAD6970CF0
722,212926016993,6.090063500,4.922500,Present,0,512,7300,1920,1080,000001FAD6970CF0
723,212926067113,6.095075500,5.012000,Present,0,512,7300,1920,1080,000001FAD6970CF0
724,212926113452,6.099709400,4.633900,Present,0,512,7300,1920,1080,000001FAD6970CF0
725,212926167670,6.105131200,5.421800,Present,0,512,7300,1920,1080,000001FAD6970CF0
726,212926224594,6.110823600,5.692400,Present,0,512,7300,1920,1080,000001FAD6970CF0
727,212926275143,6.115878500,5.054900,Present,0,512,7300,1920,1080,000001FAD6970CF0
728,212926332769,6.121641100,5.762600,Present,0,512,7300,1920,1080,000001FAD6970CF0
729,212926377350,6.126099200,4.458100,Present,0,512,7300,1920,1080,000001FAD6970CF0
730,212926420919,6.130456100,4.356900,Present,0,512,7300,1920,1080,000001FAD6970CF0
731,212926472383,6.135602500,5.146400,Present,0,512,7300,1920,1080,000001FAD6970CF0
732,212926533026,6.141666800,6.064300,Present,0,512,7300,1920,1080,000001FAD6970CF0
733,212926579871,6.146351300,4.684500,Present,0,512,7300,1920,1080,000001FAD6970CF0
734,212926628828,6.151247000,4.895700,Present,0,512,7300,1920,1080,000001FAD6970CF0
735,212926677195,6.156083700,4.836700,Present,0,512,7300,1920,1080,000001FAD6970CF0
736,212926722304,6.160594600,4.510900,Present,0,512,7300,1920,1080,000001FAD6970CF0
737,212926777769,6.166141100,5.546500,Present,0,512,7300,1920,1080,000001FAD6970CF0
738,212926857223,6.174086500,7.945400,Present,0,512,7300,1920,1080,000001FAD6970CF0
739,212926926409,6.181005100,6.918600,Present,0,512,7300,1920,1080,000001FAD6970CF0
740,212926992117,6.187575900,6.570800,Present,0,512,7300,1920,1080,000001FAD6970CF0
741,212927070406,6.195404800,7.828900,Present,0,512,7300,1920,1080,000001FAD6970CF0
742,212927133286,6.201692800,6.288000,Present,0,512,7300,1920,1080,000001FAD6970CF0
743,212927188724,6.207236600,5.543800,Present,0,512,7300,1920,1080,000001FAD6970CF0
744,212927243713,6.212735500,5.498900,Present,0,512,7300,1920,1080,000001FAD6970CF0
745,212927298133,6.218177500,5.442000,Present,0,512,7300,1920,1080,000001FAD6970CF0
746,212927355571,6.223921300,5.743800,Present,0,512,7300,1920,1080,000001FAD6970CF0
747,212927405855,6.228949700,5.028400,Present,0,512,7300,1920,1080,000001FAD6970CF0
748,212927453084,6.233672600,4.722900,Present,0,512,7300,1920,1080,000001FAD6970CF0
749,212927501729,6.238537100,4.864500,Present,0,512,7300,1920,1080,000001FAD6970CF0
750,212927550029,6.243367100,4.830000,Present,0,512,7300,1920,1080,000001FAD6970CF0
751,212927597763,6.248140500,4.773400,Present,0,512,7300,1920,1080,000001FAD6970CF0
752,212927649712,6.253335400,5.194900,Present,0,512,7300,1920,1080,000001FAD6970CF0
753,212927709453,6.259309500,5.974100,Present,0,512,7300,1920,1080,000001FAD6970CF0
754,212927761263,6.264490500,5.181000,Present,0,512,7300,1920,1080,000001FAD6970CF0
755,212927810101,6.269374300,4.883800,Present,0,512,7300,1920,1080,000001FAD6970CF0
756,212927858613,6.274225500,4.851200,Present,0,512,7300,1920,1080,000001FAD6970CF0
757,212927912351,6.279599300,5.373800,Present,0,512,7300,1920,1080,000001FAD6970CF0
758,212927962261,6.284590300,4.991000,Present,0,512,7300,1920,1080,000001FAD6970CF0
759,212928003259,6.288690100,4.099800,Present,0,512,7300,1920,1080,000001FAD6970CF0
760,212928049718,6.293336000,4.645900,Present,0,512,7300,1920,1080,000001FAD6970CF0
761,212928101399,6.298504100,5.168100,Present,0,512,7300,1920,1080,000001FAD6970CF0
762,212928152757,6.303639900,5.135800,Present,0,512,7300,1920,1080,000001FAD6970CF0
763,212928231015,6.311465700,7.825800,Present,0,512,7300,1920,1080,000001FAD6970CF0
764,212928291956,6.317559800,6.094100,Present,0,512,7300,1920,1080,000001FAD6970CF0
765,212928339512,6.322315400,4.755600,Present,0,512,7300,1920,1080,000001FAD6970CF0
766,212928384450,6.326809200,4.493800,Present,0,512,7300,1920,1080,000001FAD6970CF0
767,212928430275,6.331391700,4.582500,Present,0,512,7300,1920,1080,000001FAD6970CF0
768,212928541046,6.342468800,11.077100,Present,0,512,7300,1920,1080,000001FAD6970CF0
769,212928604530,6.348817200,6.348400,Present,0,512,7300,1920,1080,000001FAD6970CF0
770,212928669032,6.355267400,6.450200,Present,0,512,7300,1920,1080,000001FAD6970CF0
771,212928736915,6.362055700,6.788300,Present,0,512,7300,1920,1080,000001FAD6970CF0
772,212928790164,6.367380600,5.324900,Present,0,512,7300,1920,1080,000001FAD6970CF0
773,212928836589,6.372023100,4.642500,Present,0,512,7300,1920,1080,000001FAD6970CF0
774,212928889357,6.377299900,5.276800,Present,0,512,7300,1920,1080,000001FAD6970CF0
775,212928949851,6.383349300,6.049400,Present,0,512,7300,1920,1080,000001FAD6970CF0
776,212929003536,6.388717800,5.368500,Present,0,512,7300,1920,1080,000001FAD6970CF0
777,212929068038,6.395168000,6.450200,Present,0,512,7300,1920,1080,000001FAD6970CF0
778,212929113139,6.399678100,4.510100,Present,0,512,7300,1920,1080,000001FAD6970CF0
779,212929166339,6.404998100,5.320000,Present,0,512,7300,1920,1080,000001FAD6970CF0
780,212929209518,6.409316000,4.317900,Present,0,512,7300,1920,1080,000001FAD6970CF0
781,212929261969,6.414561100,5.245100,Present,0,512,7300,1920,1080,000001FAD6970CF0
782,212929313410,6.419705200,5.144100,Present,0,512,7300,1920,1080,000001FAD6970CF0
783,212929367060,6.425070200,5.365000,Present,0,512,7300,1920,1080,000001FAD6970CF0
784,212929417447,6.430108900,5.038700,Present,0,512,7300,1920,1080,000001FAD6970CF0
785,212929474031,6.435767300,5.658400,Present,0,512,7300,1920,1080,000001FAD6970CF0
786,212929527498,6.441114000,5.346700,Present,0,512,7300,1920,1080,000001FAD6970CF0
787,212929589393,6.447303500,6.189500,Present,0,512,7300,1920,1080,000001FAD6970CF0
788,212929652670,6.453631200,6.327700,Present,0,512,7300,1920,1080,000001FAD6970CF0
789,212929707560,6.459120200,5.489000,Present,0,512,7300,1920,1080,000001FAD6970CF0
790,212929757585,6.464122700,5.002500,Present,0,512,7300,1920,1080,000001FAD6970CF0
791,212929812785,6.469642700,5.520000,Present,0,512,7300,1920,1080,000001FAD6970CF0
792,212929868440,6.475208200,5.565500,Present,0,512,7300,1920,1080,000001FAD6970CF0
793,212929951477,6.483511900,8.303700,Present,0,512,7300,1920,1080,000001FAD6970CF0
794,212930014262,6.489790400,6.278500,Present,0,512,7300,1920,1080,000001FAD6970CF0
795,212930073721,6.495736300,5.945900,Present,0,512,7300,1920,1080,000001FAD6970CF0
796,212930117058,6.500070000,4.333700,Present,0,512,7300,1920,1080,000001FAD6970CF0
797,212930194865,6.507850700,7.780700,Present,0,512,7300,1920,1080,000001FAD6970CF0
798,212930266151,6.514979300,7.128600,Present,0,512,7300,1920,1080,000001FAD6970CF0
799,212930336526,6.522016800,7.037500,Present,0,512,7300,1920,1080,000001FAD6970CF0
800,212930395312,6.527895400,5.878600,Present,0,512,7300,1920,1080,000001FAD6970CF0
801,212930450452,6.533409400,5.514000,Present,0,512,7300,1920,1080,000001FAD6970CF0
802,212930510228,6.539387000,5.977600,Present,0,512,7300,1920,1080,000001FAD6970CF0
803,212930573645,6.545728700,6.341700,Present,0,512,7300,1920,1080,000001FAD6970CF0
804,212930630538,6.551418000,5.689300,Present,0,512,7300,1920,1080,000001FAD6970CF0
805,212930687206,6.557084800,5.666800,Present,0,512,7300,1920,1080,000001FAD6970CF0
806,212930741133,6.562477500,5.392700,Present,0,512,7300,1920,1080,000001FAD6970CF0
807,212930799712,6.568335400,5.857900,Present,0,512,7300,1920,1080,000001FAD6970CF0
808,212930857816,6.574145800,5.810400,Present,0,512,7300,1920,1080,000001FAD6970CF0
809,212930911960,6.579560200,5.414400,Present,0,512,7300,1920,1080,000001FAD6970CF0
810,212930967697,6.585133900,5.573700,Present,0,512,7300,1920,1080,000001FAD6970CF0
811,212931029521,6.591316300,6.182400,Present,0,512,7300,1920,1080,000001FAD6970CF0
812,212931084538,6.596818000,5.501700,Present,0,512,7300,1920,1080,000001FAD6970CF0
813,212931142715,6.602635700,5.817700,Present,0,512,7300,1920,1080,000001FAD6970CF0
814,212931196964,6.608060600,5.424900,Present,0,512,7300,1920,1080,000001FAD6970CF0
815,212931254311,6.613795300,5.734700,Present,0,512,7300,1920,1080,000001FAD6970CF0
816,212931309982,6.619362400,5.567100,Present,0,512,7300,1920,1080,000001FAD6970CF0
817,212931363339,6.624698100,5.335700,Present,0,512,7300,1920,1080,000001FAD6970CF0
818,212931424263,6.630790500,6.092400,Present,0,512,7300,1920,1080,000001FAD6970CF0
819,212931482176,6.636581800,5.791300,Present,0,512,7300,1920,1080,000001FAD6970CF0
820,212931534272,6.641791400,5.209600,Present,0,512,7300,1920,1080,000001FAD6970CF0
821,212931594102,6.647774400,5.983000,Present,0,512,7300,1920,1080,000001FAD6970CF0
822,212931648837,6.653247900,5.473500,Present,0,512,7300,1920,1080,000001FAD6970CF0
823,212931699656,6.658329800,5.081900,Present,0,512,7300,1920,1080,000001FAD6970CF0
824,212931752611,6.663625300,5.295500,Present,0,512,7300,1920,1080,000001FAD6970CF0
825,212931804121,6.668776300,5.151000,Present,0,512,7300,1920,1080,000001FAD6970CF0
826,212931855588,6.673923000,5.146700,Present,0,512,7300,1920,1080,000001FAD6970CF0
827,212931910569,6.679421100,5.498100,Present,0,512,7300,1920,1080,000001FAD6970CF0
828,212931967563,6.685120500,5.699400,Present,0,512,7300,1920,1080,000001FAD6970CF0
829,212932026001,6.690964300,5.843800,Present,0,512,7300,1920,1080,000001FAD6970CF0
830,212932121609,6.700525100,9.560800,Present,0,512,7300,1920,1080,000001FAD6970CF0
831,212932214569,6.709821100,9.296000,Present,0,512,7300,1920,1080,000001FAD6970CF0
832,212932274454,6.715809600,5.988500,Present,0,512,7300,1920,1080,000001FAD6970CF0
833,212932351377,6.723501900,7.692300,Present,0,512,7300,1920,1080,000001FAD6970CF0
834,212932406697,6.729033900,5.532000,Present,0,512,7300,1920,1080,000001FAD6970CF0
835,212932456990,6.734063200,5.029300,Present,0,512,7300,1920,1080,000001FAD6970CF0
836,212932532333,6.741597500,7.534300,Present,0,512,7300,1920,1080,000001FAD6970CF0
837,212932592775,6.747641700,6.044200,Present,0,512,7300,1920,1080,000001FAD6970CF0
838,212932649601,6.753324300,5.682600,Present,0,512,7300,1920,1080,000001FAD6970CF0
839,212932727937,6.761157900,7.833600,Present,0,512,7300,1920,1080,000001FAD6970CF0
840,212932797793,6.768143500,6.985600,Present,0,512,7300,1920,1080,000001FAD6970CF0
841,212932857596,6.774123800,5.980300,Present,0,512,7300,1920,1080,000001FAD6970CF0
842,212932926077,6.780971900,6.848100,Present,0,512,7300,1920,1080,000001FAD6970CF0
843,212932979711,6.786335300,5.363400,Present,0,512,7300,1920,1080,000001FAD6970CF0
844,212933039264,6.792290600,5.955300,Present,0,512,7300,1920,1080,000001FAD6970CF0
845,212933108299,6.799194100,6.903500,Present,0,512,7300,1920,1080,000001FAD6970CF0
846,212933175725,6.805936700,6.742600,Present,0,512,7300,1920,1080,000001FAD6970CF0
847,212933265733,6.814937500,9.000800,Present,0,512,7300,1920,1080,000001FAD6970CF0
848,212933325184,6.820882600,5.945100,Present,0,512,7300,1920,1080,000001FAD6970CF0
849,212933393163,6.827680500,6.797900,Present,0,512,7300,1920,1080,000001FAD6970CF0
850,212933468376,6.835201800,7.521300,Present,0,512,7300,1920,1080,000001FAD6970CF0
851,212933523687,6.840732900,5.531100,Present,0,512,7300,1920,1080,000001FAD6970CF0
852,212933597900,6.848154200,7.421300,Present,0,512,7300,1920,1080,000001FAD6970CF0
853,212933657040,6.854068200,5.914000,Present,0,512,7300,1920,1080,000001FAD6970CF0
854,212933747932,6.863157400,9.089200,Present,0,512,7300,1920,1080,000001FAD6970CF0
855,212933800725,6.868436700,5.279300,Present,0,512,7300,1920,1080,000001FAD6970CF0
856,212933858066,6.874170800,5.734100,Present,0,512,7300,1920,1080,000001FAD6970CF0
857,212933917010,6.880065200,5.894400,Present,0,512,7300,1920,1080,000001FAD6970CF0
858,212933974650,6.885829200,5.764000,Present,0,512,7300,1920,1080,000001FAD6970CF0
859,212934034130,6.891777200,5.948000,Present,0,512,7300,1920,1080,000001FAD6970CF0
860,212934106255,6.898989700,7.212500,Present,0,512,7300,1920,1080,000001FAD6970CF0
861,212934158150,6.904179200,5.189500,Present,0,512,7300,1920,1080,000001FAD6970CF0
862,212934201908,6.908555000,4.375800,Present,0,512,7300,1920,1080,000001FAD6970CF0
863,212934303981,6.918762300,10.207300,Present,0,512,7300,1920,1080,000001FAD6970CF0
864,212934379014,6.926265600,7.503300,Present,0,512,7300,1920,1080,000001FAD6970CF0
865,212934446109,6.932975100,6.709500,Present,0,512,7300,1920,1080,000001FAD6970CF0
866,212934506526,6.939016800,6.041700,Present,0,512,7300,1920,1080,000001FAD6970CF0
867,212934572969,6.945661100,6.644300,Present,0,512,7300,1920,1080,000001FAD6970CF0
868,212934630680,6.951432200,5.771100,Present,0,512,7300,1920,1080,000001FAD6970CF0
869,212934692812,6.957645400,6.213200,Present,0,512,7300,1920,1080,000001FAD6970CF0
870,212934747443,6.963108500,5.463100,Present,0,512,7300,1920,1080,000001FAD6970CF0
871,212934814928,6.969857000,6.748500,Present,0,512,7300,1920,1080,000001FAD6970CF0
872,212934880752,6.976439400,6.582400,Present,0,512,7300,1920,1080,000001FAD6970CF0
873,212934942952,6.982659400,6.220000,Present,0,512,7300,1920,1080,000001FAD6970CF0
874,212935000756,6.988439800,5.780400,Present,0,512,7300,1920,1080,000001FAD6970CF0
875,212935057836,6.994147800,5.708000,Present,0,512,7300,1920,1080,000001FAD6970CF0
876,212935109713,6.999335500,5.187700,Present,0,512,7300,1920,1080,000001FAD6970CF0
877,212935171230,7.005487200,6.151700,Present,0,512,7300,1920,1080,000001FAD6970CF0
878,212935231553,7.011519500,6.032300,Present,0,512,7300,1920,1080,000001FAD6970CF0
879,212935291564,7.017520600,6.001100,Present,0,512,7300,1920,1080,000001FAD6970CF0
880,212935362389,7.024603100,7.082500,Present,0,512,7300,1920,1080,000001FAD6970CF0
881,212935414332,7.029797400,5.194300,Present,0,512,7300,1920,1080,000001FAD6970CF0
882,212935483672,7.036731400,6.934000,Present,0,512,7300,1920,1080,000001FAD6970CF0
883,212935538436,7.042207800,5.476400,Present,0,512,7300,1920,1080,000001FAD6970CF0
884,212935596926,7.048056800,5.849000,Present,0,512,7300,1920,1080,000001FAD6970CF0
885,212935654942,7.053858400,5.801600,Present,0,512,7300,1920,1080,000001FAD6970CF0
886,212935713869,7.059751100,5.892700,Present,0,512,7300,1920,1080,000001FAD6970CF0
887,212935772531,7.065617300,5.866200,Present,0,512,7300,1920,1080,000001FAD6970CF0
888,212935849281,7.073292300,7.675000,Present,0,512,7300,1920,1080,000001FAD6970CF0
889,212935907943,7.079158500,5.866200,Present,0,512,7300,1920,1080,000001FAD6970CF0
890,212935970289,7.085393100,6.234600,Present,0,512,7300,1920,1080,000001FAD6970CF0
891,212936025982,7.090962400,5.569300,Present,0,512,7300,1920,1080,000001FAD6970CF0
892,212936081255,7.096489700,5.527300,Present,0,512,7300,1920,1080,000001FAD6970CF0
893,212936134167,7.101780900,5.291200,Present,0,512,7300,1920,1080,000001FAD6970CF0
894,212936185668,7.106931000,5.150100,Present,0,512,7300,1920,1080,000001FAD6970CF0
895,212936246849,7.113049100,6.118100,Present,0,512,7300,1920,1080,000001FAD6970CF0
896,212936302243,7.118588500,5.539400,Present,0,512,7300,1920,1080,000001FAD6970CF0
897,212936360155,7.124379700,5.791200,Present,0,512,7300,1920,1080,000001FAD6970CF0
898,212936418976,7.130261800,5.882100,Present,0,512,7300,1920,1080,000001FAD6970CF0
899,212936478227,7.136186900,5.925100,Present,0,512,7300,1920,1080,000001FAD6970CF0
900,212936539335,7.142297700,6.110800,Present,0,512,7300,1920,1080,000001FAD6970CF0
901,212936595821,7.147946300,5.648600,Present,0,512,7300,1920,1080,000001FAD6970CF0
902,212936665179,7.154882100,6.935800,Present,0,512,7300,1920,1080,000001FAD6970CF0
903,212936726574,7.161021600,6.139500,Present,0,512,7300,1920,1080,000001FAD6970CF0
904,212936784237,7.166787900,5.766300,Present,0,512,7300,1920,1080,000001FAD6970CF0
905,212936835799,7.171944100,5.156200,Present,0,512,7300,1920,1080,000001FAD6970CF0
906,212936896914,7.178055600,6.111500,Present,0,512,7300,1920,1080,000001FAD6970CF0
907,212936952351,7.183599300,5.543700,Present,0,512,7300,1920,1080,000001FAD6970CF0
908,212937010937,7.189457900,5.858600,Present,0,512,7300,1920,1080,000001FAD6970CF0
909,212937066612,7.195025400,5.567500,Present,0,512,7300,1920,1080,000001FAD6970CF0
910,212937123764,7.200740600,5.715200,Present,0,512,7300,1920,1080,000001FAD6970CF0
911,212937182023,7.206566500,5.825900,Present,0,512,7300,1920,1080,000001FAD6970CF0
912,212937241263,7.212490500,5.924000,Present,0,512,7300,1920,1080,000001FAD6970CF0
913,212937300065,7.218370700,5.880200,Present,0,512,7300,1920,1080,000001FAD6970CF0
914,212937355182,7.223882400,5.511700,Present,0,512,7300,1920,1080,000001FAD6970CF0
915,212937411514,7.229515600,5.633200,Present,0,512,7300,1920,1080,000001FAD6970CF0
916,212937470850,7.235449200,5.933600,Present,0,512,7300,1920,1080,000001FAD6970CF0
917,212937531249,7.241489100,6.039900,Present,0,512,7300,1920,1080,000001FAD6970CF0
918,212937586082,7.246972400,5.483300,Present,0,512,7300,1920,1080,000001FAD6970CF0
919,212937643497,7.252713900,5.741500,Present,0,512,7300,1920,1080,000001FAD6970CF0
920,212937695920,7.257956200,5.242300,Present,0,512,7300,1920,1080,000001FAD6970CF0
921,212937754401,7.263804300,5.848100,Present,0,512,7300,1920,1080,000001FAD6970CF0
922,212937827025,7.271066700,7.262400,Present,0,512,7300,1920,1080,000001FAD6970CF0
923,212937880412,7.276405400,5.338700,Present,0,512,7300,1920,1080,000001FAD6970CF0
924,212937938623,7.282226500,5.821100,Present,0,512,7300,1920,1080,000001FAD6970CF0
925,212938004170,7.288781200,6.554700,Present,0,512,7300,1920,1080,000001FAD6970CF0
926,212938069146,7.295278800,6.497600,Present,0,512,7300,1920,1080,000001FAD6970CF0
927,212938125599,7.300924100,5.645300,Present,0,512,7300,1920,1080,000001FAD6970CF0
928,212938205409,7.308905100,7.981000,Present,0,512,7300,1920,1080,000001FAD6970CF0
929,212938269948,7.315359000,6.453900,Present,0,512,7300,1920,1080,000001FAD6970CF0
930,212938325780,7.320942200,5.583200,Present,0,512,7300,1920,1080,000001FAD6970CF0
931,212938381964,7.326560600,5.618400,Present,0,512,7300,1920,1080,000001FAD6970CF0
932,212938436281,7.331992300,5.431700,Present,0,512,7300,1920,1080,000001FAD6970CF0
933,212938493973,7.337761500,5.769200,Present,0,512,7300,1920,1080,000001FAD6970CF0
934,212938554324,7.343796600,6.035100,Present,0,512,7300,1920,1080,000001FAD6970CF0
935,212938611680,7.349532200,5.735600,Present,0,512,7300,1920,1080,000001FAD6970CF0
936,212938676754,7.356039600,6.507400,Present,0,512,7300,1920,1080,000001FAD6970CF0
937,212938746015,7.362965700,6.926100,Present,0,512,7300,1920,1080,000001FAD6970CF0
938,212938807196,7.369083800,6.118100,Present,0,512,7300,1920,1080,000001FAD6970CF0
939,212938863588,7.374723000,5.639200,Present,0,512,7300,1920,1080,000001FAD6970CF0
940,212938924825,7.380846700,6.123700,Present,0,512,7300,1920,1080,000001FAD6970CF0
941,212938982984,7.386662600,5.815900,Present,0,512,7300,1920,1080,000001FAD6970CF0
942,212939033416,7.391705800,5.043200,Present,0,512,7300,1920,1080,000001FAD6970CF0
943,212939090306,7.397394800,5.689000,Present,0,512,7300,1920,1080,000001FAD6970CF0
944,212939147825,7.403146700,5.751900,Present,0,512,7300,1920,1080,000001FAD6970CF0
945,212939209212,7.409285400,6.138700,Present,0,512,7300,1920,1080,000001FAD6970CF0
946,212939267323,7.415096500,5.811100,Present,0,512,7300,1920,1080,000001FAD6970CF0
947,212939320324,7.420396600,5.300100,Present,0,512,7300,1920,1080,000001FAD6970CF0
948,212939588869,7.447251100,26.854500,Present,0,512,7300,1920,1080,000001FAD6970CF0
949,212939653464,7.453710600,6.459500,Present,0,512,7300,1920,1080,000001FAD6970CF0
950,212939766831,7.465047300,11.336700,Present,0,512,7300,1920,1080,000001FAD6970CF0
951,212940242542,7.512618400,47.571100,Present,0,512,7300,1920,1080,000001FAD6970CF0
952,212940301447,7.518508900,5.890500,Present,0,512,7300,1920,1080,000001FAD6970CF0
953,212940362213,7.524585500,6.076600,Present,0,512,7300,1920,1080,000001FAD6970CF0
954,212940416523,7.530016500,5.431000,Present,0,512,7300,1920,1080,000001FAD6970CF0
955,212940473095,7.535673700,5.657200,Present,0,512,7300,1920,1080,000001FAD6970CF0
956,212940525365,7.540900700,5.227000,Present,0,512,7300,1920,1080,000001FAD6970CF0
957,212940588150,7.547179200,6.278500,Present,0,512,7300,1920,1080,000001FAD6970CF0
958,212940644803,7.552844500,5.665300,Present,0,512,7300,1920,1080,000001FAD6970CF0
959,212940699840,7.558348200,5.503700,Present,0,512,7300,1920,1080,000001FAD6970CF0
960,212940760523,7.564416500,6.068300,Present,0,512,7300,1920,1080,000001FAD6970CF0
961,212940828455,7.571209700,6.793200,Present,0,512,7300,1920,1080,000001FAD6970CF0
962,212940893157,7.577679900,6.470200,Present,0,512,7300,1920,1080,000001FAD6970CF0
963,212940947139,7.583078100,5.398200,Present,0,512,7300,1920,1080,000001FAD6970CF0
964,212940999290,7.588293200,5.215100,Present,0,512,7300,1920,1080,000001FAD6970CF0
965,212941051462,7.593510400,5.217200,Present,0,512,7300,1920,1080,000001FAD6970CF0
966,212941105794,7.598943600,5.433200,Present,0,512,7300,1920,1080,000001FAD6970CF0
967,212941155081,7.603872300,4.928700,Present,0,512,7300,1920,1080,000001FAD6970CF0
968,212941217559,7.610120100,6.247800,Present,0,512,7300,1920,1080,000001FAD6970CF0
969,212941278481,7.616212300,6.092200,Present,0,512,7300,1920,1080,000001FAD6970CF0
970,212941348063,7.623170500,6.958200,Present,0,512,7300,1920,1080,000001FAD6970CF0
971,212941408160,7.629180200,6.009700,Present,0,512,7300,1920,1080,000001FAD6970CF0
972,212941465622,7.634926400,5.746200,Present,0,512,7300,1920,1080,000001FAD6970CF0
973,212941577263,7.646090500,11.164100,Present,0,512,7300,1920,1080,000001FAD6970CF0
974,212941630238,7.651388000,5.297500,Present,0,512,7300,1920,1080,000001FAD6970CF0
975,212941693630,7.657727200,6.339200,Present,0,512,7300,1920,1080,000001FAD6970CF0
976,212941761467,7.664510900,6.783700,Present,0,512,7300,1920,1080,000001FAD6970CF0
977,212941827511,7.671115300,6.604400,Present,0,512,7300,1920,1080,000001FAD6970CF0
978,212941897186,7.678082800,6.967500,Present,0,512,7300,1920,1080,000001FAD6970CF0
979,212941969865,7.685350700,7.267900,Present,0,512,7300,1920,1080,000001FAD6970CF0
980,212942034338,7.691798000,6.447300,Present,0,512,7300,1920,1080,000001FAD6970CF0
981,212942094604,7.697824600,6.026600,Present,0,512,7300,1920,1080,000001FAD6970CF0
982,212942190100,7.707374200,9.549600,Present,0,512,7300,1920,1080,000001FAD6970CF0
983,212942263239,7.714688100,7.313900,Present,0,512,7300,1920,1080,000001FAD6970CF0
984,212942331298,7.721494000,6.805900,Present,0,512,7300,1920,1080,000001FAD6970CF0
985,212942389090,7.727273200,5.779200,Present,0,512,7300,1920,1080,000001FAD6970CF0
986,212942473133,7.735677500,8.404300,Present,0,512,7300,1920,1080,000001FAD6970CF0
987,212942546655,7.743029700,7.352200,Present,0,512,7300,1920,1080,000001FAD6970CF0
988,212942622637,7.750627900,7.598200,Present,0,512,7300,1920,1080,000001FAD6970CF0
989,212942692787,7.757642900,7.015000,Present,0,512,7300,1920,1080,000001FAD6970CF0
990,212942757047,7.764068900,6.426000,Present,0,512,7300,1920,1080,000001FAD6970CF0
991,212942826784,7.771042600,6.973700,Present,0,512,7300,1920,1080,000001FAD6970CF0
992,212942889469,7.777311100,6.268500,Present,0,512,7300,1920,1080,000001FAD6970CF0
993,212942944803,7.782844500,5.533400,Present,0,512,7300,1920,1080,000001FAD6970CF0
994,212942993994,7.787763600,4.919100,Present,0,512,7300,1920,1080,000001FAD6970CF0
995,212943044977,7.792861900,5.098300,Present,0,512,7300,1920,1080,000001FAD6970CF0
996,212943093549,7.797719100,4.857200,Present,0,512,7300,1920,1080,000001FAD6970CF0
997,212943159484,7.804312600,6.593500,Present,0,512,7300,1920,1080,000001FAD6970CF0
998,212943205918,7.808956000,4.643400,Present,0,512,7300,1920,1080,000001FAD6970CF0
999,212943256646,7.814028800,5.072800,Present,0,512,7300,1920,1080,000001FAD6970CF0
1000,212943323919,7.820756100,6.727300,Present,0,512,7300,1920,1080,000001FAD6970CF0
1001,212943380155,7.826379700,5.623600,Present,0,512,7300,1920,1080,000001FAD6970CF0
1002,212943440051,7.832369300,5.989600,Present,0,512,7300,1920,1080,000001FAD6970CF0
1003,212943489616,7.837325800,4.956500,Present,0,512,7300,1920,1080,000001FAD6970CF0
1004,212943557255,7.844089700,6.763900,Present,0,512,7300,1920,1080,000001FAD6970CF0
1005,212943607551,7.849119300,5.029600,Present,0,512,7300,1920,1080,000001FAD6970CF0
1006,212943654181,7.853782300,4.663000,Present,0,512,7300,1920,1080,000001FAD6970CF0
1007,212943705257,7.858889900,5.107600,Present,0,512,7300,1920,1080,000001FAD6970CF0
1008,212943760425,7.864406700,5.516800,Present,0,512,7300,1920,1080,000001FAD6970CF0
1009,212943811475,7.869511700,5.105000,Present,0,512,7300,1920,1080,000001FAD6970CF0
1010,212943863536,7.874717800,5.206100,Present,0,512,7300,1920,1080,000001FAD6970CF0
1011,212943915614,7.879925600,5.207800,Present,0,512,7300,1920,1080,000001FAD6970CF0
1012,212943962430,7.884607200,4.681600,Present,0,512,7300,1920,1080,000001FAD6970CF0
1013,212944007710,7.889135200,4.528000,Present,0,512,7300,1920,1080,000001FAD6970CF0
1014,212944061118,7.894476000,5.340800,Present,0,512,7300,1920,1080,000001FAD6970CF0
1015,212944109983,7.899362500,4.886500,Present,0,512,7300,1920,1080,000001FAD6970CF0
1016,212944156022,7.903966400,4.603900,Present,0,512,7300,1920,1080,000001FAD6970CF0
1017,212944206517,7.909015900,5.049500,Present,0,512,7300,1920,1080,000001FAD6970CF0
1018,212944254993,7.913863500,4.847600,Present,0,512,7300,1920,1080,000001FAD6970CF0
1019,212944302817,7.918645900,4.782400,Present,0,512,7300,1920,1080,000001FAD6970CF0
1020,212944352498,7.923614000,4.968100,Present,0,512,7300,1920,1080,000001FAD6970CF0
1021,212944404044,7.928768600,5.154600,Present,0,512,7300,1920,1080,000001FAD6970CF0
1022,212944459810,7.934345200,5.576600,Present,0,512,7300,1920,1080,000001FAD6970CF0
1023,212944506039,7.938968100,4.622900,Present,0,512,7300,1920,1080,000001FAD6970CF0
1024,212944554379,7.943802100,4.834000,Present,0,512,7300,1920,1080,000001FAD6970CF0
1025,212944606587,7.949022900,5.220800,Present,0,512,7300,1920,1080,000001FAD6970CF0
1026,212944661001,7.954464300,5.441400,Present,0,512,7300,1920,1080,000001FAD6970CF0
1027,212944719282,7.960292400,5.828100,Present,0,512,7300,1920,1080,000001FAD6970CF0
1028,212944774511,7.965815300,5.522900,Present,0,512,7300,1920,1080,000001FAD6970CF0
1029,212944827149,7.971079100,5.263800,Present,0,512,7300,1920,1080,000001FAD6970CF0
1030,212944892084,7.977572600,6.493500,Present,0,512,7300,1920,1080,000001FAD6970CF0
1031,212944941042,7.982468400,4.895800,Present,0,512,7300,1920,1080,000001FAD6970CF0
1032,212944986311,7.986995300,4.526900,Present,0,512,7300,1920,1080,000001FAD6970CF0
1033,212945029026,7.991266800,4.271500,Present,0,512,7300,1920,1080,000001FAD6970CF0
1034,212945082133,7.996577500,5.310700,Present,0,512,7300,1920,1080,000001FAD6970CF0
1035,212945125862,8.000950400,4.372900,Present,0,512,7300,1920,1080,000001FAD6970CF0
1036,212945174262,8.005790400,4.840000,Present,0,512,7300,1920,1080,000001FAD6970CF0
1037,212945226258,8.010990000,5.199600,Present,0,512,7300,1920,1080,000001FAD6970CF0
1038,212945278173,8.016181500,5.191500,Present,0,512,7300,1920,1080,000001FAD6970CF0
1039,212945324692,8.020833400,4.651900,Present,0,512,7300,1920,1080,000001FAD6970CF0
1040,212945377085,8.026072700,5.239300,Present,0,512,7300,1920,1080,000001FAD6970CF0
1041,212945425688,8.030933000,4.860300,Present,0,512,7300,1920,1080,000001FAD6970CF0
1042,212945472901,8.035654300,4.721300,Present,0,512,7300,1920,1080,000001FAD6970CF0
1043,212945517178,8.040082000,4.427700,Present,0,512,7300,1920,1080,000001FAD6970CF0
1044,212945566392,8.045003400,4.921400,Present,0,512,7300,1920,1080,000001FAD6970CF0
1045,212945611642,8.049528400,4.525000,Present,0,512,7300,1920,1080,000001FAD6970CF0
1046,212945654820,8.053846200,4.317800,Present,0,512,7300,1920,1080,000001FAD6970CF0
1047,212945704317,8.058795900,4.949700,Present,0,512,7300,1920,1080,000001FAD6970CF0
1048,212945764287,8.064792900,5.997000,Present,0,512,7300,1920,1080,000001FAD6970CF0
1049,212945812048,8.069569000,4.776100,Present,0,512,7300,1920,1080,000001FAD6970CF0
1050,212945861412,8.074505400,4.936400,Present,0,512,7300,1920,1080,000001FAD6970CF0
1051,212945954312,8.083795400,9.290000,Present,0,512,7300,1920,1080,000001FAD6970CF0
1052,212946041490,8.092513200,8.717800,Present,0,512,7300,1920,1080,000001FAD6970CF0
1053,212946097037,8.098067900,5.554700,Present,0,512,7300,1920,1080,000001FAD6970CF0
1054,212946145393,8.102903500,4.835600,Present,0,512,7300,1920,1080,000001FAD6970CF0
1055,212946189897,8.107353900,4.450400,Present,0,512,7300,1920,1080,000001FAD6970CF0
1056,212946250373,8.113401500,6.047600,Present,0,512,7300,1920,1080,000001FAD6970CF0
1057,212946295682,8.117932400,4.530900,Present,0,512,7300,1920,1080,000001FAD6970CF0
1058,212946340056,8.122369800,4.437400,Present,0,512,7300,1920,1080,000001FAD6970CF0
1059,212946382689,8.126633100,4.263300,Present,0,512,7300,1920,1080,000001FAD6970CF0
1060,212946430302,8.131394400,4.761300,Present,0,512,7300,1920,1080,000001FAD6970CF0
1061,212946482025,8.136566700,5.172300,Present,0,512,7300,1920,1080,000001FAD6970CF0
1062,212946536407,8.142004900,5.438200,Present,0,512,7300,1920,1080,000001FAD6970CF0
1063,212946582290,8.146593200,4.588300,Present,0,512,7300,1920,1080,000001FAD6970CF0
1064,212946632385,8.151602700,5.009500,Present,0,512,7300,1920,1080,000001FAD6970CF0
1065,212946677721,8.156136300,4.533600,Present,0,512,7300,1920,1080,000001FAD6970CF0
1066,212946729892,8.161353400,5.217100,Present,0,512,7300,1920,1080,000001FAD6970CF0
1067,212946778802,8.166244400,4.891000,Present,0,512,7300,1920,1080,000001FAD6970CF0
1068,212946854031,8.173767300,7.522900,Present,0,512,7300,1920,1080,000001FAD6970CF0
1069,212946923805,8.180744700,6.977400,Present,0,512,7300,1920,1080,000001FAD6970CF0
1070,212946987081,8.187072300,6.327600,Present,0,512,7300,1920,1080,000001FAD6970CF0
1071,212947065961,8.194960300,7.888000,Present,0,512,7300,1920,1080,000001FAD6970CF0
1072,212947145047,8.202868900,7.908600,Present,0,512,7300,1920,1080,000001FAD6970CF0
1073,212947204028,8.208767000,5.898100,Present,0,512,7300,1920,1080,000001FAD6970CF0
1074,212947252720,8.213636200,4.869200,Present,0,512,7300,1920,1080,000001FAD6970CF0
1075,212947314022,8.219766400,6.130200,Present,0,512,7300,1920,1080,000001FAD6970CF0
1076,212947539113,8.242275500,22.509100,Present,0,512,7300,1920,1080,000001FAD6970CF0
1077,212947610221,8.249386300,7.110800,Present,0,512,7300,1920,1080,000001FAD6970CF0
1078,212947699879,8.258352100,8.965800,Present,0,512,7300,1920,1080,000001FAD6970CF0
1079,212948442168,8.332581000,74.228900,Present,0,512,7300,1920,1080,000001FAD6970CF0
1080,212948490688,8.337433000,4.852000,Present,0,512,7300,1920,1080,000001FAD6970CF0
1081,212948546491,8.343013300,5.580300,Present,0,512,7300,1920,1080,000001FAD6970CF0
1082,212948597917,8.348155900,5.142600,Present,0,512,7300,1920,1080,000001FAD6970CF0
1083,212948648266,8.353190800,5.034900,Present,0,512,7300,1920,1080,000001FAD6970CF0
1084,212948705150,8.358879200,5.688400,Present,0,512,7300,1920,1080,000001FAD6970CF0
1085,212948748300,8.363194200,4.315000,Present,0,512,7300,1920,1080,000001FAD6970CF0
1086,212948800798,8.368444000,5.249800,Present,0,512,7300,1920,1080,000001FAD6970CF0
1087,212948858444,8.374208600,5.764600,Present,0,512,7300,1920,1080,000001FAD6970CF0
1088,212948915617,8.379925900,5.717300,Present,0,512,7300,1920,1080,000001FAD6970CF0
1089,212948969014,8.385265600,5.339700,Present,0,512,7300,1920,1080,000001FAD6970CF0
1090,212949033785,8.391742700,6.477100,Present,0,512,7300,1920,1080,000001FAD6970CF0
1091,212949086193,8.396983500,5.240800,Present,0,512,7300,1920,1080,000001FAD6970CF0
1092,212949139890,8.402353200,5.369700,Present,0,512,7300,1920,1080,000001FAD6970CF0
1093,212949186841,8.407048300,4.695100,Present,0,512,7300,1920,1080,000001FAD6970CF0
1094,212949233544,8.411718600,4.670300,Present,0,512,7300,1920,1080,000001FAD6970CF0
1095,212949277520,8.416116200,4.397600,Present,0,512,7300,1920,1080,000001FAD6970CF0
1096,212949346364,8.423000600,6.884400,Present,0,512,7300,1920,1080,000001FAD6970CF0
1097,212949413573,8.429721500,6.720900,Present,0,512,7300,1920,1080,000001FAD6970CF0
1098,212949464660,8.434830200,5.108700,Present,0,512,7300,1920,1080,000001FAD6970CF0
1099,212949512037,8.439567900,4.737700,Present,0,512,7300,1920,1080,000001FAD6970CF0
1100,212949557286,8.444092800,4.524900,Present,0,512,7300,1920,1080,000001FAD6970CF0
1101,212949645601,8.452924300,8.831500,Present,0,512,7300,1920,1080,000001FAD6970CF0
1102,212949698191,8.458183300,5.259000,Present,0,512,7300,1920,1080,000001FAD6970CF0
1103,212949748464,8.463210600,5.027300,Present,0,512,7300,1920,1080,000001FAD6970CF0
1104,212949794722,8.467836400,4.625800,Present,0,512,7300,1920,1080,000001FAD6970CF0
1105,212949843313,8.472695500,4.859100,Present,0,512,7300,1920,1080,000001FAD6970CF0
1106,212949890368,8.477401000,4.705500,Present,0,512,7300,1920,1080,000001FAD6970CF0
1107,212949942343,8.482598500,5.197500,Present,0,512,7300,1920,1080,000001FAD6970CF0
1108,212949988888,8.487253000,4.654500,Present,0,512,7300,1920,1080,000001FAD6970CF0
1109,212950031962,8.491560400,4.307400,Present,0,512,7300,1920,1080,000001FAD6970CF0
1110,212950084042,8.496768400,5.208000,Present,0,512,7300,1920,1080,000001FAD6970CF0
1111,212950135781,8.501942300,5.173900,Present,0,512,7300,1920,1080,000001FAD6970CF0
1112,212950182692,8.506633400,4.691100,Present,0,512,7300,1920,1080,000001FAD6970CF0
1113,212950233179,8.511682100,5.048700,Present,0,512,7300,1920,1080,000001FAD6970CF0
1114,212950289581,8.517322300,5.640200,Present,0,512,7300,1920,1080,000001FAD6970CF0
1115,212950335972,8.521961400,4.639100,Present,0,512,7300,1920,1080,000001FAD6970CF0
1116,212950500382,8.538402400,16.441000,Present,0,512,7300,1920,1080,000001FAD6970CF0
1117,212950552551,8.543619300,5.216900,Present,0,512,7300,1920,1080,000001FAD6970CF0
1118,212950607220,8.549086200,5.466900,Present,0,512,7300,1920,1080,000001FAD6970CF0
1119,212950882240,8.576588200,27.502000,Present,0,512,7300,1920,1080,000001FAD6970CF0
1120,212950941830,8.582547200,5.959000,Present,0,512,7300,1920,1080,000001FAD6970CF0
1121,212951003144,8.588678600,6.131400,Present,0,512,7300,1920,1080,000001FAD6970CF0
1122,212951056689,8.594033100,5.354500,Present,0,512,7300,1920,1080,000001FAD6970CF0
1123,212951113788,8.599743000,5.709900,Present,0,512,7300,1920,1080,000001FAD6970CF0
1124,212951177354,8.606099600,6.356600,Present,0,512,7300,1920,1080,000001FAD6970CF0
1125,212951227757,8.611139900,5.040300,Present,0,512,7300,1920,1080,000001FAD6970CF0
1126,212951274243,8.615788500,4.648600,Present,0,512,7300,1920,1080,000001FAD6970CF0
1127,212951317992,8.620163400,4.374900,Present,0,512,7300,1920,1080,000001FAD6970CF0
1128,212951366480,8.625012200,4.848800,Present,0,512,7300,1920,1080,000001FAD6970CF0
1129,212951419095,8.630273700,5.261500,Present,0,512,7300,1920,1080,000001FAD6970CF0
1130,212951466138,8.634978000,4.704300,Present,0,512,7300,1920,1080,000001FAD6970CF0
1131,212951515019,8.639866100,4.888100,Present,0,512,7300,1920,1080,000001FAD6970CF0
1132,212951564135,8.644777700,4.911600,Present,0,512,7300,1920,1080,000001FAD6970CF0
1133,212951622496,8.650613800,5.836100,Present,0,512,7300,1920,1080,000001FAD6970CF0
1134,212951674783,8.655842500,5.228700,Present,0,512,7300,1920,1080,000001FAD6970CF0
1135,212951722269,8.660591100,4.748600,Present,0,512,7300,1920,1080,000001FAD6970CF0
1136,212951771502,8.665514400,4.923300,Present,0,512,7300,1920,1080,000001FAD6970CF0
1137,212951820906,8.670454800,4.940400,Present,0,512,7300,1920,1080,000001FAD6970CF0
1138,212951864461,8.674810300,4.355500,Present,0,512,7300,1920,1080,000001FAD6970CF0
1139,212951917468,8.680111000,5.300700,Present,0,512,7300,1920,1080,000001FAD6970CF0
1140,212951965069,8.684871100,4.760100,Present,0,512,7300,1920,1080,000001FAD6970CF0
1141,212952051893,8.693553500,8.682400,Present,0,512,7300,1920,1080,000001FAD6970CF0
1142,212952101717,8.698535900,4.982400,Present,0,512,7300,1920,1080,000001FAD6970CF0
1143,212952156718,8.704036000,5.500100,Present,0,512,7300,1920,1080,000001FAD6970CF0
1144,212952215108,8.709875000,5.839000,Present,0,512,7300,1920,1080,000001FAD6970CF0
1145,212952275646,8.715928800,6.053800,Present,0,512,7300,1920,1080,000001FAD6970CF0
1146,212952322021,8.720566300,4.637500,Present,0,512,7300,1920,1080,000001FAD6970CF0
1147,212952384491,8.726813300,6.247000,Present,0,512,7300,1920,1080,000001FAD6970CF0
1148,212952436231,8.731987300,5.174000,Present,0,512,7300,1920,1080,000001FAD6970CF0
1149,212952486237,8.736987900,5.000600,Present,0,512,7300,1920,1080,000001FAD6970CF0
1150,212952530800,8.741444200,4.456300,Present,0,512,7300,1920,1080,000001FAD6970CF0
1151,212952657229,8.754087100,12.642900,Present,0,512,7300,1920,1080,000001FAD6970CF0
1152,212952719501,8.760314300,6.227200,Present,0,512,7300,1920,1080,000001FAD6970CF0
1153,212952770331,8.765397300,5.083000,Present,0,512,7300,1920,1080,000001FAD6970CF0
1154,212953302445,8.818608700,53.211400,Present,0,512,7300,1920,1080,000001FAD6970CF0
1155,212953352512,8.823615400,5.006700,Present,0,512,7300,1920,1080,000001FAD6970CF0
1156,212953401397,8.828503900,4.888500,Present,0,512,7300,1920,1080,000001FAD6970CF0
1157,212953456967,8.834060900,5.557000,Present,0,512,7300,1920,1080,000001FAD6970CF0
1158,212953503653,8.838729500,4.668600,Present,0,512,7300,1920,1080,000001FAD6970CF0
1159,212953547130,8.843077200,4.347700,Present,0,512,7300,1920,1080,000001FAD6970CF0
1160,212953590839,8.847448100,4.370900,Present,0,512,7300,1920,1080,000001FAD6970CF0
1161,212953641323,8.852496500,5.048400,Present,0,512,7300,1920,1080,000001FAD6970CF0
1162,212953694947,8.857858900,5.362400,Present,0,512,7300,1920,1080,000001FAD6970CF0
1163,212953739291,8.862293300,4.434400,Present,0,512,7300,1920,1080,000001FAD6970CF0
1164,212953786970,8.867061200,4.767900,Present,0,512,7300,1920,1080,000001FAD6970CF0
1165,212953838399,8.872204100,5.142900,Present,0,512,7300,1920,1080,000001FAD6970CF0
1166,212953885898,8.876954000,4.749900,Present,0,512,7300,1920,1080,000001FAD6970CF0
1167,212953928285,8.881192700,4.238700,Present,0,512,7300,1920,1080,000001FAD6970CF0
1168,212953994147,8.887778900,6.586200,Present,0,512,7300,1920,1080,000001FAD6970CF0
1169,212954056699,8.894034100,6.255200,Present,0,512,7300,1920,1080,000001FAD6970CF0
1170,212954108399,8.899204100,5.170000,Present,0,512,7300,1920,1080,000001FAD6970CF0
1171,212954170735,8.905437700,6.233600,Present,0,512,7300,1920,1080,000001FAD6970CF0
1172,212954231160,8.911480200,6.042500,Present,0,512,7300,1920,1080,000001FAD6970CF0
1173,212954291546,8.917518800,6.038600,Present,0,512,7300,1920,1080,000001FAD6970CF0
1174,212954344242,8.922788400,5.269600,Present,0,512,7300,1920,1080,000001FAD6970CF0
1175,212954395362,8.927900400,5.112000,Present,0,512,7300,1920,1080,000001FAD6970CF0
1176,212954485266,8.936890800,8.990400,Present,0,512,7300,1920,1080,000001FAD6970CF0
1177,212954529690,8.941333200,4.442400,Present,0,512,7300,1920,1080,000001FAD6970CF0
1178,212954573226,8.945686800,4.353600,Present,0,512,7300,1920,1080,000001FAD6970CF0
1179,212954627539,8.951118100,5.431300,Present,0,512,7300,1920,1080,000001FAD6970CF0
1180,212954679642,8.956328400,5.210300,Present,0,512,7300,1920,1080,000001FAD6970CF0
1181,212954730780,8.961442200,5.113800,Present,0,512,7300,1920,1080,000001FAD6970CF0
1182,212954773105,8.965674700,4.232500,Present,0,512,7300,1920,1080,000001FAD6970CF0
1183,212954821554,8.970519600,4.844900,Present,0,512,7300,1920,1080,000001FAD6970CF0
1184,212954871354,8.975499600,4.980000,Present,0,512,7300,1920,1080,000001FAD6970CF0
1185,212954926913,8.981055500,5.555900,Present,0,512,7300,1920,1080,000001FAD6970CF0
1186,212954983258,8.986690000,5.634500,Present,0,512,7300,1920,1080,000001FAD6970CF0
1187,212955030587,8.991422900,4.732900,Present,0,512,7300,1920,1080,000001FAD6970CF0
1188,212955088745,8.997238700,5.815800,Present,0,512,7300,1920,1080,000001FAD6970CF0
1189,212955134498,9.001814000,4.575300,Present,0,512,7300,1920,1080,000001FAD6970CF0
1190,212955184482,9.006812400,4.998400,Present,0,512,7300,1920,1080,000001FAD6970CF0
1191,212955232861,9.011650300,4.837900,Present,0,512,7300,1920,1080,000001FAD6970CF0
1192,212955282193,9.016583500,4.933200,Present,0,512,7300,1920,1080,000001FAD6970CF0
1193,212955325043,9.020868500,4.285000,Present,0,512,7300,1920,1080,000001FAD6970CF0
1194,212955382841,9.026648300,5.779800,Present,0,512,7300,1920,1080,000001FAD6970CF0
1195,212955431036,9.031467800,4.819500,Present,0,512,7300,1920,1080,000001FAD6970CF0
1196,212955486607,9.037024900,5.557100,Present,0,512,7300,1920,1080,000001FAD6970CF0
1197,212955551022,9.043466400,6.441500,Present,0,512,7300,1920,1080,000001FAD6970CF0
1198,212955595537,9.047917900,4.451500,Present,0,512,7300,1920,1080,000001FAD6970CF0
1199,212955636626,9.052026800,4.108900,Present,0,512,7300,1920,1080,000001FAD6970CF0
1200,212955691222,9.057486400,5.459600,Present,0,512,7300,1920,1080,000001FAD6970CF0
1201,212955734711,9.061835300,4.348900,Present,0,512,7300,1920,1080,000001FAD6970CF0
1202,212955815840,9.069948200,8.112900,Present,0,512,7300,1920,1080,000001FAD6970CF0
1203,212955863975,9.074761700,4.813500,Present,0,512,7300,1920,1080,000001FAD6970CF0
1204,212955911228,9.079487000,4.725300,Present,0,512,7300,1920,1080,000001FAD6970CF0
1205,212955965355,9.084899700,5.412700,Present,0,512,7300,1920,1080,000001FAD6970CF0
1206,212956023157,9.090679900,5.780200,Present,0,512,7300,1920,1080,000001FAD6970CF0
1207,212956075814,9.095945600,5.265700,Present,0,512,7300,1920,1080,000001FAD6970CF0
1208,212956126221,9.100986300,5.040700,Present,0,512,7300,1920,1080,000001FAD6970CF0
1209,212956176174,9.105981600,4.995300,Present,0,512,7300,1920,1080,000001FAD6970CF0
1210,212956230937,9.111457900,5.476300,Present,0,512,7300,1920,1080,000001FAD6970CF0
1211,212956294371,9.117801300,6.343400,Present,0,512,7300,1920,1080,000001FAD6970CF0
1212,212956344094,9.122773600,4.972300,Present,0,512,7300,1920,1080,000001FAD6970CF0
1213,212956398317,9.128195900,5.422300,Present,0,512,7300,1920,1080,000001FAD6970CF0
1214,212956455001,9.133864300,5.668400,Present,0,512,7300,1920,1080,000001FAD6970CF0
1215,212956503650,9.138729200,4.864900,Present,0,512,7300,1920,1080,000001FAD6970CF0
1216,212956550627,9.143426900,4.697700,Present,0,512,7300,1920,1080,000001FAD6970CF0
1217,212956601600,9.148524200,5.097300,Present,0,512,7300,1920,1080,000001FAD6970CF0
1218,212956659542,9.154318400,5.794200,Present,0,512,7300,1920,1080,000001FAD6970CF0
1219,212956705995,9.158963700,4.645300,Present,0,512,7300,1920,1080,000001FAD6970CF0
1220,212956753198,9.163684000,4.720300,Present,0,512,7300,1920,1080,000001FAD6970CF0
1221,212956800829,9.168447100,4.763100,Present,0,512,7300,1920,1080,000001FAD6970CF0
1222,212956853525,9.173716700,5.269600,Present,0,512,7300,1920,1080,000001FAD6970CF0
1223,212956897786,9.178142800,4.426100,Present,0,512,7300,1920,1080,000001FAD6970CF0
1224,212956942663,9.182630500,4.487700,Present,0,512,7300,1920,1080,000001FAD6970CF0
1225,212956999647,9.188328900,5.698400,Present,0,512,7300,1920,1080,000001FAD6970CF0
1226,212957042047,9.192568900,4.240000,Present,0,512,7300,1920,1080,000001FAD6970CF0
1227,212957098457,9.198209900,5.641000,Present,0,512,7300,1920,1080,000001FAD6970CF0
1228,212957149136,9.203277800,5.067900,Present,0,512,7300,1920,1080,000001FAD6970CF0
1229,212957196154,9.207979600,4.701800,Present,0,512,7300,1920,1080,000001FAD6970CF0
1230,212957245857,9.212949900,4.970300,Present,0,512,7300,1920,1080,000001FAD6970CF0
1231,212957299321,9.218296300,5.346400,Present,0,512,7300,1920,1080,000001FAD6970CF0
1232,212957347813,9.223145500,4.849200,Present,0,512,7300,1920,1080,000001FAD6970CF0
1233,212957408251,9.229189300,6.043800,Present,0,512,7300,1920,1080,000001FAD6970CF0
1234,212957463728,9.234737000,5.547700,Present,0,512,7300,1920,1080,000001FAD6970CF0
1235,212957531847,9.241548900,6.811900,Present,0,512,7300,1920,1080,000001FAD6970CF0
1236,212957587039,9.247068100,5.519200,Present,0,512,7300,1920,1080,000001FAD6970CF0
1237,212957642845,9.252648700,5.580600,Present,0,512,7300,1920,1080,000001FAD6970CF0
1238,212957689609,9.257325100,4.676400,Present,0,512,7300,1920,1080,000001FAD6970CF0
1239,212957740552,9.262419400,5.094300,Present,0,512,7300,1920,1080,000001FAD6970CF0
1240,212957791701,9.267534300,5.114900,Present,0,512,7300,1920,1080,000001FAD6970CF0
1241,212957845290,9.272893200,5.358900,Present,0,512,7300,1920,1080,000001FAD6970CF0
1242,212957888708,9.277235000,4.341800,Present,0,512,7300,1920,1080,000001FAD6970CF0
1243,212957927935,9.281157700,3.922700,Present,0,512,7300,1920,1080,000001FAD6970CF0
1244,212957976355,9.285999700,4.842000,Present,0,512,7300,1920,1080,000001FAD6970CF0
1245,212958033437,9.291707900,5.708200,Present,0,512,7300,1920,1080,000001FAD6970CF0
1246,212958114172,9.299781400,8.073500,Present,0,512,7300,1920,1080,000001FAD6970CF0
1247,212958163106,9.304674800,4.893400,Present,0,512,7300,1920,1080,000001FAD6970CF0
1248,212958208997,9.309263900,4.589100,Present,0,512,7300,1920,1080,000001FAD6970CF0
1249,212958255256,9.313889800,4.625900,Present,0,512,7300,1920,1080,000001FAD6970CF0
1250,212958318135,9.320177700,6.287900,Present,0,512,7300,1920,1080,000001FAD6970CF0
1251,212958367248,9.325089000,4.911300,Present,0,512,7300,1920,1080,000001FAD6970CF0
1252,212958416900,9.330054200,4.965200,Present,0,512,7300,1920,1080,000001FAD6970CF0
1253,212958476389,9.336003100,5.948900,Present,0,512,7300,1920,1080,000001FAD6970CF0
1254,212958529818,9.341346000,5.342900,Present,0,512,7300,1920,1080,000001FAD6970CF0
1255,212958580428,9.346407000,5.061000,Present,0,512,7300,1920,1080,000001FAD6970CF0
1256,212958632899,9.351654100,5.247100,Present,0,512,7300,1920,1080,000001FAD6970CF0
1257,212958684324,9.356796600,5.142500,Present,0,512,7300,1920,1080,000001FAD6970CF0
1258,212958736796,9.362043800,5.247200,Present,0,512,7300,1920,1080,000001FAD6970CF0
1259,212958783563,9.366720500,4.676700,Present,0,512,7300,1920,1080,000001FAD6970CF0
1260,212958825350,9.370899200,4.178700,Present,0,512,7300,1920,1080,000001FAD6970CF0
1261,212958878578,9.376222000,5.322800,Present,0,512,7300,1920,1080,000001FAD6970CF0
1262,212958950706,9.383434800,7.212800,Present,0,512,7300,1920,1080,000001FAD6970CF0
1263,212958991268,9.387491000,4.056200,Present,0,512,7300,1920,1080,000001FAD6970CF0
1264,212959074439,9.395808100,8.317100,Present,0,512,7300,1920,1080,000001FAD6970CF0
1265,212959113595,9.399723700,3.915600,Present,0,512,7300,1920,1080,000001FAD6970CF0
1266,212959163622,9.404726400,5.002700,Present,0,512,7300,1920,1080,000001FAD6970CF0
1267,212959209171,9.409281300,4.554900,Present,0,512,7300,1920,1080,000001FAD6970CF0
1268,212959341826,9.422546800,13.265500,Present,0,512,7300,1920,1080,000001FAD6970CF0
1269,212959384235,9.426787700,4.240900,Present,0,512,7300,1920,1080,000001FAD6970CF0
1270,212959426794,9.431043600,4.255900,Present,0,512,7300,1920,1080,000001FAD6970CF0
1271,212959468750,9.435239200,4.195600,Present,0,512,7300,1920,1080,000001FAD6970CF0
1272,212959517334,9.440097600,4.858400,Present,0,512,7300,1920,1080,000001FAD6970CF0
1273,212959559560,9.444320200,4.222600,Present,0,512,7300,1920,1080,000001FAD6970CF0
1274,212959597209,9.448085100,3.764900,Present,0,512,7300,1920,1080,000001FAD6970CF0
1275,212959642544,9.452618600,4.533500,Present,0,512,7300,1920,1080,000001FAD6970CF0
1276,212959680899,9.456454100,3.835500,Present,0,512,7300,1920,1080,000001FAD6970CF0
1277,212959725251,9.460889300,4.435200,Present,0,512,7300,1920,1080,000001FAD6970CF0
1278,212959772774,9.465641600,4.752300,Present,0,512,7300,1920,1080,000001FAD6970CF0
1279,212959841279,9.472492100,6.850500,Present,0,512,7300,1920,1080,000001FAD6970CF0
1280,212959889760,9.477340200,4.848100,Present,0,512,7300,1920,1080,000001FAD6970CF0
1281,212959942283,9.482592500,5.252300,Present,0,512,7300,1920,1080,000001FAD6970CF0
1282,212959986240,9.486988200,4.395700,Present,0,512,7300,1920,1080,000001FAD6970CF0
1283,212960034523,9.491816500,4.828300,Present,0,512,7300,1920,1080,000001FAD6970CF0
1284,212960103448,9.498709000,6.892500,Present,0,512,7300,1920,1080,000001FAD6970CF0
1285,212960164110,9.504775200,6.066200,Present,0,512,7300,1920,1080,000001FAD6970CF0
1286,212960210277,9.509391900,4.616700,Present,0,512,7300,1920,1080,000001FAD6970CF0
1287,212960252565,9.513620700,4.228800,Present,0,512,7300,1920,1080,000001FAD6970CF0
1288,212960291514,9.517515600,3.894900,Present,0,512,7300,1920,1080,000001FAD6970CF0
1289,212960337426,9.522106800,4.591200,Present,0,512,7300,1920,1080,000001FAD6970CF0
1290,212960379310,9.526295200,4.188400,Present,0,512,7300,1920,1080,000001FAD6970CF0
1291,212960423605,9.530724700,4.429500,Present,0,512,7300,1920,1080,000001FAD6970CF0
1292,212960467057,9.535069900,4.345200,Present,0,512,7300,1920,1080,000001FAD6970CF0
1293,212960507027,9.539066900,3.997000,Present,0,512,7300,1920,1080,000001FAD6970CF0
1294,212960548120,9.543176200,4.109300,Present,0,512,7300,1920,1080,000001FAD6970CF0
1295,212960585109,9.546875100,3.698900,Present,0,512,7300,1920,1080,000001FAD6970CF0
1296,212960622708,9.550635000,3.759900,Present,0,512,7300,1920,1080,000001FAD6970CF0
1297,212960663489,9.554713100,4.078100,Present,0,512,7300,1920,1080,000001FAD6970CF0
1298,212960704288,9.558793000,4.079900,Present,0,512,7300,1920,1080,000001FAD6970CF0
1299,212960748663,9.563230500,4.437500,Present,0,512,7300,1920,1080,000001FAD6970CF0
1300,212960793663,9.567730500,4.500000,Present,0,512,7300,1920,1080,000001FAD6970CF0
1301,212960837457,9.572109900,4.379400,Present,0,512,7300,1920,1080,000001FAD6970CF0
1302,212960878097,9.576173900,4.064000,Present,0,512,7300,1920,1080,000001FAD6970CF0
1303,212960957158,9.584080000,7.906100,Present,0,512,7300,1920,1080,000001FAD6970CF0
1304,212961007632,9.589127400,5.047400,Present,0,512,7300,1920,1080,000001FAD6970CF0
1305,212961078719,9.596236100,7.108700,Present,0,512,7300,1920,1080,000001FAD6970CF0
1306,212961126880,9.601052200,4.816100,Present,0,512,7300,1920,1080,000001FAD6970CF0
1307,212961176961,9.606060300,5.008100,Present,0,512,7300,1920,1080,000001FAD6970CF0
1308,212961220611,9.610425300,4.365000,Present,0,512,7300,1920,1080,000001FAD6970CF0
1309,212961271193,9.615483500,5.058200,Present,0,512,7300,1920,1080,000001FAD6970CF0
1310,212961324247,9.620788900,5.305400,Present,0,512,7300,1920,1080,000001FAD6970CF0
1311,212961368048,9.625169000,4.380100,Present,0,512,7300,1920,1080,000001FAD6970CF0
1312,212961408781,9.629242300,4.073300,Present,0,512,7300,1920,1080,000001FAD6970CF0
1313,212961453384,9.633702600,4.460300,Present,0,512,7300,1920,1080,000001FAD6970CF0
1314,212961494286,9.637792800,4.090200,Present,0,512,7300,1920,1080,000001FAD6970CF0
1315,212961535273,9.641891500,4.098700,Present,0,512,7300,1920,1080,000001FAD6970CF0
1316,212961578411,9.646205300,4.313800,Present,0,512,7300,1920,1080,000001FAD6970CF0
1317,212961625074,9.650871600,4.666300,Present,0,512,7300,1920,1080,000001FAD6970CF0
1318,212961677345,9.656098700,5.227100,Present,0,512,7300,1920,1080,000001FAD6970CF0
1319,212961717885,9.660152700,4.054000,Present,0,512,7300,1920,1080,000001FAD6970CF0
1320,212961761547,9.664518900,4.366200,Present,0,512,7300,1920,1080,000001FAD6970CF0
1321,212961800130,9.668377200,3.858300,Present,0,512,7300,1920,1080,000001FAD6970CF0
1322,212961849140,9.673278200,4.901000,Present,0,512,7300,1920,1080,000001FAD6970CF0
1323,212961893181,9.677682300,4.404100,Present,0,512,7300,1920,1080,000001FAD6970CF0
1324,212961933543,9.681718500,4.036200,Present,0,512,7300,1920,1080,000001FAD6970CF0
1325,212961972207,9.685584900,3.866400,Present,0,512,7300,1920,1080,000001FAD6970CF0
1326,212962010064,9.689370600,3.785700,Present,0,512,7300,1920,1080,000001FAD6970CF0
1327,212962052697,9.693633900,4.263300,Present,0,512,7300,1920,1080,000001FAD6970CF0
1328,212962092574,9.697621600,3.987700,Present,0,512,7300,1920,1080,000001FAD6970CF0
1329,212962149868,9.703351000,5.729400,Present,0,512,7300,1920,1080,000001FAD6970CF0
1330,212962192949,9.707659100,4.308100,Present,0,512,7300,1920,1080,000001FAD6970CF0
1331,212962228700,9.711234200,3.575100,Present,0,512,7300,1920,1080,000001FAD6970CF0
1332,212962268680,9.715232200,3.998000,Present,0,512,7300,1920,1080,000001FAD6970CF0
1333,212962314442,9.719808400,4.576200,Present,0,512,7300,1920,1080,000001FAD6970CF0
1334,212962361536,9.724517800,4.709400,Present,0,512,7300,1920,1080,000001FAD6970CF0
1335,212962401646,9.728528800,4.011000,Present,0,512,7300,1920,1080,000001FAD6970CF0
1336,212962451538,9.733518000,4.989200,Present,0,512,7300,1920,1080,000001FAD6970CF0
1337,212962496476,9.738011800,4.493800,Present,0,512,7300,1920,1080,000001FAD6970CF0
1338,212962547953,9.743159500,5.147700,Present,0,512,7300,1920,1080,000001FAD6970CF0
1339,212962587241,9.747088300,3.928800,Present,0,512,7300,1920,1080,000001FAD6970CF0
1340,212962628232,9.751187400,4.099100,Present,0,512,7300,1920,1080,000001FAD6970CF0
1341,212962670164,9.755380600,4.193200,Present,0,512,7300,1920,1080,000001FAD6970CF0
1342,212962715725,9.759936700,4.556100,Present,0,512,7300,1920,1080,000001FAD6970CF0
1343,212962760962,9.764460400,4.523700,Present,0,512,7300,1920,1080,000001FAD6970CF0
1344,212962802289,9.768593100,4.132700,Present,0,512,7300,1920,1080,000001FAD6970CF0
1345,212962839311,9.772295300,3.702200,Present,0,512,7300,1920,1080,000001FAD6970CF0
1346,212962887338,9.777098000,4.802700,Present,0,512,7300,1920,1080,000001FAD6970CF0
1347,212962928345,9.781198700,4.100700,Present,0,512,7300,1920,1080,000001FAD6970CF0
1348,212962970894,9.785453600,4.254900,Present,0,512,7300,1920,1080,000001FAD6970CF0
1349,212963017054,9.790069600,4.616000,Present,0,512,7300,1920,1080,000001FAD6970CF0
1350,212963063922,9.794756400,4.686800,Present,0,512,7300,1920,1080,000001FAD6970CF0
1351,212963102527,9.798616900,3.860500,Present,0,512,7300,1920,1080,000001FAD6970CF0
1352,212963139555,9.802319700,3.702800,Present,0,512,7300,1920,1080,000001FAD6970CF0
1353,212963176770,9.806041200,3.721500,Present,0,512,7300,1920,1080,000001FAD6970CF0
1354,212963214312,9.809795400,3.754200,Present,0,512,7300,1920,1080,000001FAD6970CF0
1355,212963252685,9.813632700,3.837300,Present,0,512,7300,1920,1080,000001FAD6970CF0
1356,212963294334,9.817797600,4.164900,Present,0,512,7300,1920,1080,000001FAD6970CF0
1357,212963337068,9.822071000,4.273400,Present,0,512,7300,1920,1080,000001FAD6970CF0
1358,212963379860,9.826350200,4.279200,Present,0,512,7300,1920,1080,000001FAD6970CF0
1359,212963424206,9.830784800,4.434600,Present,0,512,7300,1920,1080,000001FAD6970CF0
1360,212963467557,9.835119900,4.335100,Present,0,512,7300,1920,1080,000001FAD6970CF0
1361,212963508876,9.839251800,4.131900,Present,0,512,7300,1920,1080,000001FAD6970CF0
1362,212963566295,9.844993700,5.741900,Present,0,512,7300,1920,1080,000001FAD6970CF0
1363,212963614068,9.849771000,4.777300,Present,0,512,7300,1920,1080,000001FAD6970CF0
1364,212963656453,9.854009500,4.238500,Present,0,512,7300,1920,1080,000001FAD6970CF0
1365,212963707880,9.859152200,5.142700,Present,0,512,7300,1920,1080,000001FAD6970CF0
1366,212963745807,9.862944900,3.792700,Present,0,512,7300,1920,1080,000001FAD6970CF0
1367,212963788062,9.867170400,4.225500,Present,0,512,7300,1920,1080,000001FAD6970CF0
1368,212963828784,9.871242600,4.072200,Present,0,512,7300,1920,1080,000001FAD6970CF0
1369,212963879247,9.876288900,5.046300,Present,0,512,7300,1920,1080,000001FAD6970CF0
1370,212963920076,9.880371800,4.082900,Present,0,512,7300,1920,1080,000001FAD6970CF0
1371,212963968492,9.885213400,4.841600,Present,0,512,7300,1920,1080,000001FAD6970CF0
1372,212964011850,9.889549200,4.335800,Present,0,512,7300,1920,1080,000001FAD6970CF0
1373,212964051726,9.893536800,3.987600,Present,0,512,7300,1920,1080,000001FAD6970CF0
1374,212964091747,9.897538900,4.002100,Present,0,512,7300,1920,1080,000001FAD6970CF0
1375,212964129416,9.901305800,3.766900,Present,0,512,7300,1920,1080,000001FAD6970CF0
1376,212964167061,9.905070300,3.764500,Present,0,512,7300,1920,1080,000001FAD6970CF0
1377,212964209564,9.909320600,4.250300,Present,0,512,7300,1920,1080,000001FAD6970CF0
1378,212964255528,9.913917000,4.596400,Present,0,512,7300,1920,1080,000001FAD6970CF0
1379,212964290416,9.917405800,3.488800,Present,0,512,7300,1920,1080,000001FAD6970CF0
1380,212964332245,9.921588700,4.182900,Present,0,512,7300,1920,1080,000001FAD6970CF0
1381,212964382431,9.926607300,5.018600,Present,0,512,7300,1920,1080,000001FAD6970CF0
1382,212964425510,9.930915200,4.307900,Present,0,512,7300,1920,1080,000001FAD6970CF0
1383,212964472179,9.935582100,4.666900,Present,0,512,7300,1920,1080,000001FAD6970CF0
1384,212964521668,9.940531000,4.948900,Present,0,512,7300,1920,1080,000001FAD6970CF0
1385,212964561442,9.944508400,3.977400,Present,0,512,7300,1920,1080,000001FAD6970CF0
1386,212964599980,9.948362200,3.853800,Present,0,512,7300,1920,1080,000001FAD6970CF0
1387,212964762809,9.964645100,16.282900,Present,0,512,7300,1920,1080,000001FAD6970CF0
1388,212964805655,9.968929700,4.284600,Present,0,512,7300,1920,1080,000001FAD6970CF0
1389,212964869481,9.975312300,6.382600,Present,0,512,7300,1920,1080,000001FAD6970CF0
1390,212965159085,10.004272700,28.960400,Present,0,512,7300,1920,1080,000001FAD6970CF0
1391,212965209063,10.009270500,4.997800,Present,0,512,7300,1920,1080,000001FAD6970CF0
1392,212965260560,10.014420200,5.149700,Present,0,512,7300,1920,1080,000001FAD6970CF0
1393,212965306857,10.019049900,4.629700,Present,0,512,7300,1920,1080,000001FAD6970CF0
1394,212965376036,10.025967800,6.917900,Present,0,512,7300,1920,1080,000001FAD6970CF0
1395,212965420893,10.030453500,4.485700,Present,0,512,7300,1920,1080,000001FAD6970CF0
1396,212965477026,10.036066800,5.613300,Present,0,512,7300,1920,1080,000001FAD6970CF0
1397,212965534946,10.041858800,5.792000,Present,0,512,7300,1920,1080,000001FAD6970CF0
1398,212965589645,10.047328700,5.469900,Present,0,512,7300,1920,1080,000001FAD6970CF0
1399,212965646509,10.053015100,5.686400,Present,0,512,7300,1920,1080,000001FAD6970CF0
1400,212965701687,10.058532900,5.517800,Present,0,512,7300,1920,1080,000001FAD6970CF0
1401,212965747555,10.063119700,4.586800,Present,0,512,7300,1920,1080,000001FAD6970CF0
1402,212965794987,10.067862900,4.743200,Present,0,512,7300,1920,1080,000001FAD6970CF0
1403,212965840822,10.072446400,4.583500,Present,0,512,7300,1920,1080,000001FAD6970CF0
1404,212965890073,10.077371500,4.925100,Present,0,512,7300,1920,1080,000001FAD6970CF0
1405,212965942365,10.082600700,5.229200,Present,0,512,7300,1920,1080,000001FAD6970CF0
1406,212966001699,10.088534100,5.933400,Present,0,512,7300,1920,1080,000001FAD6970CF0
1407,212966044401,10.092804300,4.270200,Present,0,512,7300,1920,1080,000001FAD6970CF0
1408,212966083479,10.096712100,3.907800,Present,0,512,7300,1920,1080,000001FAD6970CF0
1409,212966130930,10.101457200,4.745100,Present,0,512,7300,1920,1080,000001FAD6970CF0
1410,212966174684,10.105832600,4.375400,Present,0,512,7300,1920,1080,000001FAD6970CF0
1411,212966212930,10.109657200,3.824600,Present,0,512,7300,1920,1080,000001FAD6970CF0
1412,212966286082,10.116972400,7.315200,Present,0,512,7300,1920,1080,000001FAD6970CF0
1413,212966324824,10.120846600,3.874200,Present,0,512,7300,1920,1080,000001FAD6970CF0
1414,212966364458,10.124810000,3.963400,Present,0,512,7300,1920,1080,000001FAD6970CF0
1415,212966409864,10.129350600,4.540600,Present,0,512,7300,1920,1080,000001FAD6970CF0
1416,212966449153,10.133279500,3.928900,Present,0,512,7300,1920,1080,000001FAD6970CF0
1417,212966491203,10.137484500,4.205000,Present,0,512,7300,1920,1080,000001FAD6970CF0
1418,212966531484,10.141512600,4.028100,Present,0,512,7300,1920,1080,000001FAD6970CF0
1419,212966575178,10.145882000,4.369400,Present,0,512,7300,1920,1080,000001FAD6970CF0
1420,212966619494,10.150313600,4.431600,Present,0,512,7300,1920,1080,000001FAD6970CF0
1421,212966660672,10.154431400,4.117800,Present,0,512,7300,1920,1080,000001FAD6970CF0
1422,212966707102,10.159074400,4.643000,Present,0,512,7300,1920,1080,000001FAD6970CF0
1423,212966743929,10.162757100,3.682700,Present,0,512,7300,1920,1080,000001FAD6970CF0
1424,212966788888,10.167253000,4.495900,Present,0,512,7300,1920,1080,000001FAD6970CF0
1425,212966832548,10.171619000,4.366000,Present,0,512,7300,1920,1080,000001FAD6970CF0
1426,212966872701,10.175634300,4.015300,Present,0,512,7300,1920,1080,000001FAD6970CF0
1427,212966912115,10.179575700,3.941400,Present,0,512,7300,1920,1080,000001FAD6970CF0
1428,212966950046,10.183368800,3.793100,Present,0,512,7300,1920,1080,000001FAD6970CF0
1429,212966999015,10.188265700,4.896900,Present,0,512,7300,1920,1080,000001FAD6970CF0
1430,212967043069,10.192671100,4.405400,Present,0,512,7300,1920,1080,000001FAD6970CF0
1431,212967094755,10.197839700,5.168600,Present,0,512,7300,1920,1080,000001FAD6970CF0
1432,212967136022,10.201966400,4.126700,Present,0,512,7300,1920,1080,000001FAD6970CF0
1433,212967176030,10.205967200,4.000800,Present,0,512,7300,1920,1080,000001FAD6970CF0
1434,212967217413,10.210105500,4.138300,Present,0,512,7300,1920,1080,000001FAD6970CF0
1435,212967259416,10.214305800,4.200300,Present,0,512,7300,1920,1080,000001FAD6970CF0
1436,212967298477,10.218211900,3.906100,Present,0,512,7300,1920,1080,000001FAD6970CF0
1437,212967345003,10.222864500,4.652600,Present,0,512,7300,1920,1080,000001FAD6970CF0
1438,212967392130,10.227577200,4.712700,Present,0,512,7300,1920,1080,000001FAD6970CF0
1439,212967429607,10.231324900,3.747700,Present,0,512,7300,1920,1080,000001FAD6970CF0
1440,212967467286,10.235092800,3.767900,Present,0,512,7300,1920,1080,000001FAD6970CF0
1441,212967511652,10.239529400,4.436600,Present,0,512,7300,1920,1080,000001FAD6970CF0
1442,212967550728,10.243437000,3.907600,Present,0,512,7300,1920,1080,000001FAD6970CF0
1443,212967590567,10.247420900,3.983900,Present,0,512,7300,1920,1080,000001FAD6970CF0
1444,212967632121,10.251576300,4.155400,Present,0,512,7300,1920,1080,000001FAD6970CF0
1445,212967674126,10.255776800,4.200500,Present,0,512,7300,1920,1080,000001FAD6970CF0
1446,212967711470,10.259511200,3.734400,Present,0,512,7300,1920,1080,000001FAD6970CF0
1447,212967760035,10.264367700,4.856500,Present,0,512,7300,1920,1080,000001FAD6970CF0
1448,212967797923,10.268156500,3.788800,Present,0,512,7300,1920,1080,000001FAD6970CF0
1449,212967839221,10.272286300,4.129800,Present,0,512,7300,1920,1080,000001FAD6970CF0
1450,212967881673,10.276531500,4.245200,Present,0,512,7300,1920,1080,000001FAD6970CF0
1451,212967931505,10.281514700,4.983200,Present,0,512,7300,1920,1080,000001FAD6970CF0
1452,212967973816,10.285745800,4.231100,Present,0,512,7300,1920,1080,000001FAD6970CF0
1453,212968015063,10.289870500,4.124700,Present,0,512,7300,1920,1080,000001FAD6970CF0
1454,212968053774,10.293741600,3.871100,Present,0,512,7300,1920,1080,000001FAD6970CF0
1455,212968252331,10.313597300,19.855700,Present,0,512,7300,1920,1080,000001FAD6970CF0
1456,212968304918,10.318856000,5.258700,Present,0,512,7300,1920,1080,000001FAD6970CF0
1457,212968384676,10.326831800,7.975800,Present,0,512,7300,1920,1080,000001FAD6970CF0
1458,212968801618,10.368526000,41.694200,Present,0,512,7300,1920,1080,000001FAD6970CF0
1459,212968889345,10.377298700,8.772700,Present,0,512,7300,1920,1080,000001FAD6970CF0
1460,212969298434,10.418207600,40.908900,Present,0,512,7300,1920,1080,000001FAD6970CF0
1461,212970207394,10.509103600,90.896000,Present,0,512,7300,1920,1080,000001FAD6970CF0
1462,212970321764,10.520540600,11.437000,Present,0,512,7300,1920,1080,000001FAD6970CF0
1463,212970378596,10.526223800,5.683200,Present,0,512,7300,1920,1080,000001FAD6970CF0
1464,212970442165,10.532580700,6.356900,Present,0,512,7300,1920,1080,000001FAD6970CF0
1465,212970503480,10.538712200,6.131500,Present,0,512,7300,1920,1080,000001FAD6970CF0
1466,212970568562,10.545220400,6.508200,Present,0,512,7300,1920,1080,000001FAD6970CF0
1467,212970637833,10.552147500,6.927100,Present,0,512,7300,1920,1080,000001FAD6970CF0
1468,212970701361,10.558500300,6.352800,Present,0,512,7300,1920,1080,000001FAD6970CF0
1469,212970768459,10.565210100,6.709800,Present,0,512,7300,1920,1080,000001FAD6970CF0
1470,212970833562,10.571720400,6.510300,Present,0,512,7300,1920,1080,000001FAD6970CF0
1471,212970901421,10.578506300,6.785900,Present,0,512,7300,1920,1080,000001FAD6970CF0
1472,212970966790,10.585043200,6.536900,Present,0,512,7300,1920,1080,000001FAD6970CF0
1473,212971033165,10.591680700,6.637500,Present,0,512,7300,1920,1080,000001FAD6970CF0
1474,212971092788,10.597643000,5.962300,Present,0,512,7300,1920,1080,000001FAD6970CF0
1475,212971162134,10.604577600,6.934600,Present,0,512,7300,1920,1080,000001FAD6970CF0
1476,212971223774,10.610741600,6.164000,Present,0,512,7300,1920,1080,000001FAD6970CF0
1477,212971284415,10.616805700,6.064100,Present,0,512,7300,1920,1080,000001FAD6970CF0
1478,212971341421,10.622506300,5.700600,Present,0,512,7300,1920,1080,000001FAD6970CF0
1479,212971410628,10.629427000,6.920700,Present,0,512,7300,1920,1080,000001FAD6970CF0
1480,212971500370,10.638401200,8.974200,Present,0,512,7300,1920,1080,000001FAD6970CF0
1481,212971559540,10.644318200,5.917000,Present,0,512,7300,1920,1080,000001FAD6970CF0
1482,212971646996,10.653063800,8.745600,Present,0,512,7300,1920,1080,000001FAD6970CF0
1483,212971708907,10.659254900,6.191100,Present,0,512,7300,1920,1080,000001FAD6970CF0
1484,212971778591,10.666223300,6.968400,Present,0,512,7300,1920,1080,000001FAD6970CF0
1485,212971848320,10.673196200,6.972900,Present,0,512,7300,1920,1080,000001FAD6970CF0
1486,212971912914,10.679655600,6.459400,Present,0,512,7300,1920,1080,000001FAD6970CF0
1487,212972054520,10.693816200,14.160600,Present,0,512,7300,1920,1080,000001FAD6970CF0
1488,212972121672,10.700531400,6.715200,Present,0,512,7300,1920,1080,000001FAD6970CF0
1489,212972184375,10.706801700,6.270300,Present,0,512,7300,1920,1080,000001FAD6970CF0
1490,212972245135,10.712877700,6.076000,Present,0,512,7300,1920,1080,000001FAD6970CF0
1491,212972307389,10.719103100,6.225400,Present,0,512,7300,1920,1080,000001FAD6970CF0
1492,212972774113,10.765775500,46.672400,Present,0,512,7300,1920,1080,000001FAD6970CF0
1493,212972847626,10.773126800,7.351300,Present,0,512,7300,1920,1080,000001FAD6970CF0
1494,212972916339,10.779998100,6.871300,Present,0,512,7300,1920,1080,000001FAD6970CF0
1495,212972983541,10.786718300,6.720200,Present,0,512,7300,1920,1080,000001FAD6970CF0
1496,212973043155,10.792679700,5.961400,Present,0,512,7300,1920,1080,000001FAD6970CF0
1497,212973114502,10.799814400,7.134700,Present,0,512,7300,1920,1080,000001FAD6970CF0
1498,212973184452,10.806809400,6.995000,Present,0,512,7300,1920,1080,000001FAD6970CF0
1499,212973265569,10.814921100,8.111700,Present,0,512,7300,1920,1080,000001FAD6970CF0
1500,212973326384,10.821002600,6.081500,Present,0,512,7300,1920,1080,000001FAD6970CF0
1501,212973418440,10.830208200,9.205600,Present,0,512,7300,1920,1080,000001FAD6970CF0
1502,212973505017,10.838865900,8.657700,Present,0,512,7300,1920,1080,000001FAD6970CF0
1503,212973574343,10.845798500,6.932600,Present,0,512,7300,1920,1080,000001FAD6970CF0
1504,212973649519,10.853316100,7.517600,Present,0,512,7300,1920,1080,000001FAD6970CF0
1505,212973724289,10.860793100,7.477000,Present,0,512,7300,1920,1080,000001FAD6970CF0
1506,212973793078,10.867672000,6.878900,Present,0,512,7300,1920,1080,000001FAD6970CF0
1507,212973863562,10.874720400,7.048400,Present,0,512,7300,1920,1080,000001FAD6970CF0
1508,212973930940,10.881458200,6.737800,Present,0,512,7300,1920,1080,000001FAD6970CF0
1509,212973995703,10.887934500,6.476300,Present,0,512,7300,1920,1080,000001FAD6970CF0
1510,212974063918,10.894756000,6.821500,Present,0,512,7300,1920,1080,000001FAD6970CF0
1511,212974126535,10.901017700,6.261700,Present,0,512,7300,1920,1080,000001FAD6970CF0
1512,212974187182,10.907082400,6.064700,Present,0,512,7300,1920,1080,000001FAD6970CF0
1513,212974249905,10.913354700,6.272300,Present,0,512,7300,1920,1080,000001FAD6970CF0
1514,212974314140,10.919778200,6.423500,Present,0,512,7300,1920,1080,000001FAD6970CF0
1515,212974378913,10.926255500,6.477300,Present,0,512,7300,1920,1080,000001FAD6970CF0
1516,212974437845,10.932148700,5.893200,Present,0,512,7300,1920,1080,000001FAD6970CF0
1517,212974504581,10.938822300,6.673600,Present,0,512,7300,1920,1080,000001FAD6970CF0
1518,212974584315,10.946795700,7.973400,Present,0,512,7300,1920,1080,000001FAD6970CF0
1519,212974647795,10.953143700,6.348000,Present,0,512,7300,1920,1080,000001FAD6970CF0
1520,212974714069,10.959771100,6.627400,Present,0,512,7300,1920,1080,000001FAD6970CF0
1521,212974785289,10.966893100,7.122000,Present,0,512,7300,1920,1080,000001FAD6970CF0
1522,212974853603,10.973724500,6.831400,Present,0,512,7300,1920,1080,000001FAD6970CF0
1523,212974923711,10.980735300,7.010800,Present,0,512,7300,1920,1080,000001FAD6970CF0
1524,212975007191,10.989083300,8.348000,Present,0,512,7300,1920,1080,000001FAD6970CF0
1525,212975073613,10.995725500,6.642200,Present,0,512,7300,1920,1080,000001FAD6970CF0
1526,212975133846,11.001748800,6.023300,Present,0,512,7300,1920,1080,000001FAD6970CF0
1527,212975197683,11.008132500,6.383700,Present,0,512,7300,1920,1080,000001FAD6970CF0
1528,212975256409,11.014005100,5.872600,Present,0,512,7300,1920,1080,000001FAD6970CF0
1529,212975316417,11.020005900,6.000800,Present,0,512,7300,1920,1080,000001FAD6970CF0
1530,212975385146,11.026878800,6.872900,Present,0,512,7300,1920,1080,000001FAD6970CF0
1531,212975452406,11.033604800,6.726000,Present,0,512,7300,1920,1080,000001FAD6970CF0
1532,212975515982,11.039962400,6.357600,Present,0,512,7300,1920,1080,000001FAD6970CF0
1533,212975577648,11.046129000,6.166600,Present,0,512,7300,1920,1080,000001FAD6970CF0
1534,212975641190,11.052483200,6.354200,Present,0,512,7300,1920,1080,000001FAD6970CF0
1535,212975818756,11.070239800,17.756600,Present,0,512,7300,1920,1080,000001FAD6970CF0
1536,212975921665,11.080530700,10.290900,Present,0,512,7300,1920,1080,000001FAD6970CF0
1537,212976403486,11.128712800,48.182100,Present,0,512,7300,1920,1080,000001FAD6970CF0
1538,212976514268,11.139791000,11.078200,Present,0,512,7300,1920,1080,000001FAD6970CF0
1539,212976606505,11.149014700,9.223700,Present,0,512,7300,1920,1080,000001FAD6970CF0
1540,212976670307,11.155394900,6.380200,Present,0,512,7300,1920,1080,000001FAD6970CF0
1541,212976726702,11.161034400,5.639500,Present,0,512,7300,1920,1080,000001FAD6970CF0
1542,212976810714,11.169435600,8.401200,Present,0,512,7300,1920,1080,000001FAD6970CF0
1543,212976891865,11.177550700,8.115100,Present,0,512,7300,1920,1080,000001FAD6970CF0
1544,212976957952,11.184159400,6.608700,Present,0,512,7300,1920,1080,000001FAD6970CF0
1545,212977028347,11.191198900,7.039500,Present,0,512,7300,1920,1080,000001FAD6970CF0
1546,212977089488,11.197313000,6.114100,Present,0,512,7300,1920,1080,000001FAD6970CF0
1547,212977144845,11.202848700,5.535700,Present,0,512,7300,1920,1080,000001FAD6970CF0
1548,212977212778,11.209642000,6.793300,Present,0,512,7300,1920,1080,000001FAD6970CF0
1549,212977290841,11.217448300,7.806300,Present,0,512,7300,1920,1080,000001FAD6970CF0
1550,212977391909,11.227555100,10.106800,Present,0,512,7300,1920,1080,000001FAD6970CF0
1551,212977508546,11.239218800,11.663700,Present,0,512,7300,1920,1080,000001FAD6970CF0
1552,212977605340,11.248898200,9.679400,Present,0,512,7300,1920,1080,000001FAD6970CF0
1553,212977690931,11.257457300,8.559100,Present,0,512,7300,1920,1080,000001FAD6970CF0
1554,212977766696,11.265033800,7.576500,Present,0,512,7300,1920,1080,000001FAD6970CF0
1555,212977837172,11.272081400,7.047600,Present,0,512,7300,1920,1080,000001FAD6970CF0
1556,212977903292,11.278693400,6.612000,Present,0,512,7300,1920,1080,000001FAD6970CF0
1557,212977974724,11.285836600,7.143200,Present,0,512,7300,1920,1080,000001FAD6970CF0
1558,212978046527,11.293016900,7.180300,Present,0,512,7300,1920,1080,000001FAD6970CF0
1559,212978146400,11.303004200,9.987300,Present,0,512,7300,1920,1080,000001FAD6970CF0
1560,212978238150,11.312179200,9.175000,Present,0,512,7300,1920,1080,000001FAD6970CF0
1561,212978321601,11.320524300,8.345100,Present,0,512,7300,1920,1080,000001FAD6970CF0
1562,212978512160,11.339580200,19.055900,Present,0,512,7300,1920,1080,000001FAD6970CF0
1563,212978681264,11.356490600,16.910400,Present,0,512,7300,1920,1080,000001FAD6970CF0
1564,212978757468,11.364111000,7.620400,Present,0,512,7300,1920,1080,000001FAD6970CF0
1565,212978827078,11.371072000,6.961000,Present,0,512,7300,1920,1080,000001FAD6970CF0
1566,212978905688,11.378933000,7.861000,Present,0,512,7300,1920,1080,000001FAD6970CF0
1567,212978977715,11.386135700,7.202700,Present,0,512,7300,1920,1080,000001FAD6970CF0
1568,212979046873,11.393051500,6.915800,Present,0,512,7300,1920,1080,000001FAD6970CF0
1569,212979115885,11.399952700,6.901200,Present,0,512,7300,1920,1080,000001FAD6970CF0
1570,212979191248,11.407489000,7.536300,Present,0,512,7300,1920,1080,000001FAD6970CF0
1571,212979263515,11.414715700,7.226700,Present,0,512,7300,1920,1080,000001FAD6970CF0
1572,212979333205,11.421684700,6.969000,Present,0,512,7300,1920,1080,000001FAD6970CF0
1573,212979401575,11.428521700,6.837000,Present,0,512,7300,1920,1080,000001FAD6970CF0
1574,212979480362,11.436400400,7.878700,Present,0,512,7300,1920,1080,000001FAD6970CF0
1575,212979542001,11.442564300,6.163900,Present,0,512,7300,1920,1080,000001FAD6970CF0
1576,212979602879,11.448652100,6.087800,Present,0,512,7300,1920,1080,000001FAD6970CF0
1577,212979678078,11.456172000,7.519900,Present,0,512,7300,1920,1080,000001FAD6970CF0
1578,212979742676,11.462631800,6.459800,Present,0,512,7300,1920,1080,000001FAD6970CF0
1579,212979813118,11.469676000,7.044200,Present,0,512,7300,1920,1080,000001FAD6970CF0
1580,212979891199,11.477484100,7.808100,Present,0,512,7300,1920,1080,000001FAD6970CF0
1581,212979969637,11.485327900,7.843800,Present,0,512,7300,1920,1080,000001FAD6970CF0
1582,212980046153,11.492979500,7.651600,Present,0,512,7300,1920,1080,000001FAD6970CF0
1583,212980112897,11.499653900,6.674400,Present,0,512,7300,1920,1080,000001FAD6970CF0
1584,212980180793,11.506443500,6.789600,Present,0,512,7300,1920,1080,000001FAD6970CF0
1585,212980273437,11.515707900,9.264400,Present,0,512,7300,1920,1080,000001FAD6970CF0
1586,212980336463,11.522010500,6.302600,Present,0,512,7300,1920,1080,000001FAD6970CF0
1587,212980401666,11.528530800,6.520300,Present,0,512,7300,1920,1080,000001FAD6970CF0
1588,212980472287,11.535592900,7.062100,Present,0,512,7300,1920,1080,000001FAD6970CF0
1589,212980583341,11.546698300,11.105400,Present,0,512,7300,1920,1080,000001FAD6970CF0
1590,212980669691,11.555333300,8.635000,Present,0,512,7300,1920,1080,000001FAD6970CF0
1591,212980738975,11.562261700,6.928400,Present,0,512,7300,1920,1080,000001FAD6970CF0
1592,212980857474,11.574111600,11.849900,Present,0,512,7300,1920,1080,000001FAD6970CF0
1593,212980934880,11.581852200,7.740600,Present,0,512,7300,1920,1080,000001FAD6970CF0
1594,212981004411,11.588805300,6.953100,Present,0,512,7300,1920,1080,000001FAD6970CF0
1595,212981071138,11.595478000,6.672700,Present,0,512,7300,1920,1080,000001FAD6970CF0
1596,212981132208,11.601585000,6.107000,Present,0,512,7300,1920,1080,000001FAD6970CF0
1597,212981206579,11.609022100,7.437100,Present,0,512,7300,1920,1080,000001FAD6970CF0
1598,212981279664,11.616330600,7.308500,Present,0,512,7300,1920,1080,000001FAD6970CF0
1599,212981350640,11.623428200,7.097600,Present,0,512,7300,1920,1080,000001FAD6970CF0
1600,212981412071,11.629571300,6.143100,Present,0,512,7300,1920,1080,000001FAD6970CF0
1601,212981481940,11.636558200,6.986900,Present,0,512,7300,1920,1080,000001FAD6970CF0
1602,212981573286,11.645692800,9.134600,Present,0,512,7300,1920,1080,000001FAD6970CF0
1603,212981648822,11.653246400,7.553600,Present,0,512,7300,1920,1080,000001FAD6970CF0
1604,212981718892,11.660253400,7.007000,Present,0,512,7300,1920,1080,000001FAD6970CF0
1605,212981790726,11.667436800,7.183400,Present,0,512,7300,1920,1080,000001FAD6970CF0
1606,212981863206,11.674684800,7.248000,Present,0,512,7300,1920,1080,000001FAD6970CF0
1607,212981935781,11.681942300,7.257500,Present,0,512,7300,1920,1080,000001FAD6970CF0
1608,212982006236,11.688987800,7.045500,Present,0,512,7300,1920,1080,000001FAD6970CF0
1609,212982064664,11.694830600,5.842800,Present,0,512,7300,1920,1080,000001FAD6970CF0
1610,212982137582,11.702122400,7.291800,Present,0,512,7300,1920,1080,000001FAD6970CF0
1611,212982202614,11.708625600,6.503200,Present,0,512,7300,1920,1080,000001FAD6970CF0
1612,212982272228,11.715587000,6.961400,Present,0,512,7300,1920,1080,000001FAD6970CF0
1613,212982336780,11.722042200,6.455200,Present,0,512,7300,1920,1080,000001FAD6970CF0
1614,212982438298,11.732194000,10.151800,Present,0,512,7300,1920,1080,000001FAD6970CF0
1615,212982504288,11.738793000,6.599000,Present,0,512,7300,1920,1080,000001FAD6970CF0
1616,212982581497,11.746513900,7.720900,Present,0,512,7300,1920,1080,000001FAD6970CF0
1617,212982649934,11.753357600,6.843700,Present,0,512,7300,1920,1080,000001FAD6970CF0
1618,212982723335,11.760697700,7.340100,Present,0,512,7300,1920,1080,000001FAD6970CF0
1619,212982796948,11.768059000,7.361300,Present,0,512,7300,1920,1080,000001FAD6970CF0
1620,212982914516,11.779815800,11.756800,Present,0,512,7300,1920,1080,000001FAD6970CF0
1621,212983004425,11.788806700,8.990900,Present,0,512,7300,1920,1080,000001FAD6970CF0
1622,212983435882,11.831952400,43.145700,Present,0,512,7300,1920,1080,000001FAD6970CF0
1623,212983663953,11.854759500,22.807100,Present,0,512,7300,1920,1080,000001FAD6970CF0
1624,212983972583,11.885622500,30.863000,Present,0,512,7300,1920,1080,000001FAD6970CF0
1625,212984094256,11.897789800,12.167300,Present,0,512,7300,1920,1080,000001FAD6970CF0
1626,212984220034,11.910367600,12.577800,Present,0,512,7300,1920,1080,000001FAD6970CF0
1627,212984405983,11.928962500,18.594900,Present,0,512,7300,1920,1080,000001FAD6970CF0
1628,212984524585,11.940822700,11.860200,Present,0,512,7300,1920,1080,000001FAD6970CF0
1629,212984606910,11.949055200,8.232500,Present,0,512,7300,1920,1080,000001FAD6970CF0
1630,212984765076,11.964871800,15.816600,Present,0,512,7300,1920,1080,000001FAD6970CF0
1631,212984850718,11.973436000,8.564200,Present,0,512,7300,1920,1080,000001FAD6970CF0
1632,212984936850,11.982049200,8.613200,Present,0,512,7300,1920,1080,000001FAD6970CF0
1633,212985064742,11.994838400,12.789200,Present,0,512,7300,1920,1080,000001FAD6970CF0
1634,212985163963,12.004760500,9.922100,Present,0,512,7300,1920,1080,000001FAD6970CF0
1635,212985239904,12.012354600,7.594100,Present,0,512,7300,1920,1080,000001FAD6970CF0
1636,212985314075,12.019771700,7.417100,Present,0,512,7300,1920,1080,000001FAD6970CF0
1637,212985397297,12.028093900,8.322200,Present,0,512,7300,1920,1080,000001FAD6970CF0
1638,212985486402,12.037004400,8.910500,Present,0,512,7300,1920,1080,000001FAD6970CF0
1639,212985586764,12.047040600,10.036200,Present,0,512,7300,1920,1080,000001FAD6970CF0
1640,212985657700,12.054134200,7.093600,Present,0,512,7300,1920,1080,000001FAD6970CF0
1641,212985739796,12.062343800,8.209600,Present,0,512,7300,1920,1080,000001FAD6970CF0
1642,212985812017,12.069565900,7.222100,Present,0,512,7300,1920,1080,000001FAD6970CF0
1643,212985892178,12.077582000,8.016100,Present,0,512,7300,1920,1080,000001FAD6970CF0
1644,212985986257,12.086989900,9.407900,Present,0,512,7300,1920,1080,000001FAD6970CF0
1645,212986069392,12.095303400,8.313500,Present,0,512,7300,1920,1080,000001FAD6970CF0
1646,212986140544,12.102418600,7.115200,Present,0,512,7300,1920,1080,000001FAD6970CF0
1647,212986210912,12.109455400,7.036800,Present,0,512,7300,1920,1080,000001FAD6970CF0
1648,212986286974,12.117061600,7.606200,Present,0,512,7300,1920,1080,000001FAD6970CF0
1649,212986363945,12.124758700,7.697100,Present,0,512,7300,1920,1080,000001FAD6970CF0
1650,212986432870,12.131651200,6.892500,Present,0,512,7300,1920,1080,000001FAD6970CF0
1651,212986697657,12.158129900,26.478700,Present,0,512,7300,1920,1080,000001FAD6970CF0
1652,212986774679,12.165832100,7.702200,Present,0,512,7300,1920,1080,000001FAD6970CF0
1653,212986882052,12.176569400,10.737300,Present,0,512,7300,1920,1080,000001FAD6970CF0
1654,212987020951,12.190459300,13.889900,Present,0,512,7300,1920,1080,000001FAD6970CF0
1655,212987128215,12.201185700,10.726400,Present,0,512,7300,1920,1080,000001FAD6970CF0
1656,212987287749,12.217139100,15.953400,Present,0,512,7300,1920,1080,000001FAD6970CF0
1657,212987491688,12.237533000,20.393900,Present,0,512,7300,1920,1080,000001FAD6970CF0
1658,212987657850,12.254149200,16.616200,Present,0,512,7300,1920,1080,000001FAD6970CF0
1659,212987908470,12.279211200,25.062000,Present,0,512,7300,1920,1080,000001FAD6970CF0
1660,212988201917,12.308555900,29.344700,Present,0,512,7300,1920,1080,000001FAD6970CF0
1661,212988412686,12.329632800,21.076900,Present,0,512,7300,1920,1080,000001FAD6970CF0
1662,212988565452,12.344909400,15.276600,Present,0,512,7300,1920,1080,000001FAD6970CF0
1663,212988653079,12.353672100,8.762700,Present,0,512,7300,1920,1080,000001FAD6970CF0
1664,212988726486,12.361012800,7.340700,Present,0,512,7300,1920,1080,000001FAD6970CF0
1665,212988815439,12.369908100,8.895300,Present,0,512,7300,1920,1080,000001FAD6970CF0
1666,212988906033,12.378967500,9.059400,Present,0,512,7300,1920,1080,000001FAD6970CF0
1667,212988983263,12.386690500,7.723000,Present,0,512,7300,1920,1080,000001FAD6970CF0
1668,212989100122,12.398376400,11.685900,Present,0,512,7300,1920,1080,000001FAD6970CF0
1669,212989186124,12.406976600,8.600200,Present,0,512,7300,1920,1080,000001FAD6970CF0
1670,212989262110,12.414575200,7.598600,Present,0,512,7300,1920,1080,000001FAD6970CF0
1671,212989343431,12.422707300,8.132100,Present,0,512,7300,1920,1080,000001FAD6970CF0
1672,212989410474,12.429411600,6.704300,Present,0,512,7300,1920,1080,000001FAD6970CF0
1673,212989488760,12.437240200,7.828600,Present,0,512,7300,1920,1080,000001FAD6970CF0
1674,212989568003,12.445164500,7.924300,Present,0,512,7300,1920,1080,000001FAD6970CF0
1675,212989653701,12.453734300,8.569800,Present,0,512,7300,1920,1080,000001FAD6970CF0
1676,212989752603,12.463624500,9.890200,Present,0,512,7300,1920,1080,000001FAD6970CF0
1677,212989848557,12.473219900,9.595400,Present,0,512,7300,1920,1080,000001FAD6970CF0
1678,212989936069,12.481971100,8.751200,Present,0,512,7300,1920,1080,000001FAD6970CF0
1679,212990053439,12.493708100,11.737000,Present,0,512,7300,1920,1080,000001FAD6970CF0
1680,212990137624,12.502126600,8.418500,Present,0,512,7300,1920,1080,000001FAD6970CF0
1681,212990218354,12.510199600,8.073000,Present,0,512,7300,1920,1080,000001FAD6970CF0
1682,212990323891,12.520753300,10.553700,Present,0,512,7300,1920,1080,000001FAD6970CF0
1683,212990428262,12.531190400,10.437100,Present,0,512,7300,1920,1080,000001FAD6970CF0
1684,212990522681,12.540632300,9.441900,Present,0,512,7300,1920,1080,000001FAD6970CF0
1685,212990603809,12.548745100,8.112800,Present,0,512,7300,1920,1080,000001FAD6970CF0
1686,212990681813,12.556545500,7.800400,Present,0,512,7300,1920,1080,000001FAD6970CF0
1687,212990765887,12.564952900,8.407400,Present,0,512,7300,1920,1080,000001FAD6970CF0
1688,212990842018,12.572566000,7.613100,Present,0,512,7300,1920,1080,000001FAD6970CF0
1689,212990933063,12.581670500,9.104500,Present,0,512,7300,1920,1080,000001FAD6970CF0
1690,212991007201,12.589084300,7.413800,Present,0,512,7300,1920,1080,000001FAD6970CF0
1691,212991085479,12.596912100,7.827800,Present,0,512,7300,1920,1080,000001FAD6970CF0
1692,212991176155,12.605979700,9.067600,Present,0,512,7300,1920,1080,000001FAD6970CF0
1693,212991253138,12.613678000,7.698300,Present,0,512,7300,1920,1080,000001FAD6970CF0
1694,212991321149,12.620479100,6.801100,Present,0,512,7300,1920,1080,000001FAD6970CF0
1695,212991410296,12.629393800,8.914700,Present,0,512,7300,1920,1080,000001FAD6970CF0
1696,212991499276,12.638291800,8.898000,Present,0,512,7300,1920,1080,000001FAD6970CF0
1697,212991639327,12.652296900,14.005100,Present,0,512,7300,1920,1080,000001FAD6970CF0
1698,212991735705,12.661934700,9.637800,Present,0,512,7300,1920,1080,000001FAD6970CF0
1699,212991827410,12.671105200,9.170500,Present,0,512,7300,1920,1080,000001FAD6970CF0
1700,212991909949,12.679359100,8.253900,Present,0,512,7300,1920,1080,000001FAD6970CF0
1701,212991990036,12.687367800,8.008700,Present,0,512,7300,1920,1080,000001FAD6970CF0
1702,212992068838,12.695248000,7.880200,Present,0,512,7300,1920,1080,000001FAD6970CF0
1703,212992164863,12.704850500,9.602500,Present,0,512,7300,1920,1080,000001FAD6970CF0
1704,212992250969,12.713461100,8.610600,Present,0,512,7300,1920,1080,000001FAD6970CF0
1705,212992351875,12.723551700,10.090600,Present,0,512,7300,1920,1080,000001FAD6970CF0
1706,212992428942,12.731258400,7.706700,Present,0,512,7300,1920,1080,000001FAD6970CF0
1707,212992526616,12.741025800,9.767400,Present,0,512,7300,1920,1080,000001FAD6970CF0
1708,212992618119,12.750176100,9.150300,Present,0,512,7300,1920,1080,000001FAD6970CF0
1709,212992720528,12.760417000,10.240900,Present,0,512,7300,1920,1080,000001FAD6970CF0
1710,212992819283,12.770292500,9.875500,Present,0,512,7300,1920,1080,000001FAD6970CF0
1711,212992896925,12.778056700,7.764200,Present,0,512,7300,1920,1080,000001FAD6970CF0
1712,212992994466,12.787810800,9.754100,Present,0,512,7300,1920,1080,000001FAD6970CF0
1713,212993079138,12.796278000,8.467200,Present,0,512,7300,1920,1080,000001FAD6970CF0
1714,212993148268,12.803191000,6.913000,Present,0,512,7300,1920,1080,000001FAD6970CF0
1715,212993229576,12.811321800,8.130800,Present,0,512,7300,1920,1080,000001FAD6970CF0
1716,212993316170,12.819981200,8.659400,Present,0,512,7300,1920,1080,000001FAD6970CF0
1717,212993394260,12.827790200,7.809000,Present,0,512,7300,1920,1080,000001FAD6970CF0
1718,212993467792,12.835143400,7.353200,Present,0,512,7300,1920,1080,000001FAD6970CF0
1719,212993546298,12.842994000,7.850600,Present,0,512,7300,1920,1080,000001FAD6970CF0
1720,212993623461,12.850710300,7.716300,Present,0,512,7300,1920,1080,000001FAD6970CF0
1721,212993695974,12.857961600,7.251300,Present,0,512,7300,1920,1080,000001FAD6970CF0
1722,212993792263,12.867590500,9.628900,Present,0,512,7300,1920,1080,000001FAD6970CF0
1723,212993880658,12.876430000,8.839500,Present,0,512,7300,1920,1080,000001FAD6970CF0
1724,212993959655,12.884329700,7.899700,Present,0,512,7300,1920,1080,000001FAD6970CF0
1725,212994143973,12.902761500,18.431800,Present,0,512,7300,1920,1080,000001FAD6970CF0
1726,212994238486,12.912212800,9.451300,Present,0,512,7300,1920,1080,000001FAD6970CF0
1727,212994323442,12.920708400,8.495600,Present,0,512,7300,1920,1080,000001FAD6970CF0
1728,212994405926,12.928956800,8.248400,Present,0,512,7300,1920,1080,000001FAD6970CF0
1729,212994486708,12.937035000,8.078200,Present,0,512,7300,1920,1080,000001FAD6970CF0
1730,212994566837,12.945047900,8.012900,Present,0,512,7300,1920,1080,000001FAD6970CF0
1731,212994637654,12.952129600,7.081700,Present,0,512,7300,1920,1080,000001FAD6970CF0
1732,212994713654,12.959729600,7.600000,Present,0,512,7300,1920,1080,000001FAD6970CF0
1733,212994788550,12.967219200,7.489600,Present,0,512,7300,1920,1080,000001FAD6970CF0
1734,212994866058,12.974970000,7.750800,Present,0,512,7300,1920,1080,000001FAD6970CF0
1735,212994965124,12.984876600,9.906600,Present,0,512,7300,1920,1080,000001FAD6970CF0
1736,212995051473,12.993511500,8.634900,Present,0,512,7300,1920,1080,000001FAD6970CF0
1737,212995132942,13.001658400,8.146900,Present,0,512,7300,1920,1080,000001FAD6970CF0
1738,212995222284,13.010592600,8.934200,Present,0,512,7300,1920,1080,000001FAD6970CF0
1739,212995310261,13.019390300,8.797700,Present,0,512,7300,1920,1080,000001FAD6970CF0
1740,212995383340,13.026698200,7.307900,Present,0,512,7300,1920,1080,000001FAD6970CF0
1741,212995454941,13.033858300,7.160100,Present,0,512,7300,1920,1080,000001FAD6970CF0
1742,212995537064,13.042070600,8.212300,Present,0,512,7300,1920,1080,000001FAD6970CF0
1743,212995615586,13.049922800,7.852200,Present,0,512,7300,1920,1080,000001FAD6970CF0
1744,212995695593,13.057923500,8.000700,Present,0,512,7300,1920,1080,000001FAD6970CF0
1745,212995843998,13.072764000,14.840500,Present,0,512,7300,1920,1080,000001FAD6970CF0
1746,212995939313,13.082295500,9.531500,Present,0,512,7300,1920,1080,000001FAD6970CF0
1747,212996008189,13.089183100,6.887600,Present,0,512,7300,1920,1080,000001FAD6970CF0
1748,212996097426,13.098106800,8.923700,Present,0,512,7300,1920,1080,000001FAD6970CF0
1749,212996184532,13.106817400,8.710600,Present,0,512,7300,1920,1080,000001FAD6970CF0
1750,212996274571,13.115821300,9.003900,Present,0,512,7300,1920,1080,000001FAD6970CF0
1751,212996364885,13.124852700,9.031400,Present,0,512,7300,1920,1080,000001FAD6970CF0
1752,212996457260,13.134090200,9.237500,Present,0,512,7300,1920,1080,000001FAD6970CF0
1753,212996540333,13.142397500,8.307300,Present,0,512,7300,1920,1080,000001FAD6970CF0
1754,212996615355,13.149899700,7.502200,Present,0,512,7300,1920,1080,000001FAD6970CF0
1755,212996690809,13.157445100,7.545400,Present,0,512,7300,1920,1080,000001FAD6970CF0
1756,212996773392,13.165703400,8.258300,Present,0,512,7300,1920,1080,000001FAD6970CF0
1757,212996857657,13.174129900,8.426500,Present,0,512,7300,1920,1080,000001FAD6970CF0
1758,212996931388,13.181503000,7.373100,Present,0,512,7300,1920,1080,000001FAD6970CF0
1759,212997025708,13.190935000,9.432000,Present,0,512,7300,1920,1080,000001FAD6970CF0
1760,212997148497,13.203213900,12.278900,Present,0,512,7300,1920,1080,000001FAD6970CF0
1761,212997235035,13.211867700,8.653800,Present,0,512,7300,1920,1080,000001FAD6970CF0
1762,212997311151,13.219479300,7.611600,Present,0,512,7300,1920,1080,000001FAD6970CF0
1763,212997391698,13.227534000,8.054700,Present,0,512,7300,1920,1080,000001FAD6970CF0
1764,212997479167,13.236280900,8.746900,Present,0,512,7300,1920,1080,000001FAD6970CF0
1765,212997567904,13.245154600,8.873700,Present,0,512,7300,1920,1080,000001FAD6970CF0
1766,212997664077,13.254771900,9.617300,Present,0,512,7300,1920,1080,000001FAD6970CF0
1767,212997775851,13.265949300,11.177400,Present,0,512,7300,1920,1080,000001FAD6970CF0
1768,212997874065,13.275770700,9.821400,Present,0,512,7300,1920,1080,000001FAD6970CF0
1769,212997967292,13.285093400,9.322700,Present,0,512,7300,1920,1080,000001FAD6970CF0
1770,212998050598,13.293424000,8.330600,Present,0,512,7300,1920,1080,000001FAD6970CF0
1771,212998148689,13.303233100,9.809100,Present,0,512,7300,1920,1080,000001FAD6970CF0
1772,212998242094,13.312573600,9.340500,Present,0,512,7300,1920,1080,000001FAD6970CF0
1773,212998331397,13.321503900,8.930300,Present,0,512,7300,1920,1080,000001FAD6970CF0
1774,212998413471,13.329711300,8.207400,Present,0,512,7300,1920,1080,000001FAD6970CF0
1775,212998501783,13.338542500,8.831200,Present,0,512,7300,1920,1080,000001FAD6970CF0
1776,212998573530,13.345717200,7.174700,Present,0,512,7300,1920,1080,000001FAD6970CF0
1777,212998665954,13.354959600,9.242400,Present,0,512,7300,1920,1080,000001FAD6970CF0
1778,212998743485,13.362712700,7.753100,Present,0,512,7300,1920,1080,000001FAD6970CF0
1779,212998827339,13.371098100,8.385400,Present,0,512,7300,1920,1080,000001FAD6970CF0
1780,212998915072,13.379871400,8.773300,Present,0,512,7300,1920,1080,000001FAD6970CF0
1781,212999007405,13.389104700,9.233300,Present,0,512,7300,1920,1080,000001FAD6970CF0
1782,212999092943,13.397658500,8.553800,Present,0,512,7300,1920,1080,000001FAD6970CF0
1783,212999181194,13.406483600,8.825100,Present,0,512,7300,1920,1080,000001FAD6970CF0
1784,212999261914,13.414555600,8.072000,Present,0,512,7300,1920,1080,000001FAD6970CF0
1785,212999340625,13.422426700,7.871100,Present,0,512,7300,1920,1080,000001FAD6970CF0
1786,212999422048,13.430569000,8.142300,Present,0,512,7300,1920,1080,000001FAD6970CF0
1787,212999508119,13.439176100,8.607100,Present,0,512,7300,1920,1080,000001FAD6970CF0
1788,212999579699,13.446334100,7.158000,Present,0,512,7300,1920,1080,000001FAD6970CF0
1789,212999660331,13.454397300,8.063200,Present,0,512,7300,1920,1080,000001FAD6970CF0
1790,212999731514,13.461515600,7.118300,Present,0,512,7300,1920,1080,000001FAD6970CF0
1791,212999809856,13.469349800,7.834200,Present,0,512,7300,1920,1080,000001FAD6970CF0
1792,212999895311,13.477895300,8.545500,Present,0,512,7300,1920,1080,000001FAD6970CF0
1793,212999969733,13.485337500,7.442200,Present,0,512,7300,1920,1080,000001FAD6970CF0
1794,213000054815,13.493845700,8.508200,Present,0,512,7300,1920,1080,000001FAD6970CF0
1795,213000145821,13.502946300,9.100600,Present,0,512,7300,1920,1080,000001FAD6970CF0
1796,213000248371,13.513201300,10.255000,Present,0,512,7300,1920,1080,000001FAD6970CF0
1797,213000368182,13.525182400,11.981100,Present,0,512,7300,1920,1080,000001FAD6970CF0
1798,213000447471,13.533111300,7.928900,Present,0,512,7300,1920,1080,000001FAD6970CF0
1799,213000529784,13.541342600,8.231300,Present,0,512,7300,1920,1080,000001FAD6970CF0
1800,213000611198,13.549484000,8.141400,Present,0,512,7300,1920,1080,000001FAD6970CF0
1801,213000702641,13.558628300,9.144300,Present,0,512,7300,1920,1080,000001FAD6970CF0
1802,213000790166,13.567380800,8.752500,Present,0,512,7300,1920,1080,000001FAD6970CF0
1803,213000866393,13.575003500,7.622700,Present,0,512,7300,1920,1080,000001FAD6970CF0
1804,213000952414,13.583605600,8.602100,Present,0,512,7300,1920,1080,000001FAD6970CF0
1805,213001026588,13.591023000,7.417400,Present,0,512,7300,1920,1080,000001FAD6970CF0
1806,213001115395,13.599903700,8.880700,Present,0,512,7300,1920,1080,000001FAD6970CF0
1807,213001191434,13.607507600,7.603900,Present,0,512,7300,1920,1080,000001FAD6970CF0
1808,213001271111,13.615475300,7.967700,Present,0,512,7300,1920,1080,000001FAD6970CF0
1809,213001364969,13.624861100,9.385800,Present,0,512,7300,1920,1080,000001FAD6970CF0
1810,213001452532,13.633617400,8.756300,Present,0,512,7300,1920,1080,000001FAD6970CF0
1811,213001537856,13.642149800,8.532400,Present,0,512,7300,1920,1080,000001FAD6970CF0
1812,213001612311,13.649595300,7.445500,Present,0,512,7300,1920,1080,000001FAD6970CF0
1813,213001698147,13.658178900,8.583600,Present,0,512,7300,1920,1080,000001FAD6970CF0
1814,213001780349,13.666399100,8.220200,Present,0,512,7300,1920,1080,000001FAD6970CF0
1815,213001870969,13.675461100,9.062000,Present,0,512,7300,1920,1080,000001FAD6970CF0
1816,213001949614,13.683325600,7.864500,Present,0,512,7300,1920,1080,000001FAD6970CF0
1817,213002031464,13.691510600,8.185000,Present,0,512,7300,1920,1080,000001FAD6970CF0
1818,213002104803,13.698844500,7.333900,Present,0,512,7300,1920,1080,000001FAD6970CF0
1819,213002179003,13.706264500,7.420000,Present,0,512,7300,1920,1080,000001FAD6970CF0
1820,213002250522,13.713416400,7.151900,Present,0,512,7300,1920,1080,000001FAD6970CF0
1821,213002335016,13.721865800,8.449400,Present,0,512,7300,1920,1080,000001FAD6970CF0
1822,213002424276,13.730791800,8.926000,Present,0,512,7300,1920,1080,000001FAD6970CF0
1823,213002513035,13.739667700,8.875900,Present,0,512,7300,1920,1080,000001FAD6970CF0
1824,213002591210,13.747485200,7.817500,Present,0,512,7300,1920,1080,000001FAD6970CF0
1825,213002670645,13.755428700,7.943500,Present,0,512,7300,1920,1080,000001FAD6970CF0
1826,213002748927,13.763256900,7.828200,Present,0,512,7300,1920,1080,000001FAD6970CF0
1827,213002826211,13.770985300,7.728400,Present,0,512,7300,1920,1080,000001FAD6970CF0
1828,213002905811,13.778945300,7.960000,Present,0,512,7300,1920,1080,000001FAD6970CF0
1829,213002973836,13.785747800,6.802500,Present,0,512,7300,1920,1080,000001FAD6970CF0
1830,213003045639,13.792928100,7.180300,Present,0,512,7300,1920,1080,000001FAD6970CF0
1831,213003120656,13.800429800,7.501700,Present,0,512,7300,1920,1080,000001FAD6970CF0
1832,213003202708,13.808635000,8.205200,Present,0,512,7300,1920,1080,000001FAD6970CF0
1833,213003284952,13.816859400,8.224400,Present,0,512,7300,1920,1080,000001FAD6970CF0
1834,213003371512,13.825515400,8.656000,Present,0,512,7300,1920,1080,000001FAD6970CF0
1835,213003449279,13.833292100,7.776700,Present,0,512,7300,1920,1080,000001FAD6970CF0
1836,213003519610,13.840325200,7.033100,Present,0,512,7300,1920,1080,000001FAD6970CF0
1837,213003594231,13.847787300,7.462100,Present,0,512,7300,1920,1080,000001FAD6970CF0
1838,213003663753,13.854739500,6.952200,Present,0,512,7300,1920,1080,000001FAD6970CF0
1839,213003739679,13.862332100,7.592600,Present,0,512,7300,1920,1080,000001FAD6970CF0
1840,213003829735,13.871337700,9.005600,Present,0,512,7300,1920,1080,000001FAD6970CF0
1841,213003909781,13.879342300,8.004600,Present,0,512,7300,1920,1080,000001FAD6970CF0
1842,213003981773,13.886541500,7.199200,Present,0,512,7300,1920,1080,000001FAD6970CF0
1843,213004070073,13.895371500,8.830000,Present,0,512,7300,1920,1080,000001FAD6970CF0
1844,213004143570,13.902721200,7.349700,Present,0,512,7300,1920,1080,000001FAD6970CF0
1845,213004225878,13.910952000,8.230800,Present,0,512,7300,1920,1080,000001FAD6970CF0
1846,213004324298,13.920794000,9.842000,Present,0,512,7300,1920,1080,000001FAD6970CF0
1847,213004400450,13.928409200,7.615200,Present,0,512,7300,1920,1080,000001FAD6970CF0
1848,213004866124,13.974976600,46.567400,Present,0,512,7300,1920,1080,000001FAD6970CF0
1849,213004962412,13.984605400,9.628800,Present,0,512,7300,1920,1080,000001FAD6970CF0
1850,213005037099,13.992074100,7.468700,Present,0,512,7300,1920,1080,000001FAD6970CF0
1851,213005112068,13.999571000,7.496900,Present,0,512,7300,1920,1080,000001FAD6970CF0
1852,213005191543,14.007518500,7.947500,Present,0,512,7300,1920,1080,000001FAD6970CF0
1853,213005270800,14.015444200,7.925700,Present,0,512,7300,1920,1080,000001FAD6970CF0
1854,213005359955,14.024359700,8.915500,Present,0,512,7300,1920,1080,000001FAD6970CF0
1855,213005451734,14.033537600,9.177900,Present,0,512,7300,1920,1080,000001FAD6970CF0
1856,213005533746,14.041738800,8.201200,Present,0,512,7300,1920,1080,000001FAD6970CF0
1857,213005618418,14.050206000,8.467200,Present,0,512,7300,1920,1080,000001FAD6970CF0
1858,213005697445,14.058108700,7.902700,Present,0,512,7300,1920,1080,000001FAD6970CF0
1859,213005774692,14.065833400,7.724700,Present,0,512,7300,1920,1080,000001FAD6970CF0
1860,213005849489,14.073313100,7.479700,Present,0,512,7300,1920,1080,000001FAD6970CF0
1861,213005922045,14.080568700,7.255600,Present,0,512,7300,1920,1080,000001FAD6970CF0
1862,213006003805,14.088744700,8.176000,Present,0,512,7300,1920,1080,000001FAD6970CF0
1863,213006084749,14.096839100,8.094400,Present,0,512,7300,1920,1080,000001FAD6970CF0
1864,213006163926,14.104756800,7.917700,Present,0,512,7300,1920,1080,000001FAD6970CF0
1865,213006247103,14.113074500,8.317700,Present,0,512,7300,1920,1080,000001FAD6970CF0
1866,213006330664,14.121430600,8.356100,Present,0,512,7300,1920,1080,000001FAD6970CF0
1867,213006475858,14.135950000,14.519400,Present,0,512,7300,1920,1080,000001FAD6970CF0
1868,213006545640,14.142928200,6.978200,Present,0,512,7300,1920,1080,000001FAD6970CF0
1869,213006625442,14.150908400,7.980200,Present,0,512,7300,1920,1080,000001FAD6970CF0
1870,213006694673,14.157831500,6.923100,Present,0,512,7300,1920,1080,000001FAD6970CF0
1871,213006804962,14.168860400,11.028900,Present,0,512,7300,1920,1080,000001FAD6970CF0
1872,213006932373,14.181601500,12.741100,Present,0,512,7300,1920,1080,000001FAD6970CF0
1873,213007005927,14.188956900,7.355400,Present,0,512,7300,1920,1080,000001FAD6970CF0
1874,213007079818,14.196346000,7.389100,Present,0,512,7300,1920,1080,000001FAD6970CF0
1875,213007151770,14.203541200,7.195200,Present,0,512,7300,1920,1080,000001FAD6970CF0
1876,213007228969,14.211261100,7.719900,Present,0,512,7300,1920,1080,000001FAD6970CF0
1877,213007301716,14.218535800,7.274700,Present,0,512,7300,1920,1080,000001FAD6970CF0
1878,213007387537,14.227117900,8.582100,Present,0,512,7300,1920,1080,000001FAD6970CF0
1879,213007465636,14.234927800,7.809900,Present,0,512,7300,1920,1080,000001FAD6970CF0
1880,213007553807,14.243744900,8.817100,Present,0,512,7300,1920,1080,000001FAD6970CF0
1881,213007625853,14.250949500,7.204600,Present,0,512,7300,1920,1080,000001FAD6970CF0
1882,213007705645,14.258928700,7.979200,Present,0,512,7300,1920,1080,000001FAD6970CF0
1883,213007781736,14.266537800,7.609100,Present,0,512,7300,1920,1080,000001FAD6970CF0
1884,213007859870,14.274351200,7.813400,Present,0,512,7300,1920,1080,000001FAD6970CF0
1885,213007990286,14.287392800,13.041600,Present,0,512,7300,1920,1080,000001FAD6970CF0
1886,213008089192,14.297283400,9.890600,Present,0,512,7300,1920,1080,000001FAD6970CF0
1887,213008216582,14.310022400,12.739000,Present,0,512,7300,1920,1080,000001FAD6970CF0
1888,213008297238,14.318088000,8.065600,Present,0,512,7300,1920,1080,000001FAD6970CF0
1889,213008366693,14.325033500,6.945500,Present,0,512,7300,1920,1080,000001FAD6970CF0
1890,213008440896,14.332453800,7.420300,Present,0,512,7300,1920,1080,000001FAD6970CF0
1891,213008511725,14.339536700,7.082900,Present,0,512,7300,1920,1080,000001FAD6970CF0
1892,213008594351,14.347799300,8.262600,Present,0,512,7300,1920,1080,000001FAD6970CF0
1893,213008677161,14.356080300,8.281000,Present,0,512,7300,1920,1080,000001FAD6970CF0
1894,213008793328,14.367697000,11.616700,Present,0,512,7300,1920,1080,000001FAD6970CF0
1895,213008880557,14.376419900,8.722900,Present,0,512,7300,1920,1080,000001FAD6970CF0
1896,213008976887,14.386052900,9.633000,Present,0,512,7300,1920,1080,000001FAD6970CF0
1897,213009063737,14.394737900,8.685000,Present,0,512,7300,1920,1080,000001FAD6970CF0
1898,213009142248,14.402589000,7.851100,Present,0,512,7300,1920,1080,000001FAD6970CF0
1899,213009231337,14.411497900,8.908900,Present,0,512,7300,1920,1080,000001FAD6970CF0
1900,213009401089,14.428473100,16.975200,Present,0,512,7300,1920,1080,000001FAD6970CF0
1901,213009491901,14.437554300,9.081200,Present,0,512,7300,1920,1080,000001FAD6970CF0
1902,213009586211,14.446985300,9.431000,Present,0,512,7300,1920,1080,000001FAD6970CF0
1903,213009661474,14.454511600,7.526300,Present,0,512,7300,1920,1080,000001FAD6970CF0
1904,213009735869,14.461951100,7.439500,Present,0,512,7300,1920,1080,000001FAD6970CF0
1905,213009827404,14.471104600,9.153500,Present,0,512,7300,1920,1080,000001FAD6970CF0
1906,213009907730,14.479137200,8.032600,Present,0,512,7300,1920,1080,000001FAD6970CF0
1907,213009985435,14.486907700,7.770500,Present,0,512,7300,1920,1080,000001FAD6970CF0
1908,213010067101,14.495074300,8.166600,Present,0,512,7300,1920,1080,000001FAD6970CF0
1909,213010133617,14.501725900,6.651600,Present,0,512,7300,1920,1080,000001FAD6970CF0
1910,213010207266,14.509090800,7.364900,Present,0,512,7300,1920,1080,000001FAD6970CF0
1911,213010276530,14.516017200,6.926400,Present,0,512,7300,1920,1080,000001FAD6970CF0
1912,213010399526,14.528316800,12.299600,Present,0,512,7300,1920,1080,000001FAD6970CF0
1913,213010477708,14.536135000,7.818200,Present,0,512,7300,1920,1080,000001FAD6970CF0
1914,213010603299,14.548694100,12.559100,Present,0,512,7300,1920,1080,000001FAD6970CF0
1915,213010752730,14.563637200,14.943100,Present,0,512,7300,1920,1080,000001FAD6970CF0
1916,213010842814,14.572645600,9.008400,Present,0,512,7300,1920,1080,000001FAD6970CF0
1917,213010929099,14.581274100,8.628500,Present,0,512,7300,1920,1080,000001FAD6970CF0
1918,213010997802,14.588144400,6.870300,Present,0,512,7300,1920,1080,000001FAD6970CF0
1919,213011086258,14.596990000,8.845600,Present,0,512,7300,1920,1080,000001FAD6970CF0
1920,213011165131,14.604877300,7.887300,Present,0,512,7300,1920,1080,000001FAD6970CF0
1921,213011244283,14.612792500,7.915200,Present,0,512,7300,1920,1080,000001FAD6970CF0
1922,213011325015,14.620865700,8.073200,Present,0,512,7300,1920,1080,000001FAD6970CF0
1923,213011407867,14.629150900,8.285200,Present,0,512,7300,1920,1080,000001FAD6970CF0
1924,213011491940,14.637558200,8.407300,Present,0,512,7300,1920,1080,000001FAD6970CF0
1925,213011583513,14.646715500,9.157300,Present,0,512,7300,1920,1080,000001FAD6970CF0
1926,213011664871,14.654851300,8.135800,Present,0,512,7300,1920,1080,000001FAD6970CF0
1927,213011756295,14.663993700,9.142400,Present,0,512,7300,1920,1080,000001FAD6970CF0
1928,213011839601,14.672324300,8.330600,Present,0,512,7300,1920,1080,000001FAD6970CF0
1929,213011929252,14.681289400,8.965100,Present,0,512,7300,1920,1080,000001FAD6970CF0
1930,213012020413,14.690405500,9.116100,Present,0,512,7300,1920,1080,000001FAD6970CF0
1931,213012095426,14.697906800,7.501300,Present,0,512,7300,1920,1080,000001FAD6970CF0
1932,213012181856,14.706549800,8.643000,Present,0,512,7300,1920,1080,000001FAD6970CF0
1933,213012266217,14.714985900,8.436100,Present,0,512,7300,1920,1080,000001FAD6970CF0
1934,213012333227,14.721686900,6.701000,Present,0,512,7300,1920,1080,000001FAD6970CF0
1935,213012410922,14.729456400,7.769500,Present,0,512,7300,1920,1080,000001FAD6970CF0
1936,213012492959,14.737660100,8.203700,Present,0,512,7300,1920,1080,000001FAD6970CF0
1937,213012575958,14.745960000,8.299900,Present,0,512,7300,1920,1080,000001FAD6970CF0
1938,213012646014,14.752965600,7.005600,Present,0,512,7300,1920,1080,000001FAD6970CF0
1939,213012722872,14.760651400,7.685800,Present,0,512,7300,1920,1080,000001FAD6970CF0
1940,213012796470,14.768011200,7.359800,Present,0,512,7300,1920,1080,000001FAD6970CF0
1941,213012872584,14.775622600,7.611400,Present,0,512,7300,1920,1080,000001FAD6970CF0
1942,213012944950,14.782859200,7.236600,Present,0,512,7300,1920,1080,000001FAD6970CF0
1943,213013028594,14.791223600,8.364400,Present,0,512,7300,1920,1080,000001FAD6970CF0
1944,213013108705,14.799234700,8.011100,Present,0,512,7300,1920,1080,000001FAD6970CF0
1945,213013181609,14.806525100,7.290400,Present,0,512,7300,1920,1080,000001FAD6970CF0
1946,213013252588,14.813623000,7.097900,Present,0,512,7300,1920,1080,000001FAD6970CF0
1947,213013321441,14.820508300,6.885300,Present,0,512,7300,1920,1080,000001FAD6970CF0
1948,213013401999,14.828564100,8.055800,Present,0,512,7300,1920,1080,000001FAD6970CF0
1949,213013481247,14.836488900,7.924800,Present,0,512,7300,1920,1080,000001FAD6970CF0
1950,213013559594,14.844323600,7.834700,Present,0,512,7300,1920,1080,000001FAD6970CF0
1951,213013628043,14.851168500,6.844900,Present,0,512,7300,1920,1080,000001FAD6970CF0
1952,213013714907,14.859854900,8.686400,Present,0,512,7300,1920,1080,000001FAD6970CF0
1953,213013782985,14.866662700,6.807800,Present,0,512,7300,1920,1080,000001FAD6970CF0
1954,213013861698,14.874534000,7.871300,Present,0,512,7300,1920,1080,000001FAD6970CF0
1955,213013930134,14.881377600,6.843600,Present,0,512,7300,1920,1080,000001FAD6970CF0
1956,213013999860,14.888350200,6.972600,Present,0,512,7300,1920,1080,000001FAD6970CF0
1957,213014079610,14.896325200,7.975000,Present,0,512,7300,1920,1080,000001FAD6970CF0
1958,213014169347,14.905298900,8.973700,Present,0,512,7300,1920,1080,000001FAD6970CF0
1959,213014232183,14.911582500,6.283600,Present,0,512,7300,1920,1080,000001FAD6970CF0
1960,213014526843,14.941048500,29.466000,Present,0,512,7300,1920,1080,000001FAD6970CF0
1961,213014615561,14.949920300,8.871800,Present,0,512,7300,1920,1080,000001FAD6970CF0
1962,213014690770,14.957441200,7.520900,Present,0,512,7300,1920,1080,000001FAD6970CF0
1963,213014780635,14.966427700,8.986500,Present,0,512,7300,1920,1080,000001FAD6970CF0
1964,213014859881,14.974352300,7.924600,Present,0,512,7300,1920,1080,000001FAD6970CF0
1965,213014930620,14.981426200,7.073900,Present,0,512,7300,1920,1080,000001FAD6970CF0
1966,213015004243,14.988788500,7.362300,Present,0,512,7300,1920,1080,000001FAD6970CF0
1967,213015084787,14.996842900,8.054400,Present,0,512,7300,1920,1080,000001FAD6970CF0
1968,213015151387,15.003502900,6.660000,Present,0,512,7300,1920,1080,000001FAD6970CF0
1969,213015235152,15.011879400,8.376500,Present,0,512,7300,1920,1080,000001FAD6970CF0
1970,213015311478,15.019512000,7.632600,Present,0,512,7300,1920,1080,000001FAD6970CF0
1971,213015388509,15.027215100,7.703100,Present,0,512,7300,1920,1080,000001FAD6970CF0
1972,213015463114,15.034675600,7.460500,Present,0,512,7300,1920,1080,000001FAD6970CF0
1973,213015548877,15.043251900,8.576300,Present,0,512,7300,1920,1080,000001FAD6970CF0
1974,213015619915,15.050355700,7.103800,Present,0,512,7300,1920,1080,000001FAD6970CF0
1975,213015693415,15.057705700,7.350000,Present,0,512,7300,1920,1080,000001FAD6970CF0
1976,213015782590,15.066623200,8.917500,Present,0,512,7300,1920,1080,000001FAD6970CF0
1977,213015895645,15.077928700,11.305500,Present,0,512,7300,1920,1080,000001FAD6970CF0
1978,213015971469,15.085511100,7.582400,Present,0,512,7300,1920,1080,000001FAD6970CF0
1979,213016066800,15.095044200,9.533100,Present,0,512,7300,1920,1080,000001FAD6970CF0
1980,213016133762,15.101740400,6.696200,Present,0,512,7300,1920,1080,000001FAD6970CF0
1981,213016211093,15.109473500,7.733100,Present,0,512,7300,1920,1080,000001FAD6970CF0
1982,213016280869,15.116451100,6.977600,Present,0,512,7300,1920,1080,000001FAD6970CF0
1983,213016353812,15.123745400,7.294300,Present,0,512,7300,1920,1080,000001FAD6970CF0
1984,213016435870,15.131951200,8.205800,Present,0,512,7300,1920,1080,000001FAD6970CF0
1985,213016514432,15.139807400,7.856200,Present,0,512,7300,1920,1080,000001FAD6970CF0
1986,213016585312,15.146895400,7.088000,Present,0,512,7300,1920,1080,000001FAD6970CF0
1987,213016664026,15.154766800,7.871400,Present,0,512,7300,1920,1080,000001FAD6970CF0
1988,213016742029,15.162567100,7.800300,Present,0,512,7300,1920,1080,000001FAD6970CF0
1989,213016824645,15.170828700,8.261600,Present,0,512,7300,1920,1080,000001FAD6970CF0
1990,213016954857,15.183849900,13.021200,Present,0,512,7300,1920,1080,000001FAD6970CF0
1991,213017059154,15.194279600,10.429700,Present,0,512,7300,1920,1080,000001FAD6970CF0
1992,213017141233,15.202487500,8.207900,Present,0,512,7300,1920,1080,000001FAD6970CF0
1993,213017254542,15.213818400,11.330900,Present,0,512,7300,1920,1080,000001FAD6970CF0
1994,213017333360,15.221700200,7.881800,Present,0,512,7300,1920,1080,000001FAD6970CF0
1995,213017406330,15.228997200,7.297000,Present,0,512,7300,1920,1080,000001FAD6970CF0
1996,213017495101,15.237874300,8.877100,Present,0,512,7300,1920,1080,000001FAD6970CF0
1997,213017574910,15.245855200,7.980900,Present,0,512,7300,1920,1080,000001FAD6970CF0
1998,213017673880,15.255752200,9.897000,Present,0,512,7300,1920,1080,000001FAD6970CF0
1999,213017763381,15.264702300,8.950100,Present,0,512,7300,1920,1080,000001FAD6970CF0
2000,213017834195,15.271783700,7.081400,Present,0,512,7300,1920,1080,000001FAD6970CF0
2001,213017903602,15.278724400,6.940700,Present,0,512,7300,1920,1080,000001FAD6970CF0
2002,213017982010,15.286565200,7.840800,Present,0,512,7300,1920,1080,000001FAD6970CF0
2003,213018062897,15.294653900,8.088700,Present,0,512,7300,1920,1080,000001FAD6970CF0
2004,213018144455,15.302809700,8.155800,Present,0,512,7300,1920,1080,000001FAD6970CF0
2005,213018225608,15.310925000,8.115300,Present,0,512,7300,1920,1080,000001FAD6970CF0
2006,213018305616,15.318925800,8.000800,Present,0,512,7300,1920,1080,000001FAD6970CF0
2007,213018378043,15.326168500,7.242700,Present,0,512,7300,1920,1080,000001FAD6970CF0
2008,213018455654,15.333929600,7.761100,Present,0,512,7300,1920,1080,000001FAD6970CF0
2009,213018559650,15.344329200,10.399600,Present,0,512,7300,1920,1080,000001FAD6970CF0
2010,213018644032,15.352767400,8.438200,Present,0,512,7300,1920,1080,000001FAD6970CF0
2011,213018720717,15.360435900,7.668500,Present,0,512,7300,1920,1080,000001FAD6970CF0
2012,213018793489,15.367713100,7.277200,Present,0,512,7300,1920,1080,000001FAD6970CF0
2013,213018878389,15.376203100,8.490000,Present,0,512,7300,1920,1080,000001FAD6970CF0
2014,213018945339,15.382898100,6.695000,Present,0,512,7300,1920,1080,000001FAD6970CF0
2015,213019015595,15.389923700,7.025600,Present,0,512,7300,1920,1080,000001FAD6970CF0
2016,213019079655,15.396329700,6.406000,Present,0,512,7300,1920,1080,000001FAD6970CF0
2017,213019156060,15.403970200,7.640500,Present,0,512,7300,1920,1080,000001FAD6970CF0
2018,213019232174,15.411581600,7.611400,Present,0,512,7300,1920,1080,000001FAD6970CF0
2019,213019292796,15.417643800,6.062200,Present,0,512,7300,1920,1080,000001FAD6970CF0
2020,213019367901,15.425154300,7.510500,Present,0,512,7300,1920,1080,000001FAD6970CF0
2021,213019436606,15.432024800,6.870500,Present,0,512,7300,1920,1080,000001FAD6970CF0
2022,213019511163,15.439480500,7.455700,Present,0,512,7300,1920,1080,000001FAD6970CF0
2023,213019582893,15.446653500,7.173000,Present,0,512,7300,1920,1080,000001FAD6970CF0
2024,213019656169,15.453981100,7.327600,Present,0,512,7300,1920,1080,000001FAD6970CF0
2025,213019719215,15.460285700,6.304600,Present,0,512,7300,1920,1080,000001FAD6970CF0
2026,213019789814,15.467345600,7.059900,Present,0,512,7300,1920,1080,000001FAD6970CF0
2027,213019850166,15.473380800,6.035200,Present,0,512,7300,1920,1080,000001FAD6970CF0
2028,213019914256,15.479789800,6.409000,Present,0,512,7300,1920,1080,000001FAD6970CF0
2029,213020003701,15.488734300,8.944500,Present,0,512,7300,1920,1080,000001FAD6970CF0
2030,213020080790,15.496443200,7.708900,Present,0,512,7300,1920,1080,000001FAD6970CF0
2031,213020157018,15.504066000,7.622800,Present,0,512,7300,1920,1080,000001FAD6970CF0
2032,213020235214,15.511885600,7.819600,Present,0,512,7300,1920,1080,000001FAD6970CF0
2033,213020309691,15.519333300,7.447700,Present,0,512,7300,1920,1080,000001FAD6970CF0
2034,213020378844,15.526248600,6.915300,Present,0,512,7300,1920,1080,000001FAD6970CF0
2035,213020460069,15.534371100,8.122500,Present,0,512,7300,1920,1080,000001FAD6970CF0
2036,213020529084,15.541272600,6.901500,Present,0,512,7300,1920,1080,000001FAD6970CF0
2037,213020603584,15.548722600,7.450000,Present,0,512,7300,1920,1080,000001FAD6970CF0
2038,213020678017,15.556165900,7.443300,Present,0,512,7300,1920,1080,000001FAD6970CF0
2039,213020764148,15.564779000,8.613100,Present,0,512,7300,1920,1080,000001FAD6970CF0
2040,213020843077,15.572671900,7.892900,Present,0,512,7300,1920,1080,000001FAD6970CF0
2041,213020915475,15.579911700,7.239800,Present,0,512,7300,1920,1080,000001FAD6970CF0
2042,213020988292,15.587193400,7.281700,Present,0,512,7300,1920,1080,000001FAD6970CF0
2043,213021057865,15.594150700,6.957300,Present,0,512,7300,1920,1080,000001FAD6970CF0
2044,213021118933,15.600257500,6.106800,Present,0,512,7300,1920,1080,000001FAD6970CF0
2045,213021192015,15.607565700,7.308200,Present,0,512,7300,1920,1080,000001FAD6970CF0
2046,213021258601,15.614224300,6.658600,Present,0,512,7300,1920,1080,000001FAD6970CF0
2047,213021321243,15.620488500,6.264200,Present,0,512,7300,1920,1080,000001FAD6970CF0
2048,213021388095,15.627173700,6.685200,Present,0,512,7300,1920,1080,000001FAD6970CF0
2049,213021467066,15.635070800,7.897100,Present,0,512,7300,1920,1080,000001FAD6970CF0
2050,213021544722,15.642836400,7.765600,Present,0,512,7300,1920,1080,000001FAD6970CF0
2051,213021609234,15.649287600,6.451200,Present,0,512,7300,1920,1080,000001FAD6970CF0
2052,213021689310,15.657295200,8.007600,Present,0,512,7300,1920,1080,000001FAD6970CF0
2053,213021764975,15.664861700,7.566500,Present,0,512,7300,1920,1080,000001FAD6970CF0
2054,213021848909,15.673255100,8.393400,Present,0,512,7300,1920,1080,000001FAD6970CF0
2055,213021909668,15.679331000,6.075900,Present,0,512,7300,1920,1080,000001FAD6970CF0
2056,213021998688,15.688233000,8.902000,Present,0,512,7300,1920,1080,000001FAD6970CF0
2057,213022066780,15.695042200,6.809200,Present,0,512,7300,1920,1080,000001FAD6970CF0
2058,213022143860,15.702750200,7.708000,Present,0,512,7300,1920,1080,000001FAD6970CF0
2059,213022214087,15.709772900,7.022700,Present,0,512,7300,1920,1080,000001FAD6970CF0
2060,213022278782,15.716242400,6.469500,Present,0,512,7300,1920,1080,000001FAD6970CF0
2061,213022340865,15.722450700,6.208300,Present,0,512,7300,1920,1080,000001FAD6970CF0
2062,213022414485,15.729812700,7.362000,Present,0,512,7300,1920,1080,000001FAD6970CF0
2063,213022481611,15.736525300,6.712600,Present,0,512,7300,1920,1080,000001FAD6970CF0
2064,213022552592,15.743623400,7.098100,Present,0,512,7300,1920,1080,000001FAD6970CF0
2065,213022621355,15.750499700,6.876300,Present,0,512,7300,1920,1080,000001FAD6970CF0
2066,213022684371,15.756801300,6.301600,Present,0,512,7300,1920,1080,000001FAD6970CF0
2067,213022761384,15.764502600,7.701300,Present,0,512,7300,1920,1080,000001FAD6970CF0
2068,213022828937,15.771257900,6.755300,Present,0,512,7300,1920,1080,000001FAD6970CF0
2069,213022902116,15.778575800,7.317900,Present,0,512,7300,1920,1080,000001FAD6970CF0
2070,213022969463,15.785310500,6.734700,Present,0,512,7300,1920,1080,000001FAD6970CF0
2071,213023030720,15.791436200,6.125700,Present,0,512,7300,1920,1080,000001FAD6970CF0
2072,213023103672,15.798731400,7.295200,Present,0,512,7300,1920,1080,000001FAD6970CF0
2073,213023181866,15.806550800,7.819400,Present,0,512,7300,1920,1080,000001FAD6970CF0
2074,213023247150,15.813079200,6.528400,Present,0,512,7300,1920,1080,000001FAD6970CF0
2075,213023314840,15.819848200,6.769000,Present,0,512,7300,1920,1080,000001FAD6970CF0
2076,213023393914,15.827755600,7.907400,Present,0,512,7300,1920,1080,000001FAD6970CF0
2077,213023473088,15.835673000,7.917400,Present,0,512,7300,1920,1080,000001FAD6970CF0
2078,213023537453,15.842109500,6.436500,Present,0,512,7300,1920,1080,000001FAD6970CF0
2079,213023610786,15.849442800,7.333300,Present,0,512,7300,1920,1080,000001FAD6970CF0
2080,213023693356,15.857699800,8.257000,Present,0,512,7300,1920,1080,000001FAD6970CF0
2081,213024044653,15.892829500,35.129700,Present,0,512,7300,1920,1080,000001FAD6970CF0
2082,213024157979,15.904162100,11.332600,Present,0,512,7300,1920,1080,000001FAD6970CF0
2083,213024623755,15.950739700,46.577600,Present,0,512,7300,1920,1080,000001FAD6970CF0
2084,213026077195,16.096083700,145.344000,Present,0,512,7300,1920,1080,000001FAD6970CF0
2085,213026188435,16.107207700,11.124000,Present,0,512,7300,1920,1080,000001FAD6970CF0
2086,213026266408,16.115005000,7.797300,Present,0,512,7300,1920,1080,000001FAD6970CF0
2087,213026348228,16.123187000,8.182000,Present,0,512,7300,1920,1080,000001FAD6970CF0
2088,213026423101,16.130674300,7.487300,Present,0,512,7300,1920,1080,000001FAD6970CF0
2089,213026488327,16.137196900,6.522600,Present,0,512,7300,1920,1080,000001FAD6970CF0
2090,213026558057,16.144169900,6.973000,Present,0,512,7300,1920,1080,000001FAD6970CF0
2091,213026619729,16.150337100,6.167200,Present,0,512,7300,1920,1080,000001FAD6970CF0
2092,213026710852,16.159449400,9.112300,Present,0,512,7300,1920,1080,000001FAD6970CF0
2093,213026773890,16.165753200,6.303800,Present,0,512,7300,1920,1080,000001FAD6970CF0
2094,213026841121,16.172476300,6.723100,Present,0,512,7300,1920,1080,000001FAD6970CF0
2095,213026924832,16.180847400,8.371100,Present,0,512,7300,1920,1080,000001FAD6970CF0
2096,213026992708,16.187635000,6.787600,Present,0,512,7300,1920,1080,000001FAD6970CF0
2097,213027060081,16.194372300,6.737300,Present,0,512,7300,1920,1080,000001FAD6970CF0
2098,213027132981,16.201662300,7.290000,Present,0,512,7300,1920,1080,000001FAD6970CF0
2099,213027207582,16.209122400,7.460100,Present,0,512,7300,1920,1080,000001FAD6970CF0
2100,213027274763,16.215840500,6.718100,Present,0,512,7300,1920,1080,000001FAD6970CF0
2101,213027348529,16.223217100,7.376600,Present,0,512,7300,1920,1080,000001FAD6970CF0
2102,213027421598,16.230524000,7.306900,Present,0,512,7300,1920,1080,000001FAD6970CF0
2103,213027486372,16.237001400,6.477400,Present,0,512,7300,1920,1080,000001FAD6970CF0
2104,213027549903,16.243354500,6.353100,Present,0,512,7300,1920,1080,000001FAD6970CF0
2105,213027624489,16.250813100,7.458600,Present,0,512,7300,1920,1080,000001FAD6970CF0
2106,213027781237,16.266487900,15.674800,Present,0,512,7300,1920,1080,000001FAD6970CF0
2107,213027846888,16.273053000,6.565100,Present,0,512,7300,1920,1080,000001FAD6970CF0
2108,213027926860,16.281050200,7.997200,Present,0,512,7300,1920,1080,000001FAD6970CF0
2109,213027985439,16.286908100,5.857900,Present,0,512,7300,1920,1080,000001FAD6970CF0
2110,213028053762,16.293740400,6.832300,Present,0,512,7300,1920,1080,000001FAD6970CF0
2111,213028125500,16.300914200,7.173800,Present,0,512,7300,1920,1080,000001FAD6970CF0
2112,213028210536,16.309417800,8.503600,Present,0,512,7300,1920,1080,000001FAD6970CF0
2113,213028276858,16.316050000,6.632200,Present,0,512,7300,1920,1080,000001FAD6970CF0
2114,213028349374,16.323301600,7.251600,Present,0,512,7300,1920,1080,000001FAD6970CF0
2115,213028425044,16.330868600,7.567000,Present,0,512,7300,1920,1080,000001FAD6970CF0
2116,213028705840,16.358948200,28.079600,Present,0,512,7300,1920,1080,000001FAD6970CF0
2117,213028825438,16.370908000,11.959800,Present,0,512,7300,1920,1080,000001FAD6970CF0
2118,213029546897,16.443053900,72.145900,Present,0,512,7300,1920,1080,000001FAD6970CF0
2119,213029627447,16.451108900,8.055000,Present,0,512,7300,1920,1080,000001FAD6970CF0
2120,213029704784,16.458842600,7.733700,Present,0,512,7300,1920,1080,000001FAD6970CF0
2121,213029794354,16.467799600,8.957000,Present,0,512,7300,1920,1080,000001FAD6970CF0
2122,213029856122,16.473976400,6.176800,Present,0,512,7300,1920,1080,000001FAD6970CF0
2123,213029941211,16.482485300,8.508900,Present,0,512,7300,1920,1080,000001FAD6970CF0
2124,213030011947,16.489558900,7.073600,Present,0,512,7300,1920,1080,000001FAD6970CF0
2125,213030096727,16.498036900,8.478000,Present,0,512,7300,1920,1080,000001FAD6970CF0
2126,213030171311,16.505495300,7.458400,Present,0,512,7300,1920,1080,000001FAD6970CF0
2127,213030282863,16.516650500,11.155200,Present,0,512,7300,1920,1080,000001FAD6970CF0
2128,213030351974,16.523561600,6.911100,Present,0,512,7300,1920,1080,000001FAD6970CF0
2129,213030468402,16.535204400,11.642800,Present,0,512,7300,1920,1080,000001FAD6970CF0
2130,213030621544,16.550518600,15.314200,Present,0,512,7300,1920,1080,000001FAD6970CF0
2131,213030693476,16.557711800,7.193200,Present,0,512,7300,1920,1080,000001FAD6970CF0
2132,213030778213,16.566185500,8.473700,Present,0,512,7300,1920,1080,000001FAD6970CF0
2133,213030863778,16.574742000,8.556500,Present,0,512,7300,1920,1080,000001FAD6970CF0
2134,213030962284,16.584592600,9.850600,Present,0,512,7300,1920,1080,000001FAD6970CF0
2135,213031094285,16.597792700,13.200100,Present,0,512,7300,1920,1080,000001FAD6970CF0
2136,213031178282,16.606192400,8.399700,Present,0,512,7300,1920,1080,000001FAD6970CF0
2137,213031276253,16.615989500,9.797100,Present,0,512,7300,1920,1080,000001FAD6970CF0
2138,213031375817,16.625945900,9.956400,Present,0,512,7300,1920,1080,000001FAD6970CF0
2139,213031476914,16.636055600,10.109700,Present,0,512,7300,1920,1080,000001FAD6970CF0
2140,213031601423,16.648506500,12.450900,Present,0,512,7300,1920,1080,000001FAD6970CF0
2141,213031685687,16.656932900,8.426400,Present,0,512,7300,1920,1080,000001FAD6970CF0
2142,213031765085,16.664872700,7.939800,Present,0,512,7300,1920,1080,000001FAD6970CF0
2143,213031869891,16.675353300,10.480600,Present,0,512,7300,1920,1080,000001FAD6970CF0
2144,213031937401,16.682104300,6.751000,Present,0,512,7300,1920,1080,000001FAD6970CF0
2145,213032064135,16.694777700,12.673400,Present,0,512,7300,1920,1080,000001FAD6970CF0
2146,213032141810,16.702545200,7.767500,Present,0,512,7300,1920,1080,000001FAD6970CF0
2147,213032245491,16.712913300,10.368100,Present,0,512,7300,1920,1080,000001FAD6970CF0
2148,213032329343,16.721298500,8.385200,Present,0,512,7300,1920,1080,000001FAD6970CF0
2149,213032411723,16.729536500,8.238000,Present,0,512,7300,1920,1080,000001FAD6970CF0
2150,213032516719,16.740036100,10.499600,Present,0,512,7300,1920,1080,000001FAD6970CF0
2151,213032603910,16.748755200,8.719100,Present,0,512,7300,1920,1080,000001FAD6970CF0
2152,213032694079,16.757772100,9.016900,Present,0,512,7300,1920,1080,000001FAD6970CF0
2153,213032776828,16.766047000,8.274900,Present,0,512,7300,1920,1080,000001FAD6970CF0
2154,213032874949,16.775859100,9.812100,Present,0,512,7300,1920,1080,000001FAD6970CF0
2155,213032960091,16.784373300,8.514200,Present,0,512,7300,1920,1080,000001FAD6970CF0
2156,213033051785,16.793542700,9.169400,Present,0,512,7300,1920,1080,000001FAD6970CF0
2157,213033121130,16.800477200,6.934500,Present,0,512,7300,1920,1080,000001FAD6970CF0
2158,213033220102,16.810374400,9.897200,Present,0,512,7300,1920,1080,000001FAD6970CF0
2159,213033303256,16.818689800,8.315400,Present,0,512,7300,1920,1080,000001FAD6970CF0
2160,213033413943,16.829758500,11.068700,Present,0,512,7300,1920,1080,000001FAD6970CF0
2161,213033484687,16.836832900,7.074400,Present,0,512,7300,1920,1080,000001FAD6970CF0
2162,213033583342,16.846698400,9.865500,Present,0,512,7300,1920,1080,000001FAD6970CF0
2163,213033684133,16.856777500,10.079100,Present,0,512,7300,1920,1080,000001FAD6970CF0
2164,213033763220,16.864686200,7.908700,Present,0,512,7300,1920,1080,000001FAD6970CF0
2165,213033836381,16.872002300,7.316100,Present,0,512,7300,1920,1080,000001FAD6970CF0
2166,213033928620,16.881226200,9.223900,Present,0,512,7300,1920,1080,000001FAD6970CF0
2167,213034189028,16.907267000,26.040800,Present,0,512,7300,1920,1080,000001FAD6970CF0
2168,213034272415,16.915605700,8.338700,Present,0,512,7300,1920,1080,000001FAD6970CF0
2169,213034361323,16.924496500,8.890800,Present,0,512,7300,1920,1080,000001FAD6970CF0
2170,213034910340,16.979398200,54.901700,Present,0,512,7300,1920,1080,000001FAD6970CF0
2171,213035041542,16.992518400,13.120200,Present,0,512,7300,1920,1080,000001FAD6970CF0
2172,213035126259,17.000990100,8.471700,Present,0,512,7300,1920,1080,000001FAD6970CF0
2173,213035209843,17.009348500,8.358400,Present,0,512,7300,1920,1080,000001FAD6970CF0
2174,213035296284,17.017992600,8.644100,Present,0,512,7300,1920,1080,000001FAD6970CF0
2175,213035422608,17.030625000,12.632400,Present,0,512,7300,1920,1080,000001FAD6970CF0
2176,213035505874,17.038951600,8.326600,Present,0,512,7300,1920,1080,000001FAD6970CF0
2177,213035583735,17.046737700,7.786100,Present,0,512,7300,1920,1080,000001FAD6970CF0
2178,213035694201,17.057784300,11.046600,Present,0,512,7300,1920,1080,000001FAD6970CF0
2179,213035770404,17.065404600,7.620300,Present,0,512,7300,1920,1080,000001FAD6970CF0
2180,213035864672,17.074831400,9.426800,Present,0,512,7300,1920,1080,000001FAD6970CF0
2181,213036002008,17.088565000,13.733600,Present,0,512,7300,1920,1080,000001FAD6970CF0
2182,213036082967,17.096660900,8.095900,Present,0,512,7300,1920,1080,000001FAD6970CF0
2183,213036165262,17.104890400,8.229500,Present,0,512,7300,1920,1080,000001FAD6970CF0
2184,213036254852,17.113849400,8.959000,Present,0,512,7300,1920,1080,000001FAD6970CF0
2185,213036361522,17.124516400,10.667000,Present,0,512,7300,1920,1080,000001FAD6970CF0
2186,213036437386,17.132102800,7.586400,Present,0,512,7300,1920,1080,000001FAD6970CF0
2187,213036536988,17.142063000,9.960200,Present,0,512,7300,1920,1080,000001FAD6970CF0
2188,213036600342,17.148398400,6.335400,Present,0,512,7300,1920,1080,000001FAD6970CF0
2189,213036691711,17.157535300,9.136900,Present,0,512,7300,1920,1080,000001FAD6970CF0
2190,213036919530,17.180317200,22.781900,Present,0,512,7300,1920,1080,000001FAD6970CF0
2191,213037000372,17.188401400,8.084200,Present,0,512,7300,1920,1080,000001FAD6970CF0
2192,213037113652,17.199729400,11.328000,Present,0,512,7300,1920,1080,000001FAD6970CF0
2193,213037700970,17.258461200,58.731800,Present,0,512,7300,1920,1080,000001FAD6970CF0
2194,213037789552,17.267319400,8.858200,Present,0,512,7300,1920,1080,000001FAD6970CF0
2195,213037902116,17.278575800,11.256400,Present,0,512,7300,1920,1080,000001FAD6970CF0
2196,213038009070,17.289271200,10.695400,Present,0,512,7300,1920,1080,000001FAD6970CF0
2197,213038178091,17.306173300,16.902100,Present,0,512,7300,1920,1080,000001FAD6970CF0
2198,213038294029,17.317767100,11.593800,Present,0,512,7300,1920,1080,000001FAD6970CF0
2199,213038564706,17.344834800,27.067700,Present,0,512,7300,1920,1080,000001FAD6970CF0
2200,213038673517,17.355715900,10.881100,Present,0,512,7300,1920,1080,000001FAD6970CF0
2201,213038799788,17.368343000,12.627100,Present,0,512,7300,1920,1080,000001FAD6970CF0
2202,213038904013,17.378765500,10.422500,Present,0,512,7300,1920,1080,000001FAD6970CF0
2203,213039027159,17.391080100,12.314600,Present,0,512,7300,1920,1080,000001FAD6970CF0
2204,213039212244,17.409588600,18.508500,Present,0,512,7300,1920,1080,000001FAD6970CF0
2205,213039354000,17.423764200,14.175600,Present,0,512,7300,1920,1080,000001FAD6970CF0
2206,213039479367,17.436300900,12.536700,Present,0,512,7300,1920,1080,000001FAD6970CF0
2207,213039578757,17.446239900,9.939000,Present,0,512,7300,1920,1080,000001FAD6970CF0
2208,213039739796,17.462343800,16.103900,Present,0,512,7300,1920,1080,000001FAD6970CF0
2209,213039911776,17.479541800,17.198000,Present,0,512,7300,1920,1080,000001FAD6970CF0
2210,213040095462,17.497910400,18.368600,Present,0,512,7300,1920,1080,000001FAD6970CF0
2211,213041955537,17.683917900,186.007500,Present,0,512,7300,1920,1080,000001FAD6970CF0
2212,213042340032,17.722367400,38.449500,Present,0,512,7300,1920,1080,000001FAD6970CF0
2213,213049113705,18.399734700,677.367300,Present,0,512,7300,1920,1080,000001FAD6970CF0
2214,213050212794,18.509643600,109.908900,Present,0,512,7300,1920,1080,000001FAD6970CF0
2215,213050321286,18.520492800,10.849200,Present,0,512,7300,1920,1080,000001FAD6970CF0
2216,213050702073,18.558571500,38.078700,Present,0,512,7300,1920,1080,000001FAD6970CF0
2217,213051120723,18.600436500,41.865000,Present,0,512,7300,1920,1080,000001FAD6970CF0
2218,213052915000,18.779864200,179.427700,Present,0,512,7300,1920,1080,000001FAD6970CF0
2219,213053711682,18.859532400,79.668200,Present,0,512,7300,1920,1080,000001FAD6970CF0
2220,213055522068,19.040571000,181.038600,Present,0,512,7300,1920,1080,000001FAD6970CF0
2221,213057152239,19.203588100,163.017100,Present,0,512,7300,1920,1080,000001FAD6970CF0
2222,213059478840,19.436248200,232.660100,Present,0,512,7300,1920,1080,000001FAD6970CF0
2223,213060220950,19.510459200,74.211000,Present,0,512,7300,1920,1080,000001FAD6970CF0
2224,213060952100,19.583574200,73.115000,Present,0,512,7300,1920,1080,000001FAD6970CF0
2225,213061713851,19.659749300,76.175100,Present,0,512,7300,1920,1080,000001FAD6970CF0
2226,213062233165,19.711680700,51.931400,Present,0,512,7300,1920,1080,000001FAD6970CF0
2227,213062760577,19.764421900,52.741200,Present,0,512,7300,1920,1080,000001FAD6970CF0
2228,213063322039,19.820568100,56.146200,Present,0,512,7300,1920,1080,000001FAD6970CF0
2229,213063974385,19.885802700,65.234600,Present,0,512,7300,1920,1080,000001FAD6970CF0
2230,213064604653,19.948829500,63.026800,Present,0,512,7300,1920,1080,000001FAD6970CF0
2231,213065253966,20.013760800,64.931300,Present,0,512,7300,1920,1080,000001FAD6970CF0
2232,213065806125,20.068976700,55.215900,Present,0,512,7300,1920,1080,000001FAD6970CF0
2233,213066381786,20.126542800,57.566100,Present,0,512,7300,1920,1080,000001FAD6970CF0
2234,213067077281,20.196092300,69.549500,Present,0,512,7300,1920,1080,000001FAD6970CF0
2235,213067639759,20.252340100,56.247800,Present,0,512,7300,1920,1080,000001FAD6970CF0
2236,213068245978,20.312962000,60.621900,Present,0,512,7300,1920,1080,000001FAD6970CF0
2237,213068771531,20.365517300,52.555300,Present,0,512,7300,1920,1080,000001FAD6970CF0
2238,213069373980,20.425762200,60.244900,Present,0,512,7300,1920,1080,000001FAD6970CF0
2239,213069975619,20.485926100,60.163900,Present,0,512,7300,1920,1080,000001FAD6970CF0
2240,213070658794,20.554243600,68.317500,Present,0,512,7300,1920,1080,000001FAD6970CF0
2241,213071233912,20.611755400,57.511800,Present,0,512,7300,1920,1080,000001FAD6970CF0
2242,213071859121,20.674276300,62.520900,Present,0,512,7300,1920,1080,000001FAD6970CF0
2243,213072424811,20.730845300,56.569000,Present,0,512,7300,1920,1080,000001FAD6970CF0
2244,213073061816,20.794545800,63.700500,Present,0,512,7300,1920,1080,000001FAD6970CF0
2245,213073708636,20.859227800,64.682000,Present,0,512,7300,1920,1080,000001FAD6970CF0
2246,213074279160,20.916280200,57.052400,Present,0,512,7300,1920,1080,000001FAD6970CF0
2247,213074892912,20.977655400,61.375200,Present,0,512,7300,1920,1080,000001FAD6970CF0
2248,213075520815,21.040445700,62.790300,Present,0,512,7300,1920,1080,000001FAD6970CF0
2249,213076111437,21.099507900,59.062200,Present,0,512,7300,1920,1080,000001FAD6970CF0
2250,213076825246,21.170888800,71.380900,Present,0,512,7300,1920,1080,000001FAD6970CF0
2251,213077327565,21.221120700,50.231900,Present,0,512,7300,1920,1080,000001FAD6970CF0
2252,213077983014,21.286665600,65.544900,Present,0,512,7300,1920,1080,000001FAD6970CF0
2253,213078633869,21.351751100,65.085500,Present,0,512,7300,1920,1080,000001FAD6970CF0
2254,213079198862,21.408250400,56.499300,Present,0,512,7300,1920,1080,000001FAD6970CF0
2255,213079805452,21.468909400,60.659000,Present,0,512,7300,1920,1080,000001FAD6970CF0
2256,213080400621,21.528426300,59.516900,Present,0,512,7300,1920,1080,000001FAD6970CF0
2257,213081074698,21.595834000,67.407700,Present,0,512,7300,1920,1080,000001FAD6970CF0
2258,213081591169,21.647481100,51.647100,Present,0,512,7300,1920,1080,000001FAD6970CF0
2259,213082537046,21.742068800,94.587700,Present,0,512,7300,1920,1080,000001FAD6970CF0
2260,213082787493,21.767113500,25.044700,Present,0,512,7300,1920,1080,000001FAD6970CF0
2261,213083409572,21.829321400,62.207900,Present,0,512,7300,1920,1080,000001FAD6970CF0
2262,213084140282,21.902392400,73.071000,Present,0,512,7300,1920,1080,000001FAD6970CF0
2263,213084709507,21.959314900,56.922500,Present,0,512,7300,1920,1080,000001FAD6970CF0
2264,213085638339,22.052198100,92.883200,Present,0,512,7300,1920,1080,000001FAD6970CF0
2265,213086104828,22.098847000,46.648900,Present,0,512,7300,1920,1080,000001FAD6970CF0
2266,213086764816,22.164845800,65.998800,Present,0,512,7300,1920,1080,000001FAD6970CF0
2267,213087299929,22.218357100,53.511300,Present,0,512,7300,1920,1080,000001FAD6970CF0
2268,213088034179,22.291782100,73.425000,Present,0,512,7300,1920,1080,000001FAD6970CF0
2269,213088619075,22.350271700,58.489600,Present,0,512,7300,1920,1080,000001FAD6970CF0
2270,213089242811,22.412645300,62.373600,Present,0,512,7300,1920,1080,000001FAD6970CF0
2271,213089839575,22.472321700,59.676400,Present,0,512,7300,1920,1080,000001FAD6970CF0
2272,213090477665,22.536130700,63.809000,Present,0,512,7300,1920,1080,000001FAD6970CF0
2273,213091174224,22.605786600,69.655900,Present,0,512,7300,1920,1080,000001FAD6970CF0
2274,213091742676,22.662631800,56.845200,Present,0,512,7300,1920,1080,000001FAD6970CF0
2275,213092416786,22.730042800,67.411000,Present,0,512,7300,1920,1080,000001FAD6970CF0
2276,213093067029,22.795067100,65.024300,Present,0,512,7300,1920,1080,000001FAD6970CF0
2277,213093739981,22.862362300,67.295200,Present,0,512,7300,1920,1080,000001FAD6970CF0
2278,213094358374,22.924201600,61.839300,Present,0,512,7300,1920,1080,000001FAD6970CF0
2279,213095016838,22.990048000,65.846400,Present,0,512,7300,1920,1080,000001FAD6970CF0
2280,213095666900,23.055054200,65.006200,Present,0,512,7300,1920,1080,000001FAD6970CF0
2281,213096271594,23.115523600,60.469400,Present,0,512,7300,1920,1080,000001FAD6970CF0
2282,213096964578,23.184822000,69.298400,Present,0,512,7300,1920,1080,000001FAD6970CF0
2283,213097576463,23.246010500,61.188500,Present,0,512,7300,1920,1080,000001FAD6970CF0
2284,213098178812,23.306245400,60.234900,Present,0,512,7300,1920,1080,000001FAD6970CF0
2285,213098812544,23.369618600,63.373200,Present,0,512,7300,1920,1080,000001FAD6970CF0
2286,213099439671,23.432331300,62.712700,Present,0,512,7300,1920,1080,000001FAD6970CF0
2287,213100192035,23.507567700,75.236400,Present,0,512,7300,1920,1080,000001FAD6970CF0
2288,213100771153,23.565479500,57.911800,Present,0,512,7300,1920,1080,000001FAD6970CF0
2289,213101368005,23.625164700,59.685200,Present,0,512,7300,1920,1080,000001FAD6970CF0
2290,213102048099,23.693174100,68.009400,Present,0,512,7300,1920,1080,000001FAD6970CF0
2291,213102687024,23.757066600,63.892500,Present,0,512,7300,1920,1080,000001FAD6970CF0
2292,213103347432,23.823107400,66.040800,Present,0,512,7300,1920,1080,000001FAD6970CF0
2293,213103976541,23.886018300,62.910900,Present,0,512,7300,1920,1080,000001FAD6970CF0
2294,213104608811,23.949245300,63.227000,Present,0,512,7300,1920,1080,000001FAD6970CF0
2295,213106065260,24.094890200,145.644900,Present,0,512,7300,1920,1080,000001FAD6970CF0
2296,213106677269,24.156091100,61.200900,Present,0,512,7300,1920,1080,000001FAD6970CF0
2297,213107336061,24.221970300,65.879200,Present,0,512,7300,1920,1080,000001FAD6970CF0
2298,213107977928,24.286157000,64.186700,Present,0,512,7300,1920,1080,000001FAD6970CF0
2299,213108623024,24.350666600,64.509600,Present,0,512,7300,1920,1080,000001FAD6970CF0
2300,213109240456,24.412409800,61.743200,Present,0,512,7300,1920,1080,000001FAD6970CF0
2301,213109877569,24.476121100,63.711300,Present,0,512,7300,1920,1080,000001FAD6970CF0
2302,213110533156,24.541679800,65.558700,Present,0,512,7300,1920,1080,000001FAD6970CF0
2303,213111217164,24.610080600,68.400800,Present,0,512,7300,1920,1080,000001FAD6970CF0
2304,213111825387,24.670902900,60.822300,Present,0,512,7300,1920,1080,000001FAD6970CF0
2305,213112467137,24.735077900,64.175000,Present,0,512,7300,1920,1080,000001FAD6970CF0
2306,213113071582,24.795522400,60.444500,Present,0,512,7300,1920,1080,000001FAD6970CF0
2307,213113748890,24.863253200,67.730800,Present,0,512,7300,1920,1080,000001FAD6970CF0
2308,213114409587,24.929322900,66.069700,Present,0,512,7300,1920,1080,000001FAD6970CF0
2309,213115039797,24.992343900,63.021000,Present,0,512,7300,1920,1080,000001FAD6970CF0
2310,213115740824,25.062446600,70.102700,Present,0,512,7300,1920,1080,000001FAD6970CF0
2311,213116337441,25.122108300,59.661700,Present,0,512,7300,1920,1080,000001FAD6970CF0
2312,213116963827,25.184746900,62.638600,Present,0,512,7300,1920,1080,000001FAD6970CF0
2313,213117592685,25.247632700,62.885800,Present,0,512,7300,1920,1080,000001FAD6970CF0
2314,213118244098,25.312774000,65.141300,Present,0,512,7300,1920,1080,000001FAD6970CF0
2315,213118899623,25.378326500,65.552500,Present,0,512,7300,1920,1080,000001FAD6970CF0
2316,213119536076,25.441971800,63.645300,Present,0,512,7300,1920,1080,000001FAD6970CF0
2317,213120216874,25.510051600,68.079800,Present,0,512,7300,1920,1080,000001FAD6970CF0
2318,213120886258,25.576990000,66.938400,Present,0,512,7300,1920,1080,000001FAD6970CF0
2319,213121478221,25.636186300,59.196300,Present,0,512,7300,1920,1080,000001FAD6970CF0
2320,213122113633,25.699727500,63.541200,Present,0,512,7300,1920,1080,000001FAD6970CF0
2321,213122716717,25.760035900,60.308400,Present,0,512,7300,1920,1080,000001FAD6970CF0
2322,213123391980,25.827562200,67.526300,Present,0,512,7300,1920,1080,000001FAD6970CF0
2323,213124010286,25.889392800,61.830600,Present,0,512,7300,1920,1080,000001FAD6970CF0
2324,213124659973,25.954361500,64.968700,Present,0,512,7300,1920,1080,000001FAD6970CF0
2325,213125400702,26.028434400,74.072900,Present,0,512,7300,1920,1080,000001FAD6970CF0
2326,213125969902,26.085354400,56.920000,Present,0,512,7300,1920,1080,000001FAD6970CF0
2327,213126603202,26.148684400,63.330000,Present,0,512,7300,1920,1080,000001FAD6970CF0
2328,213127239312,26.212295400,63.611000,Present,0,512,7300,1920,1080,000001FAD6970CF0
2329,213127849380,26.273302200,61.006800,Present,0,512,7300,1920,1080,000001FAD6970CF0
2330,213128476788,26.336043000,62.740800,Present,0,512,7300,1920,1080,000001FAD6970CF0
2331,213129126182,26.400982400,64.939400,Present,0,512,7300,1920,1080,000001FAD6970CF0
2332,213129796793,26.468043500,67.061100,Present,0,512,7300,1920,1080,000001FAD6970CF0
2333,213130498904,26.538254600,70.211100,Present,0,512,7300,1920,1080,000001FAD6970CF0
2334,213131071662,26.595530400,57.275800,Present,0,512,7300,1920,1080,000001FAD6970CF0
2335,213131689247,26.657288900,61.758500,Present,0,512,7300,1920,1080,000001FAD6970CF0
2336,213132301740,26.718538200,61.249300,Present,0,512,7300,1920,1080,000001FAD6970CF0
2337,213132962947,26.784658900,66.120700,Present,0,512,7300,1920,1080,000001FAD6970CF0
2338,213133620983,26.850462500,65.803600,Present,0,512,7300,1920,1080,000001FAD6970CF0
2339,213134276328,26.915997000,65.534500,Present,0,512,7300,1920,1080,000001FAD6970CF0
2340,213134987883,26.987152500,71.155500,Present,0,512,7300,1920,1080,000001FAD6970CF0
2341,213135579594,27.046323600,59.171100,Present,0,512,7300,1920,1080,000001FAD6970CF0
2342,213136234909,27.111855100,65.531500,Present,0,512,7300,1920,1080,000001FAD6970CF0
2343,213136837079,27.172072100,60.217000,Present,0,512,7300,1920,1080,000001FAD6970CF0
2344,213137455792,27.233943400,61.871300,Present,0,512,7300,1920,1080,000001FAD6970CF0
2345,213138085501,27.296914300,62.970900,Present,0,512,7300,1920,1080,000001FAD6970CF0
2346,213138714841,27.359848300,62.934000,Present,0,512,7300,1920,1080,000001FAD6970CF0
2347,213139391062,27.427470400,67.622100,Present,0,512,7300,1920,1080,000001FAD6970CF0
2348,213140050866,27.493450800,65.980400,Present,0,512,7300,1920,1080,000001FAD6970CF0
2349,213140674409,27.555805100,62.354300,Present,0,512,7300,1920,1080,000001FAD6970CF0
2350,213141314663,27.619830500,64.025400,Present,0,512,7300,1920,1080,000001FAD6970CF0
2351,213141981011,27.686465300,66.634800,Present,0,512,7300,1920,1080,000001FAD6970CF0
2352,213142619523,27.750316500,63.851200,Present,0,512,7300,1920,1080,000001FAD6970CF0
2353,213143570773,27.845441500,95.125000,Present,0,512,7300,1920,1080,000001FAD6970CF0
2354,213153100244,28.798388600,952.947100,Present,0,512,7300,1920,1080,000001FAD6970CF0
2355,213155282512,29.016615400,218.226800,Present,0,512,7300,1920,1080,000001FAD6970CF0
2356,213159261348,29.414499000,397.883600,Present,0,512,7300,1920,1080,000001FAD6970CF0
2357,213160323980,29.520762200,106.263200,Present,0,512,7300,1920,1080,000001FAD6970CF0
2358,213162384811,29.726845300,206.083100,Present,0,512,7300,1920,1080,000001FAD6970CF0
2359,213163429655,29.831329700,104.484400,Present,0,512,7300,1920,1080,000001FAD6970CF0
2360,213164340229,29.922387100,91.057400,Present,0,512,7300,1920,1080,000001FAD6970CF0
2361,213165358728,30.024237000,101.849900,Present,0,512,7300,1920,1080,000001FAD6970CF0
2362,213166348855,30.123249700,99.012700,Present,0,512,7300,1920,1080,000001FAD6970CF0
2363,213167272876,30.215651800,92.402100,Present,0,512,7300,1920,1080,000001FAD6970CF0
2364,213168349255,30.323289700,107.637900,Present,0,512,7300,1920,1080,000001FAD6970CF0
2365,213169373518,30.425716000,102.426300,Present,0,512,7300,1920,1080,000001FAD6970CF0
2366,213170379334,30.526297600,100.581600,Present,0,512,7300,1920,1080,000001FAD6970CF0
2367,213171469396,30.635303800,109.006200,Present,0,512,7300,1920,1080,000001FAD6970CF0
2368,213172494128,30.737777000,102.473200,Present,0,512,7300,1920,1080,000001FAD6970CF0
2369,213173457569,30.834121100,96.344100,Present,0,512,7300,1920,1080,000001FAD6970CF0
2370,213174620091,30.950373300,116.252200,Present,0,512,7300,1920,1080,000001FAD6970CF0
2371,213175518903,31.040254500,89.881200,Present,0,512,7300,1920,1080,000001FAD6970CF0
2372,213176641247,31.152488900,112.234400,Present,0,512,7300,1920,1080,000001FAD6970CF0
2373,213177653016,31.253665800,101.176900,Present,0,512,7300,1920,1080,000001FAD6970CF0
2374,213178639492,31.352313400,98.647600,Present,0,512,7300,1920,1080,000001FAD6970CF0
2375,213179479498,31.436314000,84.000600,Present,0,512,7300,1920,1080,000001FAD6970CF0
2376,213180469809,31.535345100,99.031100,Present,0,512,7300,1920,1080,000001FAD6970CF0
2377,213181560832,31.644447400,109.102300,Present,0,512,7300,1920,1080,000001FAD6970CF0
2378,213182875985,31.775962700,131.515300,Present,0,512,7300,1920,1080,000001FAD6970CF0
2379,213183545528,31.842917000,66.954300,Present,0,512,7300,1920,1080,000001FAD6970CF0
2380,213184502168,31.938581000,95.664000,Present,0,512,7300,1920,1080,000001FAD6970CF0
2381,213185506078,32.038972000,100.391000,Present,0,512,7300,1920,1080,000001FAD6970CF0
2382,213186504548,32.138819000,99.847000,Present,0,512,7300,1920,1080,000001FAD6970CF0
2383,213187593502,32.247714400,108.895400,Present,0,512,7300,1920,1080,000001FAD6970CF0
2384,213188584343,32.346798500,99.084100,Present,0,512,7300,1920,1080,000001FAD6970CF0
2385,213189461847,32.434548900,87.750400,Present,0,512,7300,1920,1080,000001FAD6970CF0
2386,213190466957,32.535059900,100.511000,Present,0,512,7300,1920,1080,000001FAD6970CF0
2387,213191695831,32.657947300,122.887400,Present,0,512,7300,1920,1080,000001FAD6970CF0
2388,213192880761,32.776440300,118.493000,Present,0,512,7300,1920,1080,000001FAD6970CF0
2389,213193846112,32.872975400,96.535100,Present,0,512,7300,1920,1080,000001FAD6970CF0
2390,213195079473,32.996311500,123.336100,Present,0,512,7300,1920,1080,000001FAD6970CF0
2391,213196054417,33.093805900,97.494400,Present,0,512,7300,1920,1080,000001FAD6970CF0
2392,213196936745,33.182038700,88.232800,Present,0,512,7300,1920,1080,000001FAD6970CF0
2393,213197926514,33.281015600,98.976900,Present,0,512,7300,1920,1080,000001FAD6970CF0
2394,213199072636,33.395627800,114.612200,Present,0,512,7300,1920,1080,000001FAD6970CF0
2395,213200031166,33.491480800,95.853000,Present,0,512,7300,1920,1080,000001FAD6970CF0
2396,213200850374,33.573401600,81.920800,Present,0,512,7300,1920,1080,000001FAD6970CF0
2397,213201747585,33.663122700,89.721100,Present,0,512,7300,1920,1080,000001FAD6970CF0
2398,213202656601,33.754024300,90.901600,Present,0,512,7300,1920,1080,000001FAD6970CF0
2399,213203610403,33.849404500,95.380200,Present,0,512,7300,1920,1080,000001FAD6970CF0
2400,213204828421,33.971206300,121.801800,Present,0,512,7300,1920,1080,000001FAD6970CF0
2401,213205619854,34.050349600,79.143300,Present,0,512,7300,1920,1080,000001FAD6970CF0
2402,213206599336,34.148297800,97.948200,Present,0,512,7300,1920,1080,000001FAD6970CF0
2403,213207594256,34.247789800,99.492000,Present,0,512,7300,1920,1080,000001FAD6970CF0
2404,213208640181,34.352382300,104.592500,Present,0,512,7300,1920,1080,000001FAD6970CF0
2405,213209636724,34.452036600,99.654300,Present,0,512,7300,1920,1080,000001FAD6970CF0
2406,213210579708,34.546335000,94.298400,Present,0,512,7300,1920,1080,000001FAD6970CF0
2407,213211530152,34.641379400,95.044400,Present,0,512,7300,1920,1080,000001FAD6970CF0
2408,213212711116,34.759475800,118.096400,Present,0,512,7300,1920,1080,000001FAD6970CF0
2409,213213598591,34.848223300,88.747500,Present,0,512,7300,1920,1080,000001FAD6970CF0
2410,213214459062,34.934270400,86.047100,Present,0,512,7300,1920,1080,000001FAD6970CF0
2411,213215442645,35.032628700,98.358300,Present,0,512,7300,1920,1080,000001FAD6970CF0
2412,213216424021,35.130766300,98.137600,Present,0,512,7300,1920,1080,000001FAD6970CF0
2413,213217307567,35.219120900,88.354600,Present,0,512,7300,1920,1080,000001FAD6970CF0
2414,213218251479,35.313512100,94.391200,Present,0,512,7300,1920,1080,000001FAD6970CF0
2415,213219198337,35.408197900,94.685800,Present,0,512,7300,1920,1080,000001FAD6970CF0
2416,213220094171,35.497781300,89.583400,Present,0,512,7300,1920,1080,000001FAD6970CF0
2417,213221033256,35.591689800,93.908500,Present,0,512,7300,1920,1080,000001FAD6970CF0
2418,213221998052,35.688169400,96.479600,Present,0,512,7300,1920,1080,000001FAD6970CF0
2419,213222948921,35.783256300,95.086900,Present,0,512,7300,1920,1080,000001FAD6970CF0
2420,213223876760,35.876040200,92.783900,Present,0,512,7300,1920,1080,000001FAD6970CF0
2421,213225036430,35.992007200,115.967000,Present,0,512,7300,1920,1080,000001FAD6970CF0
2422,213226305495,36.118913700,126.906500,Present,0,512,7300,1920,1080,000001FAD6970CF0
2423,213227158369,36.204201100,85.287400,Present,0,512,7300,1920,1080,000001FAD6970CF0
2424,213227898868,36.278251000,74.049900,Present,0,512,7300,1920,1080,000001FAD6970CF0
2425,213228627249,36.351089100,72.838100,Present,0,512,7300,1920,1080,000001FAD6970CF0
2426,213229932089,36.481573100,130.484000,Present,0,512,7300,1920,1080,000001FAD6970CF0
2427,213231007194,36.589083600,107.510500,Present,0,512,7300,1920,1080,000001FAD6970CF0
2428,213231883363,36.676700500,87.616900,Present,0,512,7300,1920,1080,000001FAD6970CF0
2429,213232720641,36.760428300,83.727800,Present,0,512,7300,1920,1080,000001FAD6970CF0
2430,213233447117,36.833075900,72.647600,Present,0,512,7300,1920,1080,000001FAD6970CF0
2431,213234373792,36.925743400,92.667500,Present,0,512,7300,1920,1080,000001FAD6970CF0
2432,213235268658,37.015230000,89.486600,Present,0,512,7300,1920,1080,000001FAD6970CF0
2433,213236330928,37.121457000,106.227000,Present,0,512,7300,1920,1080,000001FAD6970CF0
2434,213237274058,37.215770000,94.313000,Present,0,512,7300,1920,1080,000001FAD6970CF0
2435,213238241280,37.312492200,96.722200,Present,0,512,7300,1920,1080,000001FAD6970CF0
2436,213239422869,37.430651100,118.158900,Present,0,512,7300,1920,1080,000001FAD6970CF0
2437,213240416684,37.530032600,99.381500,Present,0,512,7300,1920,1080,000001FAD6970CF0
2438,213241175374,37.605901600,75.869000,Present,0,512,7300,1920,1080,000001FAD6970CF0
2439,213242102307,37.698594900,92.693300,Present,0,512,7300,1920,1080,000001FAD6970CF0
2440,213243094544,37.797818600,99.223700,Present,0,512,7300,1920,1080,000001FAD6970CF0
2441,213244034655,37.891829700,94.011100,Present,0,512,7300,1920,1080,000001FAD6970CF0
2442,213245027458,37.991110000,99.280300,Present,0,512,7300,1920,1080,000001FAD6970CF0
2443,213245985649,38.086929100,95.819100,Present,0,512,7300,1920,1080,000001FAD6970CF0
2444,213246945092,38.182873400,95.944300,Present,0,512,7300,1920,1080,000001FAD6970CF0
2445,213247887428,38.277107000,94.233600,Present,0,512,7300,1920,1080,000001FAD6970CF0
2446,213248842709,38.372635100,95.528100,Present,0,512,7300,1920,1080,000001FAD6970CF0
2447,213249742680,38.462632200,89.997100,Present,0,512,7300,1920,1080,000001FAD6970CF0
2448,213250727146,38.561078800,98.446600,Present,0,512,7300,1920,1080,000001FAD6970CF0
2449,213251653800,38.653744200,92.665400,Present,0,512,7300,1920,1080,000001FAD6970CF0
2450,213252609382,38.749302400,95.558200,Present,0,512,7300,1920,1080,000001FAD6970CF0
2451,213253590491,38.847413300,98.110900,Present,0,512,7300,1920,1080,000001FAD6970CF0
2452,213254554677,38.943831900,96.418600,Present,0,512,7300,1920,1080,000001FAD6970CF0
2453,213255508194,39.039183600,95.351700,Present,0,512,7300,1920,1080,000001FAD6970CF0
2454,213256759439,39.164308100,125.124500,Present,0,512,7300,1920,1080,000001FAD6970CF0
2455,213257706260,39.258990200,94.682100,Present,0,512,7300,1920,1080,000001FAD6970CF0
2456,213258542797,39.342643900,83.653700,Present,0,512,7300,1920,1080,000001FAD6970CF0
2457,213259479267,39.436290900,93.647000,Present,0,512,7300,1920,1080,000001FAD6970CF0
2458,213260442302,39.532594400,96.303500,Present,0,512,7300,1920,1080,000001FAD6970CF0
2459,213261383867,39.626750900,94.156500,Present,0,512,7300,1920,1080,000001FAD6970CF0
2460,213262318292,39.720193400,93.442500,Present,0,512,7300,1920,1080,000001FAD6970CF0
2461,213263286375,39.817001700,96.808300,Present,0,512,7300,1920,1080,000001FAD6970CF0
2462,213264259341,39.914298300,97.296600,Present,0,512,7300,1920,1080,000001FAD6970CF0
2463,213265231371,40.011501300,97.203000,Present,0,512,7300,1920,1080,000001FAD6970CF0
2464,213266100183,40.098382500,86.881200,Present,0,512,7300,1920,1080,000001FAD6970CF0
2465,213267072886,40.195652800,97.270300,Present,0,512,7300,1920,1080,000001FAD6970CF0
2466,213268136992,40.302063400,106.410600,Present,0,512,7300,1920,1080,000001FAD6970CF0
2467,213269069683,40.395332500,93.269100,Present,0,512,7300,1920,1080,000001FAD6970CF0
2468,213269969645,40.485328700,89.996200,Present,0,512,7300,1920,1080,000001FAD6970CF0
2469,213270735310,40.561895200,76.566500,Present,0,512,7300,1920,1080,000001FAD6970CF0
2470,213271788487,40.667212900,105.317700,Present,0,512,7300,1920,1080,000001FAD6970CF0
2471,213272695592,40.757923400,90.710500,Present,0,512,7300,1920,1080,000001FAD6970CF0
2472,213273595373,40.847901500,89.978100,Present,0,512,7300,1920,1080,000001FAD6970CF0
2473,213274535020,40.941866200,93.964700,Present,0,512,7300,1920,1080,000001FAD6970CF0
2474,213275520575,41.040421700,98.555500,Present,0,512,7300,1920,1080,000001FAD6970CF0
2475,213276379847,41.126348900,85.927200,Present,0,512,7300,1920,1080,000001FAD6970CF0
2476,213277370203,41.225384500,99.035600,Present,0,512,7300,1920,1080,000001FAD6970CF0
2477,213278340011,41.322365300,96.980800,Present,0,512,7300,1920,1080,000001FAD6970CF0
2478,213279234298,41.411794000,89.428700,Present,0,512,7300,1920,1080,000001FAD6970CF0
2479,213280101962,41.498560400,86.766400,Present,0,512,7300,1920,1080,000001FAD6970CF0
2480,213281383409,41.626705100,128.144700,Present,0,512,7300,1920,1080,000001FAD6970CF0
2481,213282261855,41.714549700,87.844600,Present,0,512,7300,1920,1080,000001FAD6970CF0
2482,213283134540,41.801818200,87.268500,Present,0,512,7300,1920,1080,000001FAD6970CF0
2483,213283806202,41.868984400,67.166200,Present,0,512,7300,1920,1080,000001FAD6970CF0
2484,213284740506,41.962414800,93.430400,Present,0,512,7300,1920,1080,000001FAD6970CF0
2485,213286059936,42.094357800,131.943000,Present,0,512,7300,1920,1080,000001FAD6970CF0
2486,213287114137,42.199777900,105.420100,Present,0,512,7300,1920,1080,000001FAD6970CF0
2487,213287923702,42.280734400,80.956500,Present,0,512,7300,1920,1080,000001FAD6970CF0
2488,213288634537,42.351817900,71.083500,Present,0,512,7300,1920,1080,000001FAD6970CF0
2489,213289677236,42.456087800,104.269900,Present,0,512,7300,1920,1080,000001FAD6970CF0
2490,213290924641,42.580828300,124.740500,Present,0,512,7300,1920,1080,000001FAD6970CF0
2491,213291771175,42.665481700,84.653400,Present,0,512,7300,1920,1080,000001FAD6970CF0
2492,213292744079,42.762772100,97.290400,Present,0,512,7300,1920,1080,000001FAD6970CF0
2493,213293536744,42.842038600,79.266500,Present,0,512,7300,1920,1080,000001FAD6970CF0
2494,213294627408,42.951105000,109.066400,Present,0,512,7300,1920,1080,000001FAD6970CF0
2495,213295632100,43.051574200,100.469200,Present,0,512,7300,1920,1080,000001FAD6970CF0
2496,213296423738,43.130738000,79.163800,Present,0,512,7300,1920,1080,000001FAD6970CF0
2497,213297426827,43.231046900,100.308900,Present,0,512,7300,1920,1080,000001FAD6970CF0
2498,213298380377,43.326401900,95.355000,Present,0,512,7300,1920,1080,000001FAD6970CF0
2499,213299372006,43.425564800,99.162900,Present,0,512,7300,1920,1080,000001FAD6970CF0
2500,213300355289,43.523893100,98.328300,Present,0,512,7300,1920,1080,000001FAD6970CF0
2501,213301212181,43.609582300,85.689200,Present,0,512,7300,1920,1080,000001FAD6970CF0
2502,213302185931,43.706957300,97.375000,Present,0,512,7300,1920,1080,000001FAD6970CF0
2503,213303169573,43.805321500,98.364200,Present,0,512,7300,1920,1080,000001FAD6970CF0
2504,213304102218,43.898586000,93.264500,Present,0,512,7300,1920,1080,000001FAD6970CF0
2505,213305140318,44.002396000,103.810000,Present,0,512,7300,1920,1080,000001FAD6970CF0
2506,213306020643,44.090428500,88.032500,Present,0,512,7300,1920,1080,000001FAD6970CF0
2507,213307021378,44.190502000,100.073500,Present,0,512,7300,1920,1080,000001FAD6970CF0
2508,213308081920,44.296556200,106.054200,Present,0,512,7300,1920,1080,000001FAD6970CF0
2509,213309087379,44.397102100,100.545900,Present,0,512,7300,1920,1080,000001FAD6970CF0
2510,213310054491,44.493813300,96.711200,Present,0,512,7300,1920,1080,000001FAD6970CF0
2511,213311317183,44.620082500,126.269200,Present,0,512,7300,1920,1080,000001FAD6970CF0
2512,213312209534,44.709317600,89.235100,Present,0,512,7300,1920,1080,000001FAD6970CF0
2513,213313144520,44.802816200,93.498600,Present,0,512,7300,1920,1080,000001FAD6970CF0
2514,213313986207,44.886984900,84.168700,Present,0,512,7300,1920,1080,000001FAD6970CF0
2515,213315003581,44.988722300,101.737400,Present,0,512,7300,1920,1080,000001FAD6970CF0
2516,213316031990,45.091563200,102.840900,Present,0,512,7300,1920,1080,000001FAD6970CF0
2517,213316955532,45.183917400,92.354200,Present,0,512,7300,1920,1080,000001FAD6970CF0
2518,213317965273,45.284891500,100.974100,Present,0,512,7300,1920,1080,000001FAD6970CF0
2519,213319155614,45.403925600,119.034100,Present,0,512,7300,1920,1080,000001FAD6970CF0
2520,213320151946,45.503558800,99.633200,Present,0,512,7300,1920,1080,000001FAD6970CF0
2521,213321088404,45.597204600,93.645800,Present,0,512,7300,1920,1080,000001FAD6970CF0
2522,213321905597,45.678923900,81.719300,Present,0,512,7300,1920,1080,000001FAD6970CF0
2523,213322950686,45.783432800,104.508900,Present,0,512,7300,1920,1080,000001FAD6970CF0
2524,213323848572,45.873221400,89.788600,Present,0,512,7300,1920,1080,000001FAD6970CF0
2525,213324736681,45.962032300,88.810900,Present,0,512,7300,1920,1080,000001FAD6970CF0
2526,213325941242,46.082488400,120.456100,Present,0,512,7300,1920,1080,000001FAD6970CF0
2527,213326832356,46.171599800,89.111400,Present,0,512,7300,1920,1080,000001FAD6970CF0
2528,213327706947,46.259058900,87.459100,Present,0,512,7300,1920,1080,000001FAD6970CF0
2529,213328685990,46.356963200,97.904300,Present,0,512,7300,1920,1080,000001FAD6970CF0
2530,213329650169,46.453381100,96.417900,Present,0,512,7300,1920,1080,000001FAD6970CF0
2531,213330582031,46.546567300,93.186200,Present,0,512,7300,1920,1080,000001FAD6970CF0
2532,213331596232,46.647987400,101.420100,Present,0,512,7300,1920,1080,000001FAD6970CF0
2533,213332651065,46.753470700,105.483300,Present,0,512,7300,1920,1080,000001FAD6970CF0
2534,213333649085,46.853272700,99.802000,Present,0,512,7300,1920,1080,000001FAD6970CF0
2535,213334517059,46.940070100,86.797400,Present,0,512,7300,1920,1080,000001FAD6970CF0
2536,213335528437,47.041207900,101.137800,Present,0,512,7300,1920,1080,000001FAD6970CF0
2537,213336530173,47.141381500,100.173600,Present,0,512,7300,1920,1080,000001FAD6970CF0
2538,213337489722,47.237336400,95.954900,Present,0,512,7300,1920,1080,000001FAD6970CF0
2539,213338413296,47.329693800,92.357400,Present,0,512,7300,1920,1080,000001FAD6970CF0
2540,213339323174,47.420681600,90.987800,Present,0,512,7300,1920,1080,000001FAD6970CF0
2541,213340488903,47.537254500,116.572900,Present,0,512,7300,1920,1080,000001FAD6970CF0
2542,213341301364,47.618500600,81.246100,Present,0,512,7300,1920,1080,000001FAD6970CF0
2543,213342108140,47.699178200,80.677600,Present,0,512,7300,1920,1080,000001FAD6970CF0
2544,213343023503,47.790714500,91.536300,Present,0,512,7300,1920,1080,000001FAD6970CF0
2545,213344350988,47.923463000,132.748500,Present,0,512,7300,1920,1080,000001FAD6970CF0
2546,213345328692,48.021233400,97.770400,Present,0,512,7300,1920,1080,000001FAD6970CF0
2547,213346051258,48.093490000,72.256600,Present,0,512,7300,1920,1080,000001FAD6970CF0
2548,213346728101,48.161174300,67.684300,Present,0,512,7300,1920,1080,000001FAD6970CF0
2549,213347671836,48.255547800,94.373500,Present,0,512,7300,1920,1080,000001FAD6970CF0
2550,213348766014,48.364965600,109.417800,Present,0,512,7300,1920,1080,000001FAD6970CF0
2551,213349658789,48.454243100,89.277500,Present,0,512,7300,1920,1080,000001FAD6970CF0
2552,213350619500,48.550314200,96.071100,Present,0,512,7300,1920,1080,000001FAD6970CF0
2553,213351566174,48.644981600,94.667400,Present,0,512,7300,1920,1080,000001FAD6970CF0
2554,213352557801,48.744144300,99.162700,Present,0,512,7300,1920,1080,000001FAD6970CF0
2555,213353524564,48.840820600,96.676300,Present,0,512,7300,1920,1080,000001FAD6970CF0
2556,213354419711,48.930335300,89.514700,Present,0,512,7300,1920,1080,000001FAD6970CF0
2557,213355553461,49.043710300,113.375000,Present,0,512,7300,1920,1080,000001FAD6970CF0
2558,213356371330,49.125497200,81.786900,Present,0,512,7300,1920,1080,000001FAD6970CF0
2559,213357303234,49.218687600,93.190400,Present,0,512,7300,1920,1080,000001FAD6970CF0
2560,213358382690,49.326633200,107.945600,Present,0,512,7300,1920,1080,000001FAD6970CF0
2561,213359256843,49.414048500,87.415300,Present,0,512,7300,1920,1080,000001FAD6970CF0
2562,213360441418,49.532506000,118.457500,Present,0,512,7300,1920,1080,000001FAD6970CF0
2563,213361336810,49.622045200,89.539200,Present,0,512,7300,1920,1080,000001FAD6970CF0
2564,213362261717,49.714535900,92.490700,Present,0,512,7300,1920,1080,000001FAD6970CF0
2565,213363288320,49.817196200,102.660300,Present,0,512,7300,1920,1080,000001FAD6970CF0
2566,213364257930,49.914157200,96.961000,Present,0,512,7300,1920,1080,000001FAD6970CF0
2567,213365262443,50.014608500,100.451300,Present,0,512,7300,1920,1080,000001FAD6970CF0
2568,213366516305,50.139994700,125.386200,Present,0,512,7300,1920,1080,000001FAD6970CF0
2569,213367454409,50.233805100,93.810400,Present,0,512,7300,1920,1080,000001FAD6970CF0
2570,213368430975,50.331461700,97.656600,Present,0,512,7300,1920,1080,000001FAD6970CF0
2571,213369401577,50.428521900,97.060200,Present,0,512,7300,1920,1080,000001FAD6970CF0
2572,213372173905,50.705754700,277.232800,Present,0,512,7300,1920,1080,000001FAD6970CF0
2573,213373093323,50.797696500,91.941800,Present,0,512,7300,1920,1080,000001FAD6970CF0
2574,213373718839,50.860248100,62.551600,Present,0,512,7300,1920,1080,000001FAD6970CF0
2575,213374566151,50.944979300,84.731200,Present,0,512,7300,1920,1080,000001FAD6970CF0
2576,213375378964,51.026260600,81.281300,Present,0,512,7300,1920,1080,000001FAD6970CF0
2577,213376701439,51.158508100,132.247500,Present,0,512,7300,1920,1080,000001FAD6970CF0
2578,213377815892,51.269953400,111.445300,Present,0,512,7300,1920,1080,000001FAD6970CF0
2579,213378615714,51.349935600,79.982200,Present,0,512,7300,1920,1080,000001FAD6970CF0
2580,213379375162,51.425880400,75.944800,Present,0,512,7300,1920,1080,000001FAD6970CF0
2581,213380097366,51.498100800,72.220400,Present,0,512,7300,1920,1080,000001FAD6970CF0
2582,213381344343,51.622798500,124.697700,Present,0,512,7300,1920,1080,000001FAD6970CF0
2583,213382290520,51.717416200,94.617700,Present,0,512,7300,1920,1080,000001FAD6970CF0
2584,213383308453,51.819209500,101.793300,Present,0,512,7300,1920,1080,000001FAD6970CF0
2585,213384036033,51.891967500,72.758000,Present,0,512,7300,1920,1080,000001FAD6970CF0
2586,213384768875,51.965251700,73.284200,Present,0,512,7300,1920,1080,000001FAD6970CF0
2587,213386183423,52.106706500,141.454800,Present,0,512,7300,1920,1080,000001FAD6970CF0
2588,213387260832,52.214447400,107.740900,Present,0,512,7300,1920,1080,000001FAD6970CF0
2589,213388170890,52.305453200,91.005800,Present,0,512,7300,1920,1080,000001FAD6970CF0
2590,213388886752,52.377039400,71.586200,Present,0,512,7300,1920,1080,000001FAD6970CF0
2591,213389712467,52.459610900,82.571500,Present,0,512,7300,1920,1080,000001FAD6970CF0
2592,213390481848,52.536549000,76.938100,Present,0,512,7300,1920,1080,000001FAD6970CF0
2593,213391283086,52.616672800,80.123800,Present,0,512,7300,1920,1080,000001FAD6970CF0
2594,213392266023,52.714966500,98.293700,Present,0,512,7300,1920,1080,000001FAD6970CF0
2595,213393135520,52.801916200,86.949700,Present,0,512,7300,1920,1080,000001FAD6970CF0
2596,213394118576,52.900221800,98.305600,Present,0,512,7300,1920,1080,000001FAD6970CF0
2597,213395394175,53.027781700,127.559900,Present,0,512,7300,1920,1080,000001FAD6970CF0
2598,213396427335,53.131097700,103.316000,Present,0,512,7300,1920,1080,000001FAD6970CF0
2599,213397321683,53.220532500,89.434800,Present,0,512,7300,1920,1080,000001FAD6970CF0
2600,213398067087,53.295072900,74.540400,Present,0,512,7300,1920,1080,000001FAD6970CF0
2601,213398941673,53.382531500,87.458600,Present,0,512,7300,1920,1080,000001FAD6970CF0
2602,213399944415,53.482805700,100.274200,Present,0,512,7300,1920,1080,000001FAD6970CF0
2603,213400947984,53.583162600,100.356900,Present,0,512,7300,1920,1080,000001FAD6970CF0
2604,213401948191,53.683183300,100.020700,Present,0,512,7300,1920,1080,000001FAD6970CF0
2605,213402952439,53.783608100,100.424800,Present,0,512,7300,1920,1080,000001FAD6970CF0
2606,213404086634,53.897027600,113.419500,Present,0,512,7300,1920,1080,000001FAD6970CF0
2607,213405013235,53.989687700,92.660100,Present,0,512,7300,1920,1080,000001FAD6970CF0
2608,213405936883,54.082052500,92.364800,Present,0,512,7300,1920,1080,000001FAD6970CF0
2609,213406920303,54.180394500,98.342000,Present,0,512,7300,1920,1080,000001FAD6970CF0
2610,213408015972,54.289961400,109.566900,Present,0,512,7300,1920,1080,000001FAD6970CF0
2611,213409022614,54.390625600,100.664200,Present,0,512,7300,1920,1080,000001FAD6970CF0
2612,213409996637,54.488027900,97.402300,Present,0,512,7300,1920,1080,000001FAD6970CF0
2613,213410931612,54.581525400,93.497500,Present,0,512,7300,1920,1080,000001FAD6970CF0
2614,213412025733,54.690937500,109.412100,Present,0,512,7300,1920,1080,000001FAD6970CF0
2615,213412950772,54.783441400,92.503900,Present,0,512,7300,1920,1080,000001FAD6970CF0
2616,213413880444,54.876408600,92.967200,Present,0,512,7300,1920,1080,000001FAD6970CF0
2617,213414965195,54.984883700,108.475100,Present,0,512,7300,1920,1080,000001FAD6970CF0
2618,213416202091,55.108573300,123.689600,Present,0,512,7300,1920,1080,000001FAD6970CF0
2619,213416848367,55.173200900,64.627600,Present,0,512,7300,1920,1080,000001FAD6970CF0
2620,213418105127,55.298876900,125.676000,Present,0,512,7300,1920,1080,000001FAD6970CF0
2621,213418739603,55.362324500,63.447600,Present,0,512,7300,1920,1080,000001FAD6970CF0
2622,213419685741,55.456938300,94.613800,Present,0,512,7300,1920,1080,000001FAD6970CF0
2623,213420795287,55.567892900,110.954600,Present,0,512,7300,1920,1080,000001FAD6970CF0
2624,213421749639,55.663328100,95.435200,Present,0,512,7300,1920,1080,000001FAD6970CF0
2625,213422823532,55.770717400,107.389300,Present,0,512,7300,1920,1080,000001FAD6970CF0
2626,213423808818,55.869246000,98.528600,Present,0,512,7300,1920,1080,000001FAD6970CF0
2627,213424766037,55.964967900,95.721900,Present,0,512,7300,1920,1080,000001FAD6970CF0
2628,213425887055,56.077069700,112.101800,Present,0,512,7300,1920,1080,000001FAD6970CF0
2629,213427102473,56.198611500,121.541800,Present,0,512,7300,1920,1080,000001FAD6970CF0
2630,213428085836,56.296947800,98.336300,Present,0,512,7300,1920,1080,000001FAD6970CF0
2631,213428873354,56.375699600,78.751800,Present,0,512,7300,1920,1080,000001FAD6970CF0
2632,213429942572,56.482621400,106.921800,Present,0,512,7300,1920,1080,000001FAD6970CF0
2633,213431134957,56.601859900,119.238500,Present,0,512,7300,1920,1080,000001FAD6970CF0
2634,213431983678,56.686732000,84.872100,Present,0,512,7300,1920,1080,000001FAD6970CF0
2635,213432954559,56.783820100,97.088100,Present,0,512,7300,1920,1080,000001FAD6970CF0
2636,213434659970,56.954361200,170.541100,Present,0,512,7300,1920,1080,000001FAD6970CF0
2637,213435421698,57.030534000,76.172800,Present,0,512,7300,1920,1080,000001FAD6970CF0
2638,213436191751,57.107539300,77.005300,Present,0,512,7300,1920,1080,000001FAD6970CF0
2639,213436887876,57.177151800,69.612500,Present,0,512,7300,1920,1080,000001FAD6970CF0
2640,213437869798,57.275344000,98.192200,Present,0,512,7300,1920,1080,000001FAD6970CF0
2641,213438804276,57.368791800,93.447800,Present,0,512,7300,1920,1080,000001FAD6970CF0
2642,213439893836,57.477747800,108.956000,Present,0,512,7300,1920,1080,000001FAD6970CF0
2643,213440849788,57.573343000,95.595200,Present,0,512,7300,1920,1080,000001FAD6970CF0
2644,213441786434,57.667007600,93.664600,Present,0,512,7300,1920,1080,000001FAD6970CF0
2645,213443055208,57.793885000,126.877400,Present,0,512,7300,1920,1080,000001FAD6970CF0
2646,213443925770,57.880941200,87.056200,Present,0,512,7300,1920,1080,000001FAD6970CF0
2647,213444828063,57.971170500,90.229300,Present,0,512,7300,1920,1080,000001FAD6970CF0
2648,213445712860,58.059650200,88.479700,Present,0,512,7300,1920,1080,000001FAD6970CF0
2649,213447365782,58.224942400,165.292200,Present,0,512,7300,1920,1080,000001FAD6970CF0
2650,213447783832,58.266747400,41.805000,Present,0,512,7300,1920,1080,000001FAD6970CF0
2651,213448721171,58.360481300,93.733900,Present,0,512,7300,1920,1080,000001FAD6970CF0
2652,213449693185,58.457682700,97.201400,Present,0,512,7300,1920,1080,000001FAD6970CF0
2653,213450935330,58.581897200,124.214500,Present,0,512,7300,1920,1080,000001FAD6970CF0
2654,213451994487,58.687812900,105.915700,Present,0,512,7300,1920,1080,000001FAD6970CF0
2655,213452932475,58.781611700,93.798800,Present,0,512,7300,1920,1080,000001FAD6970CF0
2656,213454054448,58.893809000,112.197300,Present,0,512,7300,1920,1080,000001FAD6970CF0
2657,213454768631,58.965227300,71.418300,Present,0,512,7300,1920,1080,000001FAD6970CF0
2658,213455628942,59.051258400,86.031100,Present,0,512,7300,1920,1080,000001FAD6970CF0
2659,213456588347,59.147198900,95.940500,Present,0,512,7300,1920,1080,000001FAD6970CF0
2660,213457827214,59.271085600,123.886700,Present,0,512,7300,1920,1080,000001FAD6970CF0
2661,213458883163,59.376680500,105.594900,Present,0,512,7300,1920,1080,000001FAD6970CF0
2662,213459928734,59.481237600,104.557100,Present,0,512,7300,1920,1080,000001FAD6970CF0
2663,213460880323,59.576396500,95.158900,Present,0,512,7300,1920,1080,000001FAD6970CF0
2664,213461810247,59.669388900,92.992400,Present,0,512,7300,1920,1080,000001FAD6970CF0
2665,213462959721,59.784336300,114.947400,Present,0,512,7300,1920,1080,000001FAD6970CF0
2666,213463777557,59.866119900,81.783600,Present,0,512,7300,1920,1080,000001FAD6970CF0
2667,213464738484,59.962212600,96.092700,Present,0,512,7300,1920,1080,000001FAD6970CF0
2668,213465827932,60.071157400,108.944800,Present,0,512,7300,1920,1080,000001FAD6970CF0
2669,213466953173,60.183681500,112.524100,Present,0,512,7300,1920,1080,000001FAD6970CF0
2670,213467742135,60.262577700,78.896200,Present,0,512,7300,1920,1080,000001FAD6970CF0
2671,213468736134,60.361977600,99.399900,Present,0,512,7300,1920,1080,000001FAD6970CF0
2672,213469649103,60.453274500,91.296900,Present,0,512,7300,1920,1080,000001FAD6970CF0
2673,213470802723,60.568636500,115.362000,Present,0,512,7300,1920,1080,000001FAD6970CF0
2674,213471648027,60.653166900,84.530400,Present,0,512,7300,1920,1080,000001FAD6970CF0
2675,213472605651,60.748929300,95.762400,Present,0,512,7300,1920,1080,000001FAD6970CF0
2676,213473527008,60.841065000,92.135700,Present,0,512,7300,1920,1080,000001FAD6970CF0
2677,213474584928,60.946857000,105.792000,Present,0,512,7300,1920,1080,000001FAD6970CF0
2678,213475520613,61.040425500,93.568500,Present,0,512,7300,1920,1080,000001FAD6970CF0
2679,213476343412,61.122705400,82.279900,Present,0,512,7300,1920,1080,000001FAD6970CF0
2680,213477321403,61.220504500,97.799100,Present,0,512,7300,1920,1080,000001FAD6970CF0
2681,213478330917,61.321455900,100.951400,Present,0,512,7300,1920,1080,000001FAD6970CF0
2682,213479332256,61.421589800,100.133900,Present,0,512,7300,1920,1080,000001FAD6970CF0
2683,213480275476,61.515911800,94.322000,Present,0,512,7300,1920,1080,000001FAD6970CF0
2684,213481181322,61.606496400,90.584600,Present,0,512,7300,1920,1080,000001FAD6970CF0
2685,213482189241,61.707288300,100.791900,Present,0,512,7300,1920,1080,000001FAD6970CF0
2686,213483093056,61.797669800,90.381500,Present,0,512,7300,1920,1080,000001FAD6970CF0
2687,213484071812,61.895545400,97.875600,Present,0,512,7300,1920,1080,000001FAD6970CF0
2688,213485018610,61.990225200,94.679800,Present,0,512,7300,1920,1080,000001FAD6970CF0
2689,213485922120,62.080576200,90.351000,Present,0,512,7300,1920,1080,000001FAD6970CF0
2690,213486822476,62.170611800,90.035600,Present,0,512,7300,1920,1080,000001FAD6970CF0
2691,213487781765,62.266540700,95.928900,Present,0,512,7300,1920,1080,000001FAD6970CF0
2692,213488701874,62.358551600,92.010900,Present,0,512,7300,1920,1080,000001FAD6970CF0
2693,213489901688,62.478533000,119.981400,Present,0,512,7300,1920,1080,000001FAD6970CF0
2694,213490887234,62.577087600,98.554600,Present,0,512,7300,1920,1080,000001FAD6970CF0
2695,213491612144,62.649578600,72.491000,Present,0,512,7300,1920,1080,000001FAD6970CF0
2696,213492463535,62.734717700,85.139100,Present,0,512,7300,1920,1080,000001FAD6970CF0
2697,213493503785,62.838742700,104.025000,Present,0,512,7300,1920,1080,000001FAD6970CF0
2698,213494628919,62.951256100,112.513400,Present,0,512,7300,1920,1080,000001FAD6970CF0
2699,213495538561,63.042220300,90.964200,Present,0,512,7300,1920,1080,000001FAD6970CF0
2700,213496411990,63.129563200,87.342900,Present,0,512,7300,1920,1080,000001FAD6970CF0
2701,213497685453,63.256909500,127.346300,Present,0,512,7300,1920,1080,000001FAD6970CF0
2702,213498469730,63.335337200,78.427700,Present,0,512,7300,1920,1080,000001FAD6970CF0
2703,213499466857,63.435049900,99.712700,Present,0,512,7300,1920,1080,000001FAD6970CF0
2704,213500490590,63.537423200,102.373300,Present,0,512,7300,1920,1080,000001FAD6970CF0
2705,213501595271,63.647891300,110.468100,Present,0,512,7300,1920,1080,000001FAD6970CF0
2706,213502592227,63.747586900,99.695600,Present,0,512,7300,1920,1080,000001FAD6970CF0
2707,213503615941,63.849958300,102.371400,Present,0,512,7300,1920,1080,000001FAD6970CF0
2708,213504753214,63.963685600,113.727300,Present,0,512,7300,1920,1080,000001FAD6970CF0
2709,213505984206,64.086784800,123.099200,Present,0,512,7300,1920,1080,000001FAD6970CF0
2710,213506675035,64.155867700,69.082900,Present,0,512,7300,1920,1080,000001FAD6970CF0
2711,213507479295,64.236293700,80.426000,Present,0,512,7300,1920,1080,000001FAD6970CF0
2712,213508488683,64.337232500,100.938800,Present,0,512,7300,1920,1080,000001FAD6970CF0
2713,213509487131,64.437077300,99.844800,Present,0,512,7300,1920,1080,000001FAD6970CF0
2714,213510546172,64.542981400,105.904100,Present,0,512,7300,1920,1080,000001FAD6970CF0
2715,213511678763,64.656240500,113.259100,Present,0,512,7300,1920,1080,000001FAD6970CF0
2716,213512614684,64.749832600,93.592100,Present,0,512,7300,1920,1080,000001FAD6970CF0
2717,213513610660,64.849430200,99.597600,Present,0,512,7300,1920,1080,000001FAD6970CF0
2718,213514596915,64.948055700,98.625500,Present,0,512,7300,1920,1080,000001FAD6970CF0
2719,213515754341,65.063798300,115.742600,Present,0,512,7300,1920,1080,000001FAD6970CF0
2720,213516818988,65.170263000,106.464700,Present,0,512,7300,1920,1080,000001FAD6970CF0
2721,213517750383,65.263402500,93.139500,Present,0,512,7300,1920,1080,000001FAD6970CF0
2722,213518788051,65.367169300,103.766800,Present,0,512,7300,1920,1080,000001FAD6970CF0
2723,213519561149,65.444479100,77.309800,Present,0,512,7300,1920,1080,000001FAD6970CF0
2724,213520615124,65.549876600,105.397500,Present,0,512,7300,1920,1080,000001FAD6970CF0
2725,213521554895,65.643853700,93.977100,Present,0,512,7300,1920,1080,000001FAD6970CF0
2726,213522579468,65.746311000,102.457300,Present,0,512,7300,1920,1080,000001FAD6970CF0
2727,213523423436,65.830707800,84.396800,Present,0,512,7300,1920,1080,000001FAD6970CF0
2728,213524440227,65.932386900,101.679100,Present,0,512,7300,1920,1080,000001FAD6970CF0
2729,213525415337,66.029897900,97.511000,Present,0,512,7300,1920,1080,000001FAD6970CF0
2730,213526427379,66.131102100,101.204200,Present,0,512,7300,1920,1080,000001FAD6970CF0
2731,213527288298,66.217194000,86.091900,Present,0,512,7300,1920,1080,000001FAD6970CF0
2732,213528191115,66.307475700,90.281700,Present,0,512,7300,1920,1080,000001FAD6970CF0
2733,213529301213,66.418485500,111.009800,Present,0,512,7300,1920,1080,000001FAD6970CF0
2734,213530195869,66.507951100,89.465600,Present,0,512,7300,1920,1080,000001FAD6970CF0
2735,213531211054,66.609469600,101.518500,Present,0,512,7300,1920,1080,000001FAD6970CF0
2736,213532268144,66.715178600,105.709000,Present,0,512,7300,1920,1080,000001FAD6970CF0
2737,213533235153,66.811879500,96.700900,Present,0,512,7300,1920,1080,000001FAD6970CF0
2738,213534302527,66.918616900,106.737400,Present,0,512,7300,1920,1080,000001FAD6970CF0
2739,213535239494,67.012313600,93.696700,Present,0,512,7300,1920,1080,000001FAD6970CF0
2740,213536212013,67.109565500,97.251900,Present,0,512,7300,1920,1080,000001FAD6970CF0
2741,213537278365,67.216200700,106.635200,Present,0,512,7300,1920,1080,000001FAD6970CF0
2742,213538232089,67.311573100,95.372400,Present,0,512,7300,1920,1080,000001FAD6970CF0
2743,213539165113,67.404875500,93.302400,Present,0,512,7300,1920,1080,000001FAD6970CF0
2744,213540371523,67.525516500,120.641000,Present,0,512,7300,1920,1080,000001FAD6970CF0
2745,213541097396,67.598103800,72.587300,Present,0,512,7300,1920,1080,000001FAD6970CF0
2746,213542038941,67.692258300,94.154500,Present,0,512,7300,1920,1080,000001FAD6970CF0
2747,213542942337,67.782597900,90.339600,Present,0,512,7300,1920,1080,000001FAD6970CF0
2748,213544031412,67.891505400,108.907500,Present,0,512,7300,1920,1080,000001FAD6970CF0
2749,213545008700,67.989234200,97.728800,Present,0,512,7300,1920,1080,000001FAD6970CF0
2750,213545969939,68.085358100,96.123900,Present,0,512,7300,1920,1080,000001FAD6970CF0
2751,213546990937,68.187457900,102.099800,Present,0,512,7300,1920,1080,000001FAD6970CF0
2752,213548074356,68.295799800,108.341900,Present,0,512,7300,1920,1080,000001FAD6970CF0
2753,213549046499,68.393014100,97.214300,Present,0,512,7300,1920,1080,000001FAD6970CF0
2754,213550122682,68.500632400,107.618300,Present,0,512,7300,1920,1080,000001FAD6970CF0
2755,213551188427,68.607206900,106.574500,Present,0,512,7300,1920,1080,000001FAD6970CF0
2756,213552170852,68.705449400,98.242500,Present,0,512,7300,1920,1080,000001FAD6970CF0
2757,213552980883,68.786452500,81.003100,Present,0,512,7300,1920,1080,000001FAD6970CF0
2758,213554113813,68.899745500,113.293000,Present,0,512,7300,1920,1080,000001FAD6970CF0
2759,213554888645,68.977228700,77.483200,Present,0,512,7300,1920,1080,000001FAD6970CF0
2760,213555837722,69.072136400,94.907700,Present,0,512,7300,1920,1080,000001FAD6970CF0
2761,213557292646,69.217628800,145.492400,Present,0,512,7300,1920,1080,000001FAD6970CF0
2762,213558283801,69.316744300,99.115500,Present,0,512,7300,1920,1080,000001FAD6970CF0
2763,213559176349,69.405999100,89.254800,Present,0,512,7300,1920,1080,000001FAD6970CF0
2764,213560131901,69.501554300,95.555200,Present,0,512,7300,1920,1080,000001FAD6970CF0
2765,213561139656,69.602329800,100.775500,Present,0,512,7300,1920,1080,000001FAD6970CF0
2766,213562051971,69.693561300,91.231500,Present,0,512,7300,1920,1080,000001FAD6970CF0
2767,213563001818,69.788546000,94.984700,Present,0,512,7300,1920,1080,000001FAD6970CF0
2768,213564188637,69.907227900,118.681900,Present,0,512,7300,1920,1080,000001FAD6970CF0
2769,213565184735,70.006837700,99.609800,Present,0,512,7300,1920,1080,000001FAD6970CF0
2770,213565957601,70.084124300,77.286600,Present,0,512,7300,1920,1080,000001FAD6970CF0
2771,213566914718,70.179836000,95.711700,Present,0,512,7300,1920,1080,000001FAD6970CF0
2772,213568574045,70.345768700,165.932700,Present,0,512,7300,1920,1080,000001FAD6970CF0
2773,213569503253,70.438689500,92.920800,Present,0,512,7300,1920,1080,000001FAD6970CF0
2774,213570299846,70.518348800,79.659300,Present,0,512,7300,1920,1080,000001FAD6970CF0
2775,213571253137,70.613677900,95.329100,Present,0,512,7300,1920,1080,000001FAD6970CF0
2776,213572460923,70.734456500,120.778600,Present,0,512,7300,1920,1080,000001FAD6970CF0
2777,213573414200,70.829784200,95.327700,Present,0,512,7300,1920,1080,000001FAD6970CF0
2778,213574402995,70.928663700,98.879500,Present,0,512,7300,1920,1080,000001FAD6970CF0
2779,213575452465,71.033610700,104.947000,Present,0,512,7300,1920,1080,000001FAD6970CF0
2780,213576771701,71.165534300,131.923600,Present,0,512,7300,1920,1080,000001FAD6970CF0
2781,213577871330,71.275497200,109.962900,Present,0,512,7300,1920,1080,000001FAD6970CF0
2782,213579174077,71.405771900,130.274700,Present,0,512,7300,1920,1080,000001FAD6970CF0
2783,213579916927,71.480056900,74.285000,Present,0,512,7300,1920,1080,000001FAD6970CF0
2784,213580689797,71.557343900,77.287000,Present,0,512,7300,1920,1080,000001FAD6970CF0
2785,213581462581,71.634622300,77.278400,Present,0,512,7300,1920,1080,000001FAD6970CF0
2786,213582446070,71.732971200,98.348900,Present,0,512,7300,1920,1080,000001FAD6970CF0
2787,213583550258,71.843390000,110.418800,Present,0,512,7300,1920,1080,000001FAD6970CF0
2788,213584495158,71.937880000,94.490000,Present,0,512,7300,1920,1080,000001FAD6970CF0
2789,213585600049,72.048369100,110.489100,Present,0,512,7300,1920,1080,000001FAD6970CF0
2790,213586758813,72.164245500,115.876400,Present,0,512,7300,1920,1080,000001FAD6970CF0
2791,213587589241,72.247288300,83.042800,Present,0,512,7300,1920,1080,000001FAD6970CF0
2792,213588521244,72.340488600,93.200300,Present,0,512,7300,1920,1080,000001FAD6970CF0
2793,213589635983,72.451962500,111.473900,Present,0,512,7300,1920,1080,000001FAD6970CF0
2794,213590734881,72.561852300,109.889800,Present,0,512,7300,1920,1080,000001FAD6970CF0
2795,213591656038,72.653968000,92.115700,Present,0,512,7300,1920,1080,000001FAD6970CF0
2796,213592595177,72.747881900,93.913900,Present,0,512,7300,1920,1080,000001FAD6970CF0
2797,213593605346,72.848898800,101.016900,Present,0,512,7300,1920,1080,000001FAD6970CF0
2798,213594728977,72.961261900,112.363100,Present,0,512,7300,1920,1080,000001FAD6970CF0
2799,213595599320,73.048296200,87.034300,Present,0,512,7300,1920,1080,000001FAD6970CF0
2800,213596773057,73.165669900,117.373700,Present,0,512,7300,1920,1080,000001FAD6970CF0
2801,213597722169,73.260581100,94.911200,Present,0,512,7300,1920,1080,000001FAD6970CF0
2802,213598585670,73.346931200,86.350100,Present,0,512,7300,1920,1080,000001FAD6970CF0
2803,213599453553,73.433719500,86.788300,Present,0,512,7300,1920,1080,000001FAD6970CF0
2804,213600545800,73.542944200,109.224700,Present,0,512,7300,1920,1080,000001FAD6970CF0
2805,213601477540,73.636118200,93.174000,Present,0,512,7300,1920,1080,000001FAD6970CF0
2806,213602363535,73.724717700,88.599500,Present,0,512,7300,1920,1080,000001FAD6970CF0
2807,213603347648,73.823129000,98.411300,Present,0,512,7300,1920,1080,000001FAD6970CF0
2808,213604523538,73.940718000,117.589000,Present,0,512,7300,1920,1080,000001FAD6970CF0
2809,213605510780,74.039442200,98.724200,Present,0,512,7300,1920,1080,000001FAD6970CF0
2810,213606444025,74.132766700,93.324500,Present,0,512,7300,1920,1080,000001FAD6970CF0
2811,213607449236,74.233287800,100.521100,Present,0,512,7300,1920,1080,000001FAD6970CF0
2812,213608691204,74.357484600,124.196800,Present,0,512,7300,1920,1080,000001FAD6970CF0
2813,213609591759,74.447540100,90.055500,Present,0,512,7300,1920,1080,000001FAD6970CF0
2814,213610430019,74.531366100,83.826000,Present,0,512,7300,1920,1080,000001FAD6970CF0
2815,213611418360,74.630200200,98.834100,Present,0,512,7300,1920,1080,000001FAD6970CF0
2816,213612409798,74.729344000,99.143800,Present,0,512,7300,1920,1080,000001FAD6970CF0
2817,213613266461,74.815010300,85.666300,Present,0,512,7300,1920,1080,000001FAD6970CF0
2818,213614214836,74.909847800,94.837500,Present,0,512,7300,1920,1080,000001FAD6970CF0
2819,213615232801,75.011644300,101.796500,Present,0,512,7300,1920,1080,000001FAD6970CF0
2820,213616336310,75.121995200,110.350900,Present,0,512,7300,1920,1080,000001FAD6970CF0
2821,213617280015,75.216365700,94.370500,Present,0,512,7300,1920,1080,000001FAD6970CF0
2822,213618387081,75.327072300,110.706600,Present,0,512,7300,1920,1080,000001FAD6970CF0
2823,213619271866,75.415550800,88.478500,Present,0,512,7300,1920,1080,000001FAD6970CF0
2824,213620014917,75.489855900,74.305100,Present,0,512,7300,1920,1080,000001FAD6970CF0
2825,213621226139,75.610978100,121.122200,Present,0,512,7300,1920,1080,000001FAD6970CF0
2826,213622067254,75.695089600,84.111500,Present,0,512,7300,1920,1080,000001FAD6970CF0
2827,213622999838,75.788348000,93.258400,Present,0,512,7300,1920,1080,000001FAD6970CF0
2828,213623928815,75.881245700,92.897700,Present,0,512,7300,1920,1080,000001FAD6970CF0
2829,213624861439,75.974508100,93.262400,Present,0,512,7300,1920,1080,000001FAD6970CF0
2830,213625891239,76.077488100,102.980000,Present,0,512,7300,1920,1080,000001FAD6970CF0
2831,213626816988,76.170063000,92.574900,Present,0,512,7300,1920,1080,000001FAD6970CF0
2832,213627689802,76.257344400,87.281400,Present,0,512,7300,1920,1080,000001FAD6970CF0
2833,213628850779,76.373442100,116.097700,Present,0,512,7300,1920,1080,000001FAD6970CF0
2834,213630135941,76.501958300,128.516200,Present,0,512,7300,1920,1080,000001FAD6970CF0
2835,213630849033,76.573267500,71.309200,Present,0,512,7300,1920,1080,000001FAD6970CF0
2836,213631632073,76.651571500,78.304000,Present,0,512,7300,1920,1080,000001FAD6970CF0
2837,213632704576,76.758821800,107.250300,Present,0,512,7300,1920,1080,000001FAD6970CF0
2838,213633756614,76.864025600,105.203800,Present,0,512,7300,1920,1080,000001FAD6970CF0
2839,213634648048,76.953169000,89.143400,Present,0,512,7300,1920,1080,000001FAD6970CF0
2840,213635671639,77.055528100,102.359100,Present,0,512,7300,1920,1080,000001FAD6970CF0
2841,213636734936,77.161857800,106.329700,Present,0,512,7300,1920,1080,000001FAD6970CF0
2842,213637738243,77.262188500,100.330700,Present,0,512,7300,1920,1080,000001FAD6970CF0
2843,213638779136,77.366277800,104.089300,Present,0,512,7300,1920,1080,000001FAD6970CF0
2844,213639723782,77.460742400,94.464600,Present,0,512,7300,1920,1080,000001FAD6970CF0
2845,213640702094,77.558573600,97.831200,Present,0,512,7300,1920,1080,000001FAD6970CF0
2846,213642096625,77.698026700,139.453100,Present,0,512,7300,1920,1080,000001FAD6970CF0
2847,213643154171,77.803781300,105.754600,Present,0,512,7300,1920,1080,000001FAD6970CF0
2848,213644034861,77.891850300,88.069000,Present,0,512,7300,1920,1080,000001FAD6970CF0
2849,213644822835,77.970647700,78.797400,Present,0,512,7300,1920,1080,000001FAD6970CF0
2850,213645989135,78.087277700,116.630000,Present,0,512,7300,1920,1080,000001FAD6970CF0
2851,213646990602,78.187424400,100.146700,Present,0,512,7300,1920,1080,000001FAD6970CF0
2852,213647948030,78.283167200,95.742800,Present,0,512,7300,1920,1080,000001FAD6970CF0
2853,213649250151,78.413379300,130.212100,Present,0,512,7300,1920,1080,000001FAD6970CF0
2854,213650075037,78.495867900,82.488600,Present,0,512,7300,1920,1080,000001FAD6970CF0
2855,213651010806,78.589444800,93.576900,Present,0,512,7300,1920,1080,000001FAD6970CF0
2856,213651921268,78.680491000,91.046200,Present,0,512,7300,1920,1080,000001FAD6970CF0
2857,213652959897,78.784353900,103.862900,Present,0,512,7300,1920,1080,000001FAD6970CF0
2858,213654389442,78.927308400,142.954500,Present,0,512,7300,1920,1080,000001FAD6970CF0
2859,213655371250,79.025489200,98.180800,Present,0,512,7300,1920,1080,000001FAD6970CF0
2860,213656295089,79.117873100,92.383900,Present,0,512,7300,1920,1080,000001FAD6970CF0
2861,213657120820,79.200446200,82.573100,Present,0,512,7300,1920,1080,000001FAD6970CF0
2862,213657961758,79.284540000,84.093800,Present,0,512,7300,1920,1080,000001FAD6970CF0
2863,213658983408,79.386705000,102.165000,Present,0,512,7300,1920,1080,000001FAD6970CF0
2864,213659872639,79.475628100,88.923100,Present,0,512,7300,1920,1080,000001FAD6970CF0
2865,213660843450,79.572709200,97.081100,Present,0,512,7300,1920,1080,000001FAD6970CF0
2866,213661977880,79.686152200,113.443000,Present,0,512,7300,1920,1080,000001FAD6970CF0
2867,213662840549,79.772419100,86.266900,Present,0,512,7300,1920,1080,000001FAD6970CF0
2868,213663794515,79.867815700,95.396600,Present,0,512,7300,1920,1080,000001FAD6970CF0
2869,213664772165,79.965580700,97.765000,Present,0,512,7300,1920,1080,000001FAD6970CF0
2870,213666004873,80.088851500,123.270800,Present,0,512,7300,1920,1080,000001FAD6970CF0
2871,213667144297,80.202793900,113.942400,Present,0,512,7300,1920,1080,000001FAD6970CF0
2872,213668027335,80.291097700,88.303800,Present,0,512,7300,1920,1080,000001FAD6970CF0
2873,213668717539,80.360118100,69.020400,Present,0,512,7300,1920,1080,000001FAD6970CF0
2874,213669570878,80.445452000,85.333900,Present,0,512,7300,1920,1080,000001FAD6970CF0
2875,213670656088,80.553973000,108.521000,Present,0,512,7300,1920,1080,000001FAD6970CF0
2876,213671638748,80.652239000,98.266000,Present,0,512,7300,1920,1080,000001FAD6970CF0
2877,213672588590,80.747223200,94.984200,Present,0,512,7300,1920,1080,000001FAD6970CF0
2878,213673751727,80.863536900,116.313700,Present,0,512,7300,1920,1080,000001FAD6970CF0
2879,213674719640,80.960328200,96.791300,Present,0,512,7300,1920,1080,000001FAD6970CF0
2880,213675581882,81.046552400,86.224200,Present,0,512,7300,1920,1080,000001FAD6970CF0
2881,213676480311,81.136395300,89.842900,Present,0,512,7300,1920,1080,000001FAD6970CF0
2882,213677587074,81.247071600,110.676300,Present,0,512,7300,1920,1080,000001FAD6970CF0
2883,213678511723,81.339536500,92.464900,Present,0,512,7300,1920,1080,000001FAD6970CF0
2884,213679420365,81.430400700,90.864200,Present,0,512,7300,1920,1080,000001FAD6970CF0
2885,213680401138,81.528478000,98.077300,Present,0,512,7300,1920,1080,000001FAD6970CF0
2886,213681453029,81.633667100,105.189100,Present,0,512,7300,1920,1080,000001FAD6970CF0
2887,213682338760,81.722240200,88.573100,Present,0,512,7300,1920,1080,000001FAD6970CF0
2888,213683296206,81.817984800,95.744600,Present,0,512,7300,1920,1080,000001FAD6970CF0
2889,213684616217,81.949985900,132.001100,Present,0,512,7300,1920,1080,000001FAD6970CF0
2890,213685722883,82.060652500,110.666600,Present,0,512,7300,1920,1080,000001FAD6970CF0
2891,213686473702,82.135734400,75.081900,Present,0,512,7300,1920,1080,000001FAD6970CF0
2892,213687172367,82.205600900,69.866500,Present,0,512,7300,1920,1080,000001FAD6970CF0
2893,213688071560,82.295520200,89.919300,Present,0,512,7300,1920,1080,000001FAD6970CF0
2894,213689416442,82.430008400,134.488200,Present,0,512,7300,1920,1080,000001FAD6970CF0
2895,213690581907,82.546554900,116.546500,Present,0,512,7300,1920,1080,000001FAD6970CF0
2896,213691328267,82.621190900,74.636000,Present,0,512,7300,1920,1080,000001FAD6970CF0
2897,213692175103,82.705874500,84.683600,Present,0,512,7300,1920,1080,000001FAD6970CF0
2898,213692910493,82.779413500,73.539000,Present,0,512,7300,1920,1080,000001FAD6970CF0
2899,213694031015,82.891465700,112.052200,Present,0,512,7300,1920,1080,000001FAD6970CF0
2900,213694946764,82.983040600,91.574900,Present,0,512,7300,1920,1080,000001FAD6970CF0
2901,213695854802,83.073844400,90.803800,Present,0,512,7300,1920,1080,000001FAD6970CF0
2902,213697280431,83.216407300,142.562900,Present,0,512,7300,1920,1080,000001FAD6970CF0
2903,213698404531,83.328817300,112.410000,Present,0,512,7300,1920,1080,000001FAD6970CF0
2904,213699166600,83.405024200,76.206900,Present,0,512,7300,1920,1080,000001FAD6970CF0
2905,213700030730,83.491437200,86.413000,Present,0,512,7300,1920,1080,000001FAD6970CF0
2906,213700794123,83.567776500,76.339300,Present,0,512,7300,1920,1080,000001FAD6970CF0
2907,213701659345,83.654298700,86.522200,Present,0,512,7300,1920,1080,000001FAD6970CF0
2908,213702648549,83.753219100,98.920400,Present,0,512,7300,1920,1080,000001FAD6970CF0
2909,213703567587,83.845122900,91.903800,Present,0,512,7300,1920,1080,000001FAD6970CF0
2910,213704501223,83.938486500,93.363600,Present,0,512,7300,1920,1080,000001FAD6970CF0
2911,213705670782,84.055442400,116.955900,Present,0,512,7300,1920,1080,000001FAD6970CF0
2912,213706485223,84.136886500,81.444100,Present,0,512,7300,1920,1080,000001FAD6970CF0
2913,213707418232,84.230187400,93.300900,Present,0,512,7300,1920,1080,000001FAD6970CF0
2914,213708533274,84.341691600,111.504200,Present,0,512,7300,1920,1080,000001FAD6970CF0
2915,213709811203,84.469484500,127.792900,Present,0,512,7300,1920,1080,000001FAD6970CF0
2916,213710850331,84.573397300,103.912800,Present,0,512,7300,1920,1080,000001FAD6970CF0
2917,213711699059,84.658270100,84.872800,Present,0,512,7300,1920,1080,000001FAD6970CF0
2918,213712791148,84.767479000,109.208900,Present,0,512,7300,1920,1080,000001FAD6970CF0
2919,213713690191,84.857383300,89.904300,Present,0,512,7300,1920,1080,000001FAD6970CF0
2920,213714825474,84.970911600,113.528300,Present,0,512,7300,1920,1080,000001FAD6970CF0
2921,213716065042,85.094868400,123.956800,Present,0,512,7300,1920,1080,000001FAD6970CF0
2922,213717042288,85.192593000,97.724600,Present,0,512,7300,1920,1080,000001FAD6970CF0
2923,213718422233,85.330587500,137.994500,Present,0,512,7300,1920,1080,000001FAD6970CF0
2924,213719416918,85.430056000,99.468500,Present,0,512,7300,1920,1080,000001FAD6970CF0
2925,213720370588,85.525423000,95.367000,Present,0,512,7300,1920,1080,000001FAD6970CF0
2926,213721191823,85.607546500,82.123500,Present,0,512,7300,1920,1080,000001FAD6970CF0
2927,213722338255,85.722189700,114.643200,Present,0,512,7300,1920,1080,000001FAD6970CF0
2928,213723674510,85.855815200,133.625500,Present,0,512,7300,1920,1080,000001FAD6970CF0
2929,213724286966,85.917060800,61.245600,Present,0,512,7300,1920,1080,000001FAD6970CF0
2930,213725326211,86.020985300,103.924500,Present,0,512,7300,1920,1080,000001FAD6970CF0
2931,213726489278,86.137292000,116.306700,Present,0,512,7300,1920,1080,000001FAD6970CF0
2932,213727550946,86.243458800,106.166800,Present,0,512,7300,1920,1080,000001FAD6970CF0
2933,213728547999,86.343164100,99.705300,Present,0,512,7300,1920,1080,000001FAD6970CF0
2934,213729923198,86.480684000,137.519900,Present,0,512,7300,1920,1080,000001FAD6970CF0
2935,213730850655,86.573429700,92.745700,Present,0,512,7300,1920,1080,000001FAD6970CF0
2936,213731951542,86.683518400,110.088700,Present,0,512,7300,1920,1080,000001FAD6970CF0
2937,213732952763,86.783640500,100.122100,Present,0,512,7300,1920,1080,000001FAD6970CF0
2938,213734220817,86.910445900,126.805400,Present,0,512,7300,1920,1080,000001FAD6970CF0
2939,213735220148,87.010379000,99.933100,Present,0,512,7300,1920,1080,000001FAD6970CF0
2940,213736239252,87.112289400,101.910400,Present,0,512,7300,1920,1080,000001FAD6970CF0
2941,213737559728,87.244337000,132.047600,Present,0,512,7300,1920,1080,000001FAD6970CF0
2942,213738476169,87.335981100,91.644100,Present,0,512,7300,1920,1080,000001FAD6970CF0
2943,213739482962,87.436660400,100.679300,Present,0,512,7300,1920,1080,000001FAD6970CF0
2944,213740445856,87.532949800,96.289400,Present,0,512,7300,1920,1080,000001FAD6970CF0
2945,213741803860,87.668750200,135.800400,Present,0,512,7300,1920,1080,000001FAD6970CF0
2946,213742535985,87.741962700,73.212500,Present,0,512,7300,1920,1080,000001FAD6970CF0
2947,213743413543,87.829718500,87.755800,Present,0,512,7300,1920,1080,000001FAD6970CF0
2948,213744417387,87.930102900,100.384400,Present,0,512,7300,1920,1080,000001FAD6970CF0
2949,213745570501,88.045414300,115.311400,Present,0,512,7300,1920,1080,000001FAD6970CF0
2950,213746375999,88.125964100,80.549800,Present,0,512,7300,1920,1080,000001FAD6970CF0
2951,213747382632,88.226627400,100.663300,Present,0,512,7300,1920,1080,000001FAD6970CF0
2952,213748450335,88.333397700,106.770300,Present,0,512,7300,1920,1080,000001FAD6970CF0
2953,213749571410,88.445505200,112.107500,Present,0,512,7300,1920,1080,000001FAD6970CF0
2954,213750473032,88.535667400,90.162200,Present,0,512,7300,1920,1080,000001FAD6970CF0
2955,213751250290,88.613393200,77.725800,Present,0,512,7300,1920,1080,000001FAD6970CF0
2956,213752183148,88.706679000,93.285800,Present,0,512,7300,1920,1080,000001FAD6970CF0
2957,213753494094,88.837773600,131.094600,Present,0,512,7300,1920,1080,000001FAD6970CF0
2958,213754559831,88.944347300,106.573700,Present,0,512,7300,1920,1080,000001FAD6970CF0
2959,213755302756,89.018639800,74.292500,Present,0,512,7300,1920,1080,000001FAD6970CF0
2960,213756143011,89.102665300,84.025500,Present,0,512,7300,1920,1080,000001FAD6970CF0
2961,213756928851,89.181249300,78.584000,Present,0,512,7300,1920,1080,000001FAD6970CF0
2962,213758022205,89.290584700,109.335400,Present,0,512,7300,1920,1080,000001FAD6970CF0
2963,213759256781,89.414042300,123.457600,Present,0,512,7300,1920,1080,000001FAD6970CF0
2964,213760062658,89.494630000,80.587700,Present,0,512,7300,1920,1080,000001FAD6970CF0
2965,213760836652,89.572029400,77.399400,Present,0,512,7300,1920,1080,000001FAD6970CF0
2966,213762179975,89.706361700,134.332300,Present,0,512,7300,1920,1080,000001FAD6970CF0
2967,213763261878,89.814552000,108.190300,Present,0,512,7300,1920,1080,000001FAD6970CF0
2968,213764092500,89.897614200,83.062200,Present,0,512,7300,1920,1080,000001FAD6970CF0
2969,213764887211,89.977085300,79.471100,Present,0,512,7300,1920,1080,000001FAD6970CF0
2970,213765635964,90.051960600,74.875300,Present,0,512,7300,1920,1080,000001FAD6970CF0
2971,213766649216,90.153285800,101.325200,Present,0,512,7300,1920,1080,000001FAD6970CF0
2972,213767579166,90.246280800,92.995000,Present,0,512,7300,1920,1080,000001FAD6970CF0
2973,213768591738,90.347538000,101.257200,Present,0,512,7300,1920,1080,000001FAD6970CF0
2974,213769663623,90.454726500,107.188500,Present,0,512,7300,1920,1080,000001FAD6970CF0
2975,213770640958,90.552460000,97.733500,Present,0,512,7300,1920,1080,000001FAD6970CF0
2976,213771531619,90.641526100,89.066100,Present,0,512,7300,1920,1080,000001FAD6970CF0
2977,213772474138,90.735778000,94.251900,Present,0,512,7300,1920,1080,000001FAD6970CF0
2978,213773486865,90.837050700,101.272700,Present,0,512,7300,1920,1080,000001FAD6970CF0
2979,213774367915,90.925155700,88.105000,Present,0,512,7300,1920,1080,000001FAD6970CF0
2980,213775311247,91.019488900,94.333200,Present,0,512,7300,1920,1080,000001FAD6970CF0
2981,213776257333,91.114097500,94.608600,Present,0,512,7300,1920,1080,000001FAD6970CF0
2982,213777129355,91.201299700,87.202200,Present,0,512,7300,1920,1080,000001FAD6970CF0
2983,213778030317,91.291395900,90.096200,Present,0,512,7300,1920,1080,000001FAD6970CF0
2984,213779542589,91.442623100,151.227200,Present,0,512,7300,1920,1080,000001FAD6970CF0
2985,213780341722,91.522536400,79.913300,Present,0,512,7300,1920,1080,000001FAD6970CF0
2986,213781089169,91.597281100,74.744700,Present,0,512,7300,1920,1080,000001FAD6970CF0
2987,213781822296,91.670593800,73.312700,Present,0,512,7300,1920,1080,000001FAD6970CF0
2988,213782538616,91.742225800,71.632000,Present,0,512,7300,1920,1080,000001FAD6970CF0
2989,213783617765,91.850140700,107.914900,Present,0,512,7300,1920,1080,000001FAD6970CF0
2990,213784811346,91.969498800,119.358100,Present,0,512,7300,1920,1080,000001FAD6970CF0
2991,213785661702,92.054534400,85.035600,Present,0,512,7300,1920,1080,000001FAD6970CF0
2992,213786417131,92.130077300,75.542900,Present,0,512,7300,1920,1080,000001FAD6970CF0
2993,213787302069,92.218571100,88.493800,Present,0,512,7300,1920,1080,000001FAD6970CF0
2994,213788237426,92.312106800,93.535700,Present,0,512,7300,1920,1080,000001FAD6970CF0
2995,213789185861,92.406950300,94.843500,Present,0,512,7300,1920,1080,000001FAD6970CF0
2996,213790121462,92.500510400,93.560100,Present,0,512,7300,1920,1080,000001FAD6970CF0
2997,213791100664,92.598430600,97.920200,Present,0,512,7300,1920,1080,000001FAD6970CF0
2998,213792159391,92.704303300,105.872700,Present,0,512,7300,1920,1080,000001FAD6970CF0
2999,213793008817,92.789245900,84.942600,Present,0,512,7300,1920,1080,000001FAD6970CF0
3000,213793732549,92.861619100,72.373200,Present,0,512,7300,1920,1080,000001FAD6970CF0
3001,213794695346,92.957898800,96.279700,Present,0,512,7300,1920,1080,000001FAD6970CF0
3002,213795613540,93.049718200,91.819400,Present,0,512,7300,1920,1080,000001FAD6970CF0
3003,213796552281,93.143592300,93.874100,Present,0,512,7300,1920,1080,000001FAD6970CF0
3004,213797889568,93.277321000,133.728700,Present,0,512,7300,1920,1080,000001FAD6970CF0
3005,213798881062,93.376470400,99.149400,Present,0,512,7300,1920,1080,000001FAD6970CF0
3006,213799676478,93.456012000,79.541600,Present,0,512,7300,1920,1080,000001FAD6970CF0
3007,213800526383,93.541002500,84.990500,Present,0,512,7300,1920,1080,000001FAD6970CF0
3008,213801430959,93.631460100,90.457600,Present,0,512,7300,1920,1080,000001FAD6970CF0
3009,213802605370,93.748901200,117.441100,Present,0,512,7300,1920,1080,000001FAD6970CF0
3010,213803586736,93.847037800,98.136600,Present,0,512,7300,1920,1080,000001FAD6970CF0
3011,213804558542,93.944218400,97.180600,Present,0,512,7300,1920,1080,000001FAD6970CF0
3012,213805889823,94.077346500,133.128100,Present,0,512,7300,1920,1080,000001FAD6970CF0
3013,213806981874,94.186551600,109.205100,Present,0,512,7300,1920,1080,000001FAD6970CF0
3014,213807611630,94.249527200,62.975600,Present,0,512,7300,1920,1080,000001FAD6970CF0
3015,213808599086,94.348272800,98.745600,Present,0,512,7300,1920,1080,000001FAD6970CF0
3016,213809549124,94.443276600,95.003800,Present,0,512,7300,1920,1080,000001FAD6970CF0
3017,213810590514,94.547415600,104.139000,Present,0,512,7300,1920,1080,000001FAD6970CF0
3018,213811468509,94.635215100,87.799500,Present,0,512,7300,1920,1080,000001FAD6970CF0
3019,213812438274,94.732191600,96.976500,Present,0,512,7300,1920,1080,000001FAD6970CF0
3020,213813409254,94.829289600,97.098000,Present,0,512,7300,1920,1080,000001FAD6970CF0
3021,213814288851,94.917249300,87.959700,Present,0,512,7300,1920,1080,000001FAD6970CF0
3022,213815204995,95.008863700,91.614400,Present,0,512,7300,1920,1080,000001FAD6970CF0
3023,213816360452,95.124409400,115.545700,Present,0,512,7300,1920,1080,000001FAD6970CF0
3024,213817212761,95.209640300,85.230900,Present,0,512,7300,1920,1080,000001FAD6970CF0
3025,213818016863,95.290050500,80.410200,Present,0,512,7300,1920,1080,000001FAD6970CF0
3026,213818943414,95.382705600,92.655100,Present,0,512,7300,1920,1080,000001FAD6970CF0
3027,213819980050,95.486369200,103.663600,Present,0,512,7300,1920,1080,000001FAD6970CF0
3028,213821097877,95.598151900,111.782700,Present,0,512,7300,1920,1080,000001FAD6970CF0
3029,213822064889,95.694853100,96.701200,Present,0,512,7300,1920,1080,000001FAD6970CF0
3030,213823201594,95.808523600,113.670500,Present,0,512,7300,1920,1080,000001FAD6970CF0
3031,213824083519,95.896716100,88.192500,Present,0,512,7300,1920,1080,000001FAD6970CF0
3032,213825006089,95.988973100,92.257000,Present,0,512,7300,1920,1080,000001FAD6970CF0
3033,213826374992,96.125863400,136.890300,Present,0,512,7300,1920,1080,000001FAD6970CF0
3034,213827500899,96.238454100,112.590700,Present,0,512,7300,1920,1080,000001FAD6970CF0
3035,213828323980,96.320762200,82.308100,Present,0,512,7300,1920,1080,000001FAD6970CF0
3036,213829075749,96.395939100,75.176900,Present,0,512,7300,1920,1080,000001FAD6970CF0
3037,213829896780,96.478042200,82.103100,Present,0,512,7300,1920,1080,000001FAD6970CF0
3038,213830834245,96.571788700,93.746500,Present,0,512,7300,1920,1080,000001FAD6970CF0
3039,213832077484,96.696112600,124.323900,Present,0,512,7300,1920,1080,000001FAD6970CF0
3040,213833084010,96.796765200,100.652600,Present,0,512,7300,1920,1080,000001FAD6970CF0
3041,213833964888,96.884853000,88.087800,Present,0,512,7300,1920,1080,000001FAD6970CF0
3042,213834685849,96.956949100,72.096100,Present,0,512,7300,1920,1080,000001FAD6970CF0
3043,213835762602,97.064624400,107.675300,Present,0,512,7300,1920,1080,000001FAD6970CF0
3044,213836760617,97.164425900,99.801500,Present,0,512,7300,1920,1080,000001FAD6970CF0
3045,213837521824,97.240546600,76.120700,Present,0,512,7300,1920,1080,000001FAD6970CF0
3046,213838365458,97.324910000,84.363400,Present,0,512,7300,1920,1080,000001FAD6970CF0
3047,213839683009,97.456665100,131.755100,Present,0,512,7300,1920,1080,000001FAD6970CF0
3048,213840701349,97.558499100,101.834000,Present,0,512,7300,1920,1080,000001FAD6970CF0
3049,213841666317,97.654995900,96.496800,Present,0,512,7300,1920,1080,000001FAD6970CF0
3050,213842362587,97.724622900,69.627000,Present,0,512,7300,1920,1080,000001FAD6970CF0
3051,213843020256,97.790389800,65.766900,Present,0,512,7300,1920,1080,000001FAD6970CF0
3052,213844000694,97.888433600,98.043800,Present,0,512,7300,1920,1080,000001FAD6970CF0
3053,213844990668,97.987431000,98.997400,Present,0,512,7300,1920,1080,000001FAD6970CF0
3054,213846006180,98.088982200,101.551200,Present,0,512,7300,1920,1080,000001FAD6970CF0
3055,213846890092,98.177373400,88.391200,Present,0,512,7300,1920,1080,000001FAD6970CF0
3056,213847849227,98.273286900,95.913500,Present,0,512,7300,1920,1080,000001FAD6970CF0
3057,213848957818,98.384146000,110.859100,Present,0,512,7300,1920,1080,000001FAD6970CF0
3058,213850096517,98.498015900,113.869900,Present,0,512,7300,1920,1080,000001FAD6970CF0
3059,213850807888,98.569153000,71.137100,Present,0,512,7300,1920,1080,000001FAD6970CF0
3060,213851675773,98.655941500,86.788500,Present,0,512,7300,1920,1080,000001FAD6970CF0
3061,213852627942,98.751158400,95.216900,Present,0,512,7300,1920,1080,000001FAD6970CF0
3062,213853641813,98.852545500,101.387100,Present,0,512,7300,1920,1080,000001FAD6970CF0
3063,213854546530,98.943017200,90.471700,Present,0,512,7300,1920,1080,000001FAD6970CF0
3064,213855651847,99.053548900,110.531700,Present,0,512,7300,1920,1080,000001FAD6970CF0
3065,213856580125,99.146376700,92.827800,Present,0,512,7300,1920,1080,000001FAD6970CF0
3066,213857664649,99.254829100,108.452400,Present,0,512,7300,1920,1080,000001FAD6970CF0
3067,213858834956,99.371859800,117.030700,Present,0,512,7300,1920,1080,000001FAD6970CF0
3068,213860063466,99.494710800,122.851000,Present,0,512,7300,1920,1080,000001FAD6970CF0
3069,213860765174,99.564881600,70.170800,Present,0,512,7300,1920,1080,000001FAD6970CF0
3070,213861498311,99.638195300,73.313700,Present,0,512,7300,1920,1080,000001FAD6970CF0
3071,213862817999,99.770164100,131.968800,Present,0,512,7300,1920,1080,000001FAD6970CF0
3072,213863862426,99.874606800,104.442700,Present,0,512,7300,1920,1080,000001FAD6970CF0
3073,213864654768,99.953841000,79.234200,Present,0,512,7300,1920,1080,000001FAD6970CF0
3074,213865437758,100.032140000,78.299000,Present,0,512,7300,1920,1080,000001FAD6970CF0
3075,213866378589,100.126223100,94.083100,Present,0,512,7300,1920,1080,000001FAD6970CF0
3076,213867706837,100.259047900,132.824800,Present,0,512,7300,1920,1080,000001FAD6970CF0
3077,213868713447,100.359708900,100.661000,Present,0,512,7300,1920,1080,000001FAD6970CF0
3078,213869463087,100.434672900,74.964000,Present,0,512,7300,1920,1080,000001FAD6970CF0
3079,213870527808,100.541145000,106.472100,Present,0,512,7300,1920,1080,000001FAD6970CF0
3080,213871819354,100.670299600,129.154600,Present,0,512,7300,1920,1080,000001FAD6970CF0
3081,213872762367,100.764600900,94.301300,Present,0,512,7300,1920,1080,000001FAD6970CF0
3082,213873896368,100.878001000,113.400100,Present,0,512,7300,1920,1080,000001FAD6970CF0
3083,213874989196,100.987283800,109.282800,Present,0,512,7300,1920,1080,000001FAD6970CF0
3084,213876238905,101.112254700,124.970900,Present,0,512,7300,1920,1080,000001FAD6970CF0
3085,213877248552,101.213219400,100.964700,Present,0,512,7300,1920,1080,000001FAD6970CF0
3086,213878293361,101.317700300,104.480900,Present,0,512,7300,1920,1080,000001FAD6970CF0
3087,213879624939,101.450858100,133.157800,Present,0,512,7300,1920,1080,000001FAD6970CF0
3088,213880765549,101.564919100,114.061000,Present,0,512,7300,1920,1080,000001FAD6970CF0
3089,213881554971,101.643861300,78.942200,Present,0,512,7300,1920,1080,000001FAD6970CF0
3090,213882589427,101.747306900,103.445600,Present,0,512,7300,1920,1080,000001FAD6970CF0
3091,213883981595,101.886523700,139.216800,Present,0,512,7300,1920,1080,000001FAD6970CF0
3092,213885085871,101.996951300,110.427600,Present,0,512,7300,1920,1080,000001FAD6970CF0
3093,213885821612,102.070525400,73.574100,Present,0,512,7300,1920,1080,000001FAD6970CF0
3094,213886793872,102.167751400,97.226000,Present,0,512,7300,1920,1080,000001FAD6970CF0
3095,213888219183,102.310282500,142.531100,Present,0,512,7300,1920,1080,000001FAD6970CF0
3096,213889302041,102.418568300,108.285800,Present,0,512,7300,1920,1080,000001FAD6970CF0
3097,213890031160,102.491480200,72.911900,Present,0,512,7300,1920,1080,000001FAD6970CF0
3098,213890903033,102.578667500,87.187300,Present,0,512,7300,1920,1080,000001FAD6970CF0
3099,213891845477,102.672911900,94.244400,Present,0,512,7300,1920,1080,000001FAD6970CF0
3100,213892920786,102.780442800,107.530900,Present,0,512,7300,1920,1080,000001FAD6970CF0
3101,213893933046,102.881668800,101.226000,Present,0,512,7300,1920,1080,000001FAD6970CF0
3102,213895036639,102.992028100,110.359300,Present,0,512,7300,1920,1080,000001FAD6970CF0
3103,213896107721,103.099136300,107.108200,Present,0,512,7300,1920,1080,000001FAD6970CF0
3104,213897016942,103.190058400,90.922100,Present,0,512,7300,1920,1080,000001FAD6970CF0
3105,213898023154,103.290679600,100.621200,Present,0,512,7300,1920,1080,000001FAD6970CF0
3106,213899143527,103.402716900,112.037300,Present,0,512,7300,1920,1080,000001FAD6970CF0
3107,213900295247,103.517888900,115.172000,Present,0,512,7300,1920,1080,000001FAD6970CF0
3108,213901084087,103.596772900,78.884000,Present,0,512,7300,1920,1080,000001FAD6970CF0
3109,213902189554,103.707319600,110.546700,Present,0,512,7300,1920,1080,000001FAD6970CF0
3110,213903080675,103.796431700,89.112100,Present,0,512,7300,1920,1080,000001FAD6970CF0
3111,213904138291,103.902193300,105.761600,Present,0,512,7300,1920,1080,000001FAD6970CF0
3112,213905044656,103.992829800,90.636500,Present,0,512,7300,1920,1080,000001FAD6970CF0
3113,213906026474,104.091011600,98.181800,Present,0,512,7300,1920,1080,000001FAD6970CF0
3114,213906917617,104.180125900,89.114300,Present,0,512,7300,1920,1080,000001FAD6970CF0
3115,213907886451,104.277009300,96.883400,Present,0,512,7300,1920,1080,000001FAD6970CF0
3116,213909144614,104.402825600,125.816300,Present,0,512,7300,1920,1080,000001FAD6970CF0
3117,213909887082,104.477072400,74.246800,Present,0,512,7300,1920,1080,000001FAD6970CF0
3118,213910646982,104.553062400,75.990000,Present,0,512,7300,1920,1080,000001FAD6970CF0
3119,213911852149,104.673579100,120.516700,Present,0,512,7300,1920,1080,000001FAD6970CF0
3120,213912824679,104.770832100,97.253000,Present,0,512,7300,1920,1080,000001FAD6970CF0
3121,213913776531,104.866017300,95.185200,Present,0,512,7300,1920,1080,000001FAD6970CF0
3122,213914580694,104.946433600,80.416300,Present,0,512,7300,1920,1080,000001FAD6970CF0
3123,213915546510,105.043015200,96.581600,Present,0,512,7300,1920,1080,000001FAD6970CF0
3124,213916613611,105.149725300,106.710100,Present,0,512,7300,1920,1080,000001FAD6970CF0
3125,213917459966,105.234360800,84.635500,Present,0,512,7300,1920,1080,000001FAD6970CF0
3126,213918856752,105.374039400,139.678600,Present,0,512,7300,1920,1080,000001FAD6970CF0
3127,213919658822,105.454246400,80.207000,Present,0,512,7300,1920,1080,000001FAD6970CF0
3128,213920758357,105.564199900,109.953500,Present,0,512,7300,1920,1080,000001FAD6970CF0
3129,213921644327,105.652796900,88.597000,Present,0,512,7300,1920,1080,000001FAD6970CF0
3130,213922800491,105.768413300,115.616400,Present,0,512,7300,1920,1080,000001FAD6970CF0
3131,213924025648,105.890929000,122.515700,Present,0,512,7300,1920,1080,000001FAD6970CF0
3132,213924789213,105.967285500,76.356500,Present,0,512,7300,1920,1080,000001FAD6970CF0
3133,213925508901,106.039254300,71.968800,Present,0,512,7300,1920,1080,000001FAD6970CF0
3134,213926468774,106.135241600,95.987300,Present,0,512,7300,1920,1080,000001FAD6970CF0
3135,213927476155,106.235979700,100.738100,Present,0,512,7300,1920,1080,000001FAD6970CF0
3136,213928416682,106.330032400,94.052700,Present,0,512,7300,1920,1080,000001FAD6970CF0
3137,213929546996,106.443063800,113.031400,Present,0,512,7300,1920,1080,000001FAD6970CF0
3138,213930474377,106.535801900,92.738100,Present,0,512,7300,1920,1080,000001FAD6970CF0
3139,213931446122,106.632976400,97.174500,Present,0,512,7300,1920,1080,000001FAD6970CF0
3140,213932465402,106.734904400,101.928000,Present,0,512,7300,1920,1080,000001FAD6970CF0
3141,213933648504,106.853214600,118.310200,Present,0,512,7300,1920,1080,000001FAD6970CF0
3142,213934930248,106.981389000,128.174400,Present,0,512,7300,1920,1080,000001FAD6970CF0
3143,213935582571,107.046621300,65.232300,Present,0,512,7300,1920,1080,000001FAD6970CF0
3144,213936360342,107.124398400,77.777100,Present,0,512,7300,1920,1080,000001FAD6970CF0
3145,213937338519,107.222216100,97.817700,Present,0,512,7300,1920,1080,000001FAD6970CF0
3146,213938399453,107.328309500,106.093400,Present,0,512,7300,1920,1080,000001FAD6970CF0
3147,213939306118,107.418976000,90.666500,Present,0,512,7300,1920,1080,000001FAD6970CF0
3148,213940264911,107.514855300,95.879300,Present,0,512,7300,1920,1080,000001FAD6970CF0
3149,213941589424,107.647306600,132.451300,Present,0,512,7300,1920,1080,000001FAD6970CF0
3150,213942458705,107.734234700,86.928100,Present,0,512,7300,1920,1080,000001FAD6970CF0
3151,213943258597,107.814223900,79.989200,Present,0,512,7300,1920,1080,000001FAD6970CF0
3152,213944171253,107.905489500,91.265600,Present,0,512,7300,1920,1080,000001FAD6970CF0
3153,213945132056,108.001569800,96.080300,Present,0,512,7300,1920,1080,000001FAD6970CF0
3154,213946282985,108.116662700,115.092900,Present,0,512,7300,1920,1080,000001FAD6970CF0
3155,213947109610,108.199325200,82.662500,Present,0,512,7300,1920,1080,000001FAD6970CF0
3156,213948059626,108.294326800,95.001600,Present,0,512,7300,1920,1080,000001FAD6970CF0
3157,213949199800,108.408344200,114.017400,Present,0,512,7300,1920,1080,000001FAD6970CF0
3158,213949985249,108.486889100,78.544900,Present,0,512,7300,1920,1080,000001FAD6970CF0
3159,213950988390,108.587203200,100.314100,Present,0,512,7300,1920,1080,000001FAD6970CF0
3160,213951969895,108.685353700,98.150500,Present,0,512,7300,1920,1080,000001FAD6970CF0
3161,213953231378,108.811502000,126.148300,Present,0,512,7300,1920,1080,000001FAD6970CF0
3162,213954041979,108.892562100,81.060100,Present,0,512,7300,1920,1080,000001FAD6970CF0
3163,213955096034,108.997967600,105.405500,Present,0,512,7300,1920,1080,000001FAD6970CF0
3164,213956036450,109.092009200,94.041600,Present,0,512,7300,1920,1080,000001FAD6970CF0
3165,213957338094,109.222173600,130.164400,Present,0,512,7300,1920,1080,000001FAD6970CF0
3166,213958792610,109.367625200,145.451600,Present,0,512,7300,1920,1080,000001FAD6970CF0
3167,213959575362,109.445900400,78.275200,Present,0,512,7300,1920,1080,000001FAD6970CF0
3168,213960387466,109.527110800,81.210400,Present,0,512,7300,1920,1080,000001FAD6970CF0
3169,213961157478,109.604112000,77.001200,Present,0,512,7300,1920,1080,000001FAD6970CF0
3170,213962131968,109.701561000,97.449000,Present,0,512,7300,1920,1080,000001FAD6970CF0
3171,213963111341,109.799498300,97.937300,Present,0,512,7300,1920,1080,000001FAD6970CF0
3172,213964142798,109.902644000,103.145700,Present,0,512,7300,1920,1080,000001FAD6970CF0
3173,213965181160,110.006480200,103.836200,Present,0,512,7300,1920,1080,000001FAD6970CF0
3174,213966108367,110.099200900,92.720700,Present,0,512,7300,1920,1080,000001FAD6970CF0
3175,213967350966,110.223460800,124.259900,Present,0,512,7300,1920,1080,000001FAD6970CF0
3176,213968657396,110.354103800,130.643000,Present,0,512,7300,1920,1080,000001FAD6970CF0
3177,213969435276,110.431891800,77.788000,Present,0,512,7300,1920,1080,000001FAD6970CF0
3178,213970075643,110.495928500,64.036700,Present,0,512,7300,1920,1080,000001FAD6970CF0
3179,213971048509,110.593215100,97.286600,Present,0,512,7300,1920,1080,000001FAD6970CF0
3180,213972136087,110.701972900,108.757800,Present,0,512,7300,1920,1080,000001FAD6970CF0
3181,213973053051,110.793669300,91.696400,Present,0,512,7300,1920,1080,000001FAD6970CF0
3182,213974105527,110.898916900,105.247600,Present,0,512,7300,1920,1080,000001FAD6970CF0
3183,213975318482,111.020212400,121.295500,Present,0,512,7300,1920,1080,000001FAD6970CF0
3184,213976296869,111.118051100,97.838700,Present,0,512,7300,1920,1080,000001FAD6970CF0
3185,213977141730,111.202537200,84.486100,Present,0,512,7300,1920,1080,000001FAD6970CF0
3186,213977941622,111.282526400,79.989200,Present,0,512,7300,1920,1080,000001FAD6970CF0
3187,213979224163,111.410780500,128.254100,Present,0,512,7300,1920,1080,000001FAD6970CF0
3188,213979998219,111.488186100,77.405600,Present,0,512,7300,1920,1080,000001FAD6970CF0
3189,213980853812,111.573745400,85.559300,Present,0,512,7300,1920,1080,000001FAD6970CF0
3190,213982146229,111.702987100,129.241700,Present,0,512,7300,1920,1080,000001FAD6970CF0
3191,213983157960,111.804160200,101.173100,Present,0,512,7300,1920,1080,000001FAD6970CF0
3192,213983963006,111.884664800,80.504600,Present,0,512,7300,1920,1080,000001FAD6970CF0
3193,213984725465,111.960910700,76.245900,Present,0,512,7300,1920,1080,000001FAD6970CF0
3194,213985966980,112.085062200,124.151500,Present,0,512,7300,1920,1080,000001FAD6970CF0
3195,213986889567,112.177320900,92.258700,Present,0,512,7300,1920,1080,000001FAD6970CF0
3196,213987796536,112.268017800,90.696900,Present,0,512,7300,1920,1080,000001FAD6970CF0
3197,213988499865,112.338350700,70.332900,Present,0,512,7300,1920,1080,000001FAD6970CF0
3198,213989478359,112.436200100,97.849400,Present,0,512,7300,1920,1080,000001FAD6970CF0
3199,213990295153,112.517879500,81.679400,Present,0,512,7300,1920,1080,000001FAD6970CF0
3200,213991275603,112.615924500,98.045000,Present,0,512,7300,1920,1080,000001FAD6970CF0
3201,213992322438,112.720608000,104.683500,Present,0,512,7300,1920,1080,000001FAD6970CF0
3202,213993232660,112.811630200,91.022200,Present,0,512,7300,1920,1080,000001FAD6970CF0
3203,213994236508,112.912015000,100.384800,Present,0,512,7300,1920,1080,000001FAD6970CF0
3204,213995540851,113.042449300,130.434300,Present,0,512,7300,1920,1080,000001FAD6970CF0
3205,213996539231,113.142287300,99.838000,Present,0,512,7300,1920,1080,000001FAD6970CF0
3206,213997377824,113.226146600,83.859300,Present,0,512,7300,1920,1080,000001FAD6970CF0
3207,213998340642,113.322428400,96.281800,Present,0,512,7300,1920,1080,000001FAD6970CF0
3208,213999918062,113.480170400,157.742000,Present,0,512,7300,1920,1080,000001FAD6970CF0
3209,214000714988,113.559863000,79.692600,Present,0,512,7300,1920,1080,000001FAD6970CF0
3210,214001437273,113.632091500,72.228500,Present,0,512,7300,1920,1080,000001FAD6970CF0
3211,214002395036,113.727867800,95.776300,Present,0,512,7300,1920,1080,000001FAD6970CF0
3212,214003359165,113.824280700,96.412900,Present,0,512,7300,1920,1080,000001FAD6970CF0
3213,214004621134,113.950477600,126.196900,Present,0,512,7300,1920,1080,000001FAD6970CF0
3214,214005605808,114.048945000,98.467400,Present,0,512,7300,1920,1080,000001FAD6970CF0
3215,214006780822,114.166446400,117.501400,Present,0,512,7300,1920,1080,000001FAD6970CF0
3216,214007706383,114.259002500,92.556100,Present,0,512,7300,1920,1080,000001FAD6970CF0
3217,214008675092,114.355873400,96.870900,Present,0,512,7300,1920,1080,000001FAD6970CF0
3218,214009788393,114.467203500,111.330100,Present,0,512,7300,1920,1080,000001FAD6970CF0
3219,214010617997,114.550163900,82.960400,Present,0,512,7300,1920,1080,000001FAD6970CF0
3220,214011552023,114.643566500,93.402600,Present,0,512,7300,1920,1080,000001FAD6970CF0
3221,214012476980,114.736062200,92.495700,Present,0,512,7300,1920,1080,000001FAD6970CF0
3222,214013770206,114.865384800,129.322600,Present,0,512,7300,1920,1080,000001FAD6970CF0
3223,214014833321,114.971696300,106.311500,Present,0,512,7300,1920,1080,000001FAD6970CF0
3224,214015858882,115.074252400,102.556100,Present,0,512,7300,1920,1080,000001FAD6970CF0
3225,214016981415,115.186505700,112.253300,Present,0,512,7300,1920,1080,000001FAD6970CF0
3226,214018030689,115.291433100,104.927400,Present,0,512,7300,1920,1080,000001FAD6970CF0
3227,214018826186,115.370982800,79.549700,Present,0,512,7300,1920,1080,000001FAD6970CF0
3228,214019809892,115.469353400,98.370600,Present,0,512,7300,1920,1080,000001FAD6970CF0
3229,214020844252,115.572789400,103.436000,Present,0,512,7300,1920,1080,000001FAD6970CF0
3230,214021738589,115.662223100,89.433700,Present,0,512,7300,1920,1080,000001FAD6970CF0
3231,214022767226,115.765086800,102.863700,Present,0,512,7300,1920,1080,000001FAD6970CF0
3232,214023853226,115.873686800,108.600000,Present,0,512,7300,1920,1080,000001FAD6970CF0
3233,214024945693,115.982933500,109.246700,Present,0,512,7300,1920,1080,000001FAD6970CF0
3234,214026453504,116.133714600,150.781100,Present,0,512,7300,1920,1080,000001FAD6970CF0
3235,214027411861,116.229550300,95.835700,Present,0,512,7300,1920,1080,000001FAD6970CF0
3236,214028166940,116.305058200,75.507900,Present,0,512,7300,1920,1080,000001FAD6970CF0
3237,214028975451,116.385909300,80.851100,Present,0,512,7300,1920,1080,000001FAD6970CF0
3238,214029977027,116.486066900,100.157600,Present,0,512,7300,1920,1080,000001FAD6970CF0
3239,214031144562,116.602820400,116.753500,Present,0,512,7300,1920,1080,000001FAD6970CF0
3240,214032296511,116.718015300,115.194900,Present,0,512,7300,1920,1080,000001FAD6970CF0
3241,214033164916,116.804855800,86.840500,Present,0,512,7300,1920,1080,000001FAD6970CF0
3242,214033992390,116.887603200,82.747400,Present,0,512,7300,1920,1080,000001FAD6970CF0
3243,214035214770,117.009841200,122.238000,Present,0,512,7300,1920,1080,000001FAD6970CF0
3244,214036203855,117.108749700,98.908500,Present,0,512,7300,1920,1080,000001FAD6970CF0
3245,214037072393,117.195603500,86.853800,Present,0,512,7300,1920,1080,000001FAD6970CF0
3246,214038110755,117.299439700,103.836200,Present,0,512,7300,1920,1080,000001FAD6970CF0
3247,214039216447,117.410008900,110.569200,Present,0,512,7300,1920,1080,000001FAD6970CF0
3248,214040155508,117.503915000,93.906100,Present,0,512,7300,1920,1080,000001FAD6970CF0
3249,214041233940,117.611758200,107.843200,Present,0,512,7300,1920,1080,000001FAD6970CF0
3250,214042275302,117.715894400,104.136200,Present,0,512,7300,1920,1080,000001FAD6970CF0
3251,214043334567,117.821820900,105.926500,Present,0,512,7300,1920,1080,000001FAD6970CF0
3252,214044300067,117.918370900,96.550000,Present,0,512,7300,1920,1080,000001FAD6970CF0
3253,214045226629,118.011027100,92.656200,Present,0,512,7300,1920,1080,000001FAD6970CF0
3254,214046202946,118.108658800,97.631700,Present,0,512,7300,1920,1080,000001FAD6970CF0
3255,214047294505,118.217814700,109.155900,Present,0,512,7300,1920,1080,000001FAD6970CF0
3256,214048299565,118.318320700,100.506000,Present,0,512,7300,1920,1080,000001FAD6970CF0
3257,214049353836,118.423747800,105.427100,Present,0,512,7300,1920,1080,000001FAD6970CF0
3258,214050332300,118.521594200,97.846400,Present,0,512,7300,1920,1080,000001FAD6970CF0
3259,214051391183,118.627482500,105.888300,Present,0,512,7300,1920,1080,000001FAD6970CF0
3260,214052328476,118.721211800,93.729300,Present,0,512,7300,1920,1080,000001FAD6970CF0
3261,214053288825,118.817246700,96.034900,Present,0,512,7300,1920,1080,000001FAD6970CF0
3262,214054269889,118.915353100,98.106400,Present,0,512,7300,1920,1080,000001FAD6970CF0
3263,214055196811,119.008045300,92.692200,Present,0,512,7300,1920,1080,000001FAD6970CF0
3264,214056124130,119.100777200,92.731900,Present,0,512,7300,1920,1080,000001FAD6970CF0
3265,214057031060,119.191470200,90.693000,Present,0,512,7300,1920,1080,000001FAD6970CF0
3266,214057967968,119.285161000,93.690800,Present,0,512,7300,1920,1080,000001FAD6970CF0
3267,214058976993,119.386063500,100.902500,Present,0,512,7300,1920,1080,000001FAD6970CF0
3268,214059934939,119.481858100,95.794600,Present,0,512,7300,1920,1080,000001FAD6970CF0
3269,214061047546,119.593118800,111.260700,Present,0,512,7300,1920,1080,000001FAD6970CF0
3270,214062209470,119.709311200,116.192400,Present,0,512,7300,1920,1080,000001FAD6970CF0
3271,214063056522,119.794016400,84.705200,Present,0,512,7300,1920,1080,000001FAD6970CF0
3272,214063998162,119.888180400,94.164000,Present,0,512,7300,1920,1080,000001FAD6970CF0
3273,214065203654,120.008729600,120.549200,Present,0,512,7300,1920,1080,000001FAD6970CF0
3274,214066125187,120.100882900,92.153300,Present,0,512,7300,1920,1080,000001FAD6970CF0
3275,214067005620,120.188926200,88.043300,Present,0,512,7300,1920,1080,000001FAD6970CF0
3276,214067978635,120.286227700,97.301500,Present,0,512,7300,1920,1080,000001FAD6970CF0
3277,214069244017,120.412765900,126.538200,Present,0,512,7300,1920,1080,000001FAD6970CF0
3278,214069971121,120.485476300,72.710400,Present,0,512,7300,1920,1080,000001FAD6970CF0
3279,214070956664,120.584030600,98.554300,Present,0,512,7300,1920,1080,000001FAD6970CF0
3280,214071899728,120.678337000,94.306400,Present,0,512,7300,1920,1080,000001FAD6970CF0
3281,214073260983,120.814462500,136.125500,Present,0,512,7300,1920,1080,000001FAD6970CF0
3282,214074359676,120.924331800,109.869300,Present,0,512,7300,1920,1080,000001FAD6970CF0
3283,214075255528,121.013917000,89.585200,Present,0,512,7300,1920,1080,000001FAD6970CF0
3284,214076097031,121.098067300,84.150300,Present,0,512,7300,1920,1080,000001FAD6970CF0
3285,214077317130,121.220077200,122.009900,Present,0,512,7300,1920,1080,000001FAD6970CF0
3286,214078201132,121.308477400,88.400200,Present,0,512,7300,1920,1080,000001FAD6970CF0
3287,214079114043,121.399768500,91.291100,Present,0,512,7300,1920,1080,000001FAD6970CF0
3288,214080088776,121.497241800,97.473300,Present,0,512,7300,1920,1080,000001FAD6970CF0
3289,214081156942,121.604058400,106.816600,Present,0,512,7300,1920,1080,000001FAD6970CF0
3290,214082080574,121.696421600,92.363200,Present,0,512,7300,1920,1080,000001FAD6970CF0
3291,214082987154,121.787079600,90.658000,Present,0,512,7300,1920,1080,000001FAD6970CF0
3292,214083870109,121.875375100,88.295500,Present,0,512,7300,1920,1080,000001FAD6970CF0
3293,214084965013,121.984865500,109.490400,Present,0,512,7300,1920,1080,000001FAD6970CF0
3294,214085769700,122.065334200,80.468700,Present,0,512,7300,1920,1080,000001FAD6970CF0
3295,214086746009,122.162965100,97.630900,Present,0,512,7300,1920,1080,000001FAD6970CF0
3296,214087984643,122.286828500,123.863400,Present,0,512,7300,1920,1080,000001FAD6970CF0
3297,214089021753,122.390539500,103.711000,Present,0,512,7300,1920,1080,000001FAD6970CF0
3298,214089912698,122.479634000,89.094500,Present,0,512,7300,1920,1080,000001FAD6970CF0
3299,214090760363,122.564400500,84.766500,Present,0,512,7300,1920,1080,000001FAD6970CF0
3300,214091526926,122.641056800,76.656300,Present,0,512,7300,1920,1080,000001FAD6970CF0
3301,214092549577,122.743321900,102.265100,Present,0,512,7300,1920,1080,000001FAD6970CF0
3302,214093582262,122.846590400,103.268500,Present,0,512,7300,1920,1080,000001FAD6970CF0
3303,214094613563,122.949720500,103.130100,Present,0,512,7300,1920,1080,000001FAD6970CF0
3304,214095799670,123.068331200,118.610700,Present,0,512,7300,1920,1080,000001FAD6970CF0
3305,214096789337,123.167297900,98.966700,Present,0,512,7300,1920,1080,000001FAD6970CF0
3306,214097661366,123.254500800,87.202900,Present,0,512,7300,1920,1080,000001FAD6970CF0
3307,214098805496,123.368913800,114.413000,Present,0,512,7300,1920,1080,000001FAD6970CF0
3308,214099810980,123.469462200,100.548400,Present,0,512,7300,1920,1080,000001FAD6970CF0
3309,214100690584,123.557422600,87.960400,Present,0,512,7300,1920,1080,000001FAD6970CF0
3310,214101761528,123.664517000,107.094400,Present,0,512,7300,1920,1080,000001FAD6970CF0
3311,214102820620,123.770426200,105.909200,Present,0,512,7300,1920,1080,000001FAD6970CF0
3312,214103798581,123.868222300,97.796100,Present,0,512,7300,1920,1080,000001FAD6970CF0
3313,214104774119,123.965776100,97.553800,Present,0,512,7300,1920,1080,000001FAD6970CF0
3314,214106123872,124.100751400,134.975300,Present,0,512,7300,1920,1080,000001FAD6970CF0
3315,214107137531,124.202117300,101.365900,Present,0,512,7300,1920,1080,000001FAD6970CF0
3316,214108107526,124.299116800,96.999500,Present,0,512,7300,1920,1080,000001FAD6970CF0
3317,214108963885,124.384752700,85.635900,Present,0,512,7300,1920,1080,000001FAD6970CF0
3318,214110034759,124.491840100,107.087400,Present,0,512,7300,1920,1080,000001FAD6970CF0
3319,214111008237,124.589187900,97.347800,Present,0,512,7300,1920,1080,000001FAD6970CF0
3320,214111874330,124.675797200,86.609300,Present,0,512,7300,1920,1080,000001FAD6970CF0
3321,214112936036,124.781967800,106.170600,Present,0,512,7300,1920,1080,000001FAD6970CF0
3322,214114579872,124.946351400,164.383600,Present,0,512,7300,1920,1080,000001FAD6970CF0
3323,214115379259,125.026290100,79.938700,Present,0,512,7300,1920,1080,000001FAD6970CF0
3324,214116423017,125.130665900,104.375800,Present,0,512,7300,1920,1080,000001FAD6970CF0
3325,214117191522,125.207516400,76.850500,Present,0,512,7300,1920,1080,000001FAD6970CF0
3326,214117919815,125.280345700,72.829300,Present,0,512,7300,1920,1080,000001FAD6970CF0
3327,214118822734,125.370637600,90.291900,Present,0,512,7300,1920,1080,000001FAD6970CF0
3328,214119762961,125.464660300,94.022700,Present,0,512,7300,1920,1080,000001FAD6970CF0
3329,214120711487,125.559512900,94.852600,Present,0,512,7300,1920,1080,000001FAD6970CF0
3330,214121695264,125.657890600,98.377700,Present,0,512,7300,1920,1080,000001FAD6970CF0
3331,214122747508,125.763115000,105.224400,Present,0,512,7300,1920,1080,000001FAD6970CF0
3332,214123669206,125.855284800,92.169800,Present,0,512,7300,1920,1080,000001FAD6970CF0
3333,214124537412,125.942105400,86.820600,Present,0,512,7300,1920,1080,000001FAD6970CF0
3334,214125458119,126.034176100,92.070700,Present,0,512,7300,1920,1080,000001FAD6970CF0
3335,214126668355,126.155199700,121.023600,Present,0,512,7300,1920,1080,000001FAD6970CF0
3336,214127619833,126.250347500,95.147800,Present,0,512,7300,1920,1080,000001FAD6970CF0
3337,214128587393,126.347103500,96.756000,Present,0,512,7300,1920,1080,000001FAD6970CF0
3338,214129595824,126.447946600,100.843100,Present,0,512,7300,1920,1080,000001FAD6970CF0
3339,214130647598,126.553124000,105.177400,Present,0,512,7300,1920,1080,000001FAD6970CF0
3340,214131593322,126.647696400,94.572400,Present,0,512,7300,1920,1080,000001FAD6970CF0
3341,214132502145,126.738578700,90.882300,Present,0,512,7300,1920,1080,000001FAD6970CF0
3342,214133475703,126.835934500,97.355800,Present,0,512,7300,1920,1080,000001FAD6970CF0
3343,214134405218,126.928886000,92.951500,Present,0,512,7300,1920,1080,000001FAD6970CF0
3344,214135490036,127.037367800,108.481800,Present,0,512,7300,1920,1080,000001FAD6970CF0
3345,214136497701,127.138134300,100.766500,Present,0,512,7300,1920,1080,000001FAD6970CF0
3346,214137531002,127.241464400,103.330100,Present,0,512,7300,1920,1080,000001FAD6970CF0
3347,214138627930,127.351157200,109.692800,Present,0,512,7300,1920,1080,000001FAD6970CF0
3348,214139721308,127.460495000,109.337800,Present,0,512,7300,1920,1080,000001FAD6970CF0
3349,214140515132,127.539877400,79.382400,Present,0,512,7300,1920,1080,000001FAD6970CF0
3350,214141733710,127.661735200,121.857800,Present,0,512,7300,1920,1080,000001FAD6970CF0
3351,214142708364,127.759200600,97.465400,Present,0,512,7300,1920,1080,000001FAD6970CF0
3352,214143722167,127.860580900,101.380300,Present,0,512,7300,1920,1080,000001FAD6970CF0
3353,214144683952,127.956759400,96.178500,Present,0,512,7300,1920,1080,000001FAD6970CF0
3354,214145798722,128.068236400,111.477000,Present,0,512,7300,1920,1080,000001FAD6970CF0
3355,214146744496,128.162813800,94.577400,Present,0,512,7300,1920,1080,000001FAD6970CF0
3356,214147931755,128.281539700,118.725900,Present,0,512,7300,1920,1080,000001FAD6970CF0
3357,214148693296,128.357693800,76.154100,Present,0,512,7300,1920,1080,000001FAD6970CF0
3358,214149667646,128.455128800,97.435000,Present,0,512,7300,1920,1080,000001FAD6970CF0
3359,214150645772,128.552941400,97.812600,Present,0,512,7300,1920,1080,000001FAD6970CF0
3360,214151686977,128.657061900,104.120500,Present,0,512,7300,1920,1080,000001FAD6970CF0
3361,214152528034,128.741167600,84.105700,Present,0,512,7300,1920,1080,000001FAD6970CF0
3362,214153528553,128.841219500,100.051900,Present,0,512,7300,1920,1080,000001FAD6970CF0
3363,214154713201,128.959684300,118.464800,Present,0,512,7300,1920,1080,000001FAD6970CF0
3364,214155620421,129.050406300,90.722000,Present,0,512,7300,1920,1080,000001FAD6970CF0
3365,214156601522,129.148516400,98.110100,Present,0,512,7300,1920,1080,000001FAD6970CF0
3366,214157372728,129.225637000,77.120600,Present,0,512,7300,1920,1080,000001FAD6970CF0
3367,214158395353,129.327899500,102.262500,Present,0,512,7300,1920,1080,000001FAD6970CF0
3368,214159301359,129.418500100,90.600600,Present,0,512,7300,1920,1080,000001FAD6970CF0
3369,214160291231,129.517487300,98.987200,Present,0,512,7300,1920,1080,000001FAD6970CF0
3370,214161472586,129.635622800,118.135500,Present,0,512,7300,1920,1080,000001FAD6970CF0
3371,214162734681,129.761832300,126.209500,Present,0,512,7300,1920,1080,000001FAD6970CF0
3372,214163512891,129.839653300,77.821000,Present,0,512,7300,1920,1080,000001FAD6970CF0
3373,214164337733,129.922137500,82.484200,Present,0,512,7300,1920,1080,000001FAD6970CF0
3374,214165306919,130.019056100,96.918600,Present,0,512,7300,1920,1080,000001FAD6970CF0
3375,214166670875,130.155451700,136.395600,Present,0,512,7300,1920,1080,000001FAD6970CF0
3376,214167676047,130.255968900,100.517200,Present,0,512,7300,1920,1080,000001FAD6970CF0
3377,214168438903,130.332254500,76.285600,Present,0,512,7300,1920,1080,000001FAD6970CF0
3378,214169489813,130.437345500,105.091000,Present,0,512,7300,1920,1080,000001FAD6970CF0
3379,214170784743,130.566838500,129.493000,Present,0,512,7300,1920,1080,000001FAD6970CF0
3380,214171684902,130.656854400,90.015900,Present,0,512,7300,1920,1080,000001FAD6970CF0
3381,214172638291,130.752193300,95.338900,Present,0,512,7300,1920,1080,000001FAD6970CF0
3382,214173607470,130.849111200,96.917900,Present,0,512,7300,1920,1080,000001FAD6970CF0
3383,214174841351,130.972499300,123.388100,Present,0,512,7300,1920,1080,000001FAD6970CF0
3384,214175802319,131.068596100,96.096800,Present,0,512,7300,1920,1080,000001FAD6970CF0
3385,214176687569,131.157121100,88.525000,Present,0,512,7300,1920,1080,000001FAD6970CF0
3386,214177559574,131.244321600,87.200500,Present,0,512,7300,1920,1080,000001FAD6970CF0
3387,214178525475,131.340911700,96.590100,Present,0,512,7300,1920,1080,000001FAD6970CF0
3388,214179924004,131.480764600,139.852900,Present,0,512,7300,1920,1080,000001FAD6970CF0
3389,214180968775,131.585241700,104.477100,Present,0,512,7300,1920,1080,000001FAD6970CF0
3390,214181919944,131.680358600,95.116900,Present,0,512,7300,1920,1080,000001FAD6970CF0
3391,214182804305,131.768794700,88.436100,Present,0,512,7300,1920,1080,000001FAD6970CF0
3392,214183804286,131.868792800,99.998100,Present,0,512,7300,1920,1080,000001FAD6970CF0
3393,214184713137,131.959677900,90.885100,Present,0,512,7300,1920,1080,000001FAD6970CF0
3394,214185922572,132.080621400,120.943500,Present,0,512,7300,1920,1080,000001FAD6970CF0
3395,214186952501,132.183614300,102.992900,Present,0,512,7300,1920,1080,000001FAD6970CF0
3396,214187847094,132.273073600,89.459300,Present,0,512,7300,1920,1080,000001FAD6970CF0
3397,214188949696,132.383333800,110.260200,Present,0,512,7300,1920,1080,000001FAD6970CF0
3398,214190050821,132.493446300,110.112500,Present,0,512,7300,1920,1080,000001FAD6970CF0
3399,214190941987,132.582562900,89.116600,Present,0,512,7300,1920,1080,000001FAD6970CF0
3400,214191869606,132.675324800,92.761900,Present,0,512,7300,1920,1080,000001FAD6970CF0
3401,214192873826,132.775746800,100.422000,Present,0,512,7300,1920,1080,000001FAD6970CF0
3402,214193976321,132.885996300,110.249500,Present,0,512,7300,1920,1080,000001FAD6970CF0
3403,214195346764,133.023040600,137.044300,Present,0,512,7300,1920,1080,000001FAD6970CF0
3404,214196197863,133.108150500,85.109900,Present,0,512,7300,1920,1080,000001FAD6970CF0
3405,214196974945,133.185858700,77.708200,Present,0,512,7300,1920,1080,000001FAD6970CF0
3406,214197972071,133.285571300,99.712600,Present,0,512,7300,1920,1080,000001FAD6970CF0
3407,214198994543,133.387818500,102.247200,Present,0,512,7300,1920,1080,000001FAD6970CF0
3408,214200174216,133.505785800,117.967300,Present,0,512,7300,1920,1080,000001FAD6970CF0
3409,214201283317,133.616695900,110.910100,Present,0,512,7300,1920,1080,000001FAD6970CF0
3410,214202437985,133.732162700,115.466800,Present,0,512,7300,1920,1080,000001FAD6970CF0
3411,214203300144,133.818378600,86.215900,Present,0,512,7300,1920,1080,000001FAD6970CF0
3412,214204280357,133.916399900,98.021300,Present,0,512,7300,1920,1080,000001FAD6970CF0
3413,214205630145,134.051378700,134.978800,Present,0,512,7300,1920,1080,000001FAD6970CF0
3414,214206572468,134.145611000,94.232300,Present,0,512,7300,1920,1080,000001FAD6970CF0
3415,214207567017,134.245065900,99.454900,Present,0,512,7300,1920,1080,000001FAD6970CF0
3416,214208578670,134.346231200,101.165300,Present,0,512,7300,1920,1080,000001FAD6970CF0
3417,214209736095,134.461973700,115.742500,Present,0,512,7300,1920,1080,000001FAD6970CF0
3418,214210606515,134.549015700,87.042000,Present,0,512,7300,1920,1080,000001FAD6970CF0
3419,214211597750,134.648139200,99.123500,Present,0,512,7300,1920,1080,000001FAD6970CF0
3420,214212590324,134.747396600,99.257400,Present,0,512,7300,1920,1080,000001FAD6970CF0
3421,214213468599,134.835224100,87.827500,Present,0,512,7300,1920,1080,000001FAD6970CF0
3422,214214497765,134.938140700,102.916600,Present,0,512,7300,1920,1080,000001FAD6970CF0
3423,214215380259,135.026390100,88.249400,Present,0,512,7300,1920,1080,000001FAD6970CF0
3424,214216356130,135.123977200,97.587100,Present,0,512,7300,1920,1080,000001FAD6970CF0
3425,214217400012,135.228365400,104.388200,Present,0,512,7300,1920,1080,000001FAD6970CF0
3426,214218478509,135.336215100,107.849700,Present,0,512,7300,1920,1080,000001FAD6970CF0
3427,214219309480,135.419312200,83.097100,Present,0,512,7300,1920,1080,000001FAD6970CF0
3428,214220113759,135.499740100,80.427900,Present,0,512,7300,1920,1080,000001FAD6970CF0
3429,214221065166,135.594880800,95.140700,Present,0,512,7300,1920,1080,000001FAD6970CF0
3430,214221996985,135.688062700,93.181900,Present,0,512,7300,1920,1080,000001FAD6970CF0
3431,214222878698,135.776234000,88.171300,Present,0,512,7300,1920,1080,000001FAD6970CF0
3432,214223791836,135.867547800,91.313800,Present,0,512,7300,1920,1080,000001FAD6970CF0
3433,214225053267,135.993690900,126.143100,Present,0,512,7300,1920,1080,000001FAD6970CF0
3434,214226088843,136.097248500,103.557600,Present,0,512,7300,1920,1080,000001FAD6970CF0
3435,214226865217,136.174885900,77.637400,Present,0,512,7300,1920,1080,000001FAD6970CF0
3436,214227664816,136.254845800,79.959900,Present,0,512,7300,1920,1080,000001FAD6970CF0
3437,214228752752,136.363639400,108.793600,Present,0,512,7300,1920,1080,000001FAD6970CF0
3438,214229864777,136.474841900,111.202500,Present,0,512,7300,1920,1080,000001FAD6970CF0
3439,214230808450,136.569209200,94.367300,Present,0,512,7300,1920,1080,000001FAD6970CF0
3440,214232178191,136.706183300,136.974100,Present,0,512,7300,1920,1080,000001FAD6970CF0
3441,214233238513,136.812215500,106.032200,Present,0,512,7300,1920,1080,000001FAD6970CF0
3442,214234041425,136.892506700,80.291200,Present,0,512,7300,1920,1080,000001FAD6970CF0
3443,214234837160,136.972080200,79.573500,Present,0,512,7300,1920,1080,000001FAD6970CF0
3444,214235891102,137.077474400,105.394200,Present,0,512,7300,1920,1080,000001FAD6970CF0
3445,214237021464,137.190510600,113.036200,Present,0,512,7300,1920,1080,000001FAD6970CF0
3446,214238126363,137.301000500,110.489900,Present,0,512,7300,1920,1080,000001FAD6970CF0
3447,214239352852,137.423649400,122.648900,Present,0,512,7300,1920,1080,000001FAD6970CF0
3448,214240332425,137.521606700,97.957300,Present,0,512,7300,1920,1080,000001FAD6970CF0
3449,214241094591,137.597823300,76.216600,Present,0,512,7300,1920,1080,000001FAD6970CF0
3450,214242024478,137.690812000,92.988700,Present,0,512,7300,1920,1080,000001FAD6970CF0
3451,214243337831,137.822147300,131.335300,Present,0,512,7300,1920,1080,000001FAD6970CF0
3452,214244309490,137.919313200,97.165900,Present,0,512,7300,1920,1080,000001FAD6970CF0
3453,214245184942,138.006858400,87.545200,Present,0,512,7300,1920,1080,000001FAD6970CF0
3454,214246148048,138.103169000,96.310600,Present,0,512,7300,1920,1080,000001FAD6970CF0
3455,214247439945,138.232358700,129.189700,Present,0,512,7300,1920,1080,000001FAD6970CF0
3456,214248468896,138.335253800,102.895100,Present,0,512,7300,1920,1080,000001FAD6970CF0
3457,214249275881,138.415952300,80.698500,Present,0,512,7300,1920,1080,000001FAD6970CF0
3458,214250368630,138.525227200,109.274900,Present,0,512,7300,1920,1080,000001FAD6970CF0
3459,214251466644,138.635028600,109.801400,Present,0,512,7300,1920,1080,000001FAD6970CF0
3460,214252411644,138.729528600,94.500000,Present,0,512,7300,1920,1080,000001FAD6970CF0
3461,214253300434,138.818407600,88.879000,Present,0,512,7300,1920,1080,000001FAD6970CF0
3462,214254258295,138.914193700,95.786100,Present,0,512,7300,1920,1080,000001FAD6970CF0
3463,214255355968,139.023961000,109.767300,Present,0,512,7300,1920,1080,000001FAD6970CF0
3464,214256539022,139.142266400,118.305400,Present,0,512,7300,1920,1080,000001FAD6970CF0
3465,214257493913,139.237755500,95.489100,Present,0,512,7300,1920,1080,000001FAD6970CF0
3466,214258591715,139.347535700,109.780200,Present,0,512,7300,1920,1080,000001FAD6970CF0
3467,214259440330,139.432397200,84.861500,Present,0,512,7300,1920,1080,000001FAD6970CF0
3468,214260361325,139.524496700,92.099500,Present,0,512,7300,1920,1080,000001FAD6970CF0
3469,214261307862,139.619150400,94.653700,Present,0,512,7300,1920,1080,000001FAD6970CF0
3470,214262296131,139.717977300,98.826900,Present,0,512,7300,1920,1080,000001FAD6970CF0
3471,214263359104,139.824274600,106.297300,Present,0,512,7300,1920,1080,000001FAD6970CF0
3472,214264362868,139.924651000,100.376400,Present,0,512,7300,1920,1080,000001FAD6970CF0
3473,214265779386,140.066302800,141.651800,Present,0,512,7300,1920,1080,000001FAD6970CF0
3474,214266740179,140.162382100,96.079300,Present,0,512,7300,1920,1080,000001FAD6970CF0
3475,214267479793,140.236343500,73.961400,Present,0,512,7300,1920,1080,000001FAD6970CF0
3476,214268427746,140.331138800,94.795300,Present,0,512,7300,1920,1080,000001FAD6970CF0
3477,214269388999,140.427264100,96.125300,Present,0,512,7300,1920,1080,000001FAD6970CF0
3478,214270550716,140.543435800,116.171700,Present,0,512,7300,1920,1080,000001FAD6970CF0
3479,214271478504,140.636214600,92.778800,Present,0,512,7300,1920,1080,000001FAD6970CF0
3480,214272341822,140.722546400,86.331800,Present,0,512,7300,1920,1080,000001FAD6970CF0
3481,214273277106,140.816074800,93.528400,Present,0,512,7300,1920,1080,000001FAD6970CF0
3482,214274414009,140.929765100,113.690300,Present,0,512,7300,1920,1080,000001FAD6970CF0
3483,214275301197,141.018483900,88.718800,Present,0,512,7300,1920,1080,000001FAD6970CF0
3484,214276093344,141.097698600,79.214700,Present,0,512,7300,1920,1080,000001FAD6970CF0
3485,214277044560,141.192820200,95.121600,Present,0,512,7300,1920,1080,000001FAD6970CF0
3486,214278046462,141.293010400,100.190200,Present,0,512,7300,1920,1080,000001FAD6970CF0
3487,214279002869,141.388651100,95.640700,Present,0,512,7300,1920,1080,000001FAD6970CF0
3488,214279924434,141.480807600,92.156500,Present,0,512,7300,1920,1080,000001FAD6970CF0
3489,214280863538,141.574718000,93.910400,Present,0,512,7300,1920,1080,000001FAD6970CF0
3490,214282134770,141.701841200,127.123200,Present,0,512,7300,1920,1080,000001FAD6970CF0
3491,214283073476,141.795711800,93.870600,Present,0,512,7300,1920,1080,000001FAD6970CF0
3492,214284019821,141.890346300,94.634500,Present,0,512,7300,1920,1080,000001FAD6970CF0
3493,214285033923,141.991756500,101.410200,Present,0,512,7300,1920,1080,000001FAD6970CF0
3494,214286107587,142.099122900,107.366400,Present,0,512,7300,1920,1080,000001FAD6970CF0
3495,214287069042,142.195268400,96.145500,Present,0,512,7300,1920,1080,000001FAD6970CF0
3496,214288041048,142.292469000,97.200600,Present,0,512,7300,1920,1080,000001FAD6970CF0
3497,214289309966,142.419360800,126.891800,Present,0,512,7300,1920,1080,000001FAD6970CF0
3498,214290330238,142.521388000,102.027200,Present,0,512,7300,1920,1080,000001FAD6970CF0
3499,214291140010,142.602365200,80.977200,Present,0,512,7300,1920,1080,000001FAD6970CF0
3500,214291991186,142.687482800,85.117600,Present,0,512,7300,1920,1080,000001FAD6970CF0
3501,214293685538,142.856918000,169.435200,Present,0,512,7300,1920,1080,000001FAD6970CF0
3502,214294408868,142.929251000,72.333000,Present,0,512,7300,1920,1080,000001FAD6970CF0
3503,214295221464,143.010510600,81.259600,Present,0,512,7300,1920,1080,000001FAD6970CF0
3504,214296039770,143.092341200,81.830600,Present,0,512,7300,1920,1080,000001FAD6970CF0
3505,214297053858,143.193750000,101.408800,Present,0,512,7300,1920,1080,000001FAD6970CF0
3506,214298843100,143.372674200,178.924200,Present,0,512,7300,1920,1080,000001FAD6970CF0
3507,214299518727,143.440236900,67.562700,Present,0,512,7300,1920,1080,000001FAD6970CF0
3508,214300350458,143.523410000,83.173100,Present,0,512,7300,1920,1080,000001FAD6970CF0
3509,214301064857,143.594849900,71.439900,Present,0,512,7300,1920,1080,000001FAD6970CF0
3510,214301981900,143.686554200,91.704300,Present,0,512,7300,1920,1080,000001FAD6970CF0
3511,214303209680,143.809332200,122.778000,Present,0,512,7300,1920,1080,000001FAD6970CF0
3512,214304176454,143.906009600,96.677400,Present,0,512,7300,1920,1080,000001FAD6970CF0
3513,214304938114,143.982175600,76.166000,Present,0,512,7300,1920,1080,000001FAD6970CF0
3514,214305940078,144.082372000,100.196400,Present,0,512,7300,1920,1080,000001FAD6970CF0
3515,214307155591,144.203923300,121.551300,Present,0,512,7300,1920,1080,000001FAD6970CF0
3516,214308095964,144.297960600,94.037300,Present,0,512,7300,1920,1080,000001FAD6970CF0
3517,214308964219,144.384786100,86.825500,Present,0,512,7300,1920,1080,000001FAD6970CF0
3518,214309920487,144.480412900,95.626800,Present,0,512,7300,1920,1080,000001FAD6970CF0
3519,214310940541,144.582418300,102.005400,Present,0,512,7300,1920,1080,000001FAD6970CF0
3520,214311869587,144.675322900,92.904600,Present,0,512,7300,1920,1080,000001FAD6970CF0
3521,214312868959,144.775260100,99.937200,Present,0,512,7300,1920,1080,000001FAD6970CF0
3522,214314372426,144.925606800,150.346700,Present,0,512,7300,1920,1080,000001FAD6970CF0
3523,214315650689,145.053433100,127.826300,Present,0,512,7300,1920,1080,000001FAD6970CF0
3524,214316444896,145.132853800,79.420700,Present,0,512,7300,1920,1080,000001FAD6970CF0
3525,214317141275,145.202491700,69.637900,Present,0,512,7300,1920,1080,000001FAD6970CF0
3526,214318250260,145.313390200,110.898500,Present,0,512,7300,1920,1080,000001FAD6970CF0
3527,214319336366,145.422000800,108.610600,Present,0,512,7300,1920,1080,000001FAD6970CF0
3528,214320251916,145.513555800,91.555000,Present,0,512,7300,1920,1080,000001FAD6970CF0
3529,214321317956,145.620159800,106.604000,Present,0,512,7300,1920,1080,000001FAD6970CF0
3530,214322398332,145.728197400,108.037600,Present,0,512,7300,1920,1080,000001FAD6970CF0
3531,214323426915,145.831055700,102.858300,Present,0,512,7300,1920,1080,000001FAD6970CF0
3532,214324401283,145.928492500,97.436800,Present,0,512,7300,1920,1080,000001FAD6970CF0
3533,214325808225,146.069186700,140.694200,Present,0,512,7300,1920,1080,000001FAD6970CF0
3534,214327008770,146.189241200,120.054500,Present,0,512,7300,1920,1080,000001FAD6970CF0
3535,214327722362,146.260600400,71.359200,Present,0,512,7300,1920,1080,000001FAD6970CF0
3536,214328533134,146.341677600,81.077200,Present,0,512,7300,1920,1080,000001FAD6970CF0
3537,214329959481,146.484312300,142.634700,Present,0,512,7300,1920,1080,000001FAD6970CF0
3538,214330984260,146.586790200,102.477900,Present,0,512,7300,1920,1080,000001FAD6970CF0
3539,214331790673,146.667431500,80.641300,Present,0,512,7300,1920,1080,000001FAD6970CF0
3540,214332869160,146.775280200,107.848700,Present,0,512,7300,1920,1080,000001FAD6970CF0
3541,214334023214,146.890685600,115.405400,Present,0,512,7300,1920,1080,000001FAD6970CF0
3542,214335125625,147.000926700,110.241100,Present,0,512,7300,1920,1080,000001FAD6970CF0
3543,214336246704,147.113034600,112.107900,Present,0,512,7300,1920,1080,000001FAD6970CF0
3544,214337783745,147.266738700,153.704100,Present,0,512,7300,1920,1080,000001FAD6970CF0
3545,214338515311,147.339895300,73.156600,Present,0,512,7300,1920,1080,000001FAD6970CF0
3546,214339513517,147.439715900,99.820600,Present,0,512,7300,1920,1080,000001FAD6970CF0
3547,214340597522,147.548116400,108.400500,Present,0,512,7300,1920,1080,000001FAD6970CF0
3548,214341678573,147.656221500,108.105100,Present,0,512,7300,1920,1080,000001FAD6970CF0
3549,214342753453,147.763709500,107.488000,Present,0,512,7300,1920,1080,000001FAD6970CF0
3550,214343986764,147.887040600,123.331100,Present,0,512,7300,1920,1080,000001FAD6970CF0
3551,214344751178,147.963482000,76.441400,Present,0,512,7300,1920,1080,000001FAD6970CF0
3552,214345696566,148.058020800,94.538800,Present,0,512,7300,1920,1080,000001FAD6970CF0
3553,214346741486,148.162512800,104.492000,Present,0,512,7300,1920,1080,000001FAD6970CF0
3554,214348051875,148.293551700,131.038900,Present,0,512,7300,1920,1080,000001FAD6970CF0
3555,214348885543,148.376918500,83.366800,Present,0,512,7300,1920,1080,000001FAD6970CF0
3556,214349778694,148.466233600,89.315100,Present,0,512,7300,1920,1080,000001FAD6970CF0
3557,214350752640,148.563628200,97.394600,Present,0,512,7300,1920,1080,000001FAD6970CF0
3558,214351914427,148.679806900,116.178700,Present,0,512,7300,1920,1080,000001FAD6970CF0
3559,214352798758,148.768240000,88.433100,Present,0,512,7300,1920,1080,000001FAD6970CF0
3560,214353653376,148.853701800,85.461800,Present,0,512,7300,1920,1080,000001FAD6970CF0
3561,214354652296,148.953593800,99.892000,Present,0,512,7300,1920,1080,000001FAD6970CF0
3562,214356081240,149.096488200,142.894400,Present,0,512,7300,1920,1080,000001FAD6970CF0
3563,214357191751,149.207539300,111.051100,Present,0,512,7300,1920,1080,000001FAD6970CF0
3564,214357940917,149.282455900,74.916600,Present,0,512,7300,1920,1080,000001FAD6970CF0
3565,214358720238,149.360388000,77.932100,Present,0,512,7300,1920,1080,000001FAD6970CF0
3566,214359525852,149.440949400,80.561400,Present,0,512,7300,1920,1080,000001FAD6970CF0
3567,214360646806,149.553044800,112.095400,Present,0,512,7300,1920,1080,000001FAD6970CF0
3568,214361673884,149.655752600,102.707800,Present,0,512,7300,1920,1080,000001FAD6970CF0
3569,214362577042,149.746068400,90.315800,Present,0,512,7300,1920,1080,000001FAD6970CF0
3570,214363547218,149.843086000,97.017600,Present,0,512,7300,1920,1080,000001FAD6970CF0
3571,214364743207,149.962684900,119.598900,Present,0,512,7300,1920,1080,000001FAD6970CF0
3572,214365778662,150.066230400,103.545500,Present,0,512,7300,1920,1080,000001FAD6970CF0
3573,214366532091,150.141573300,75.342900,Present,0,512,7300,1920,1080,000001FAD6970CF0
3574,214367443120,150.232676200,91.102900,Present,0,512,7300,1920,1080,000001FAD6970CF0
3575,214368516313,150.339995500,107.319300,Present,0,512,7300,1920,1080,000001FAD6970CF0
3576,214369470832,150.435447400,95.451900,Present,0,512,7300,1920,1080,000001FAD6970CF0
3577,214370339367,150.522300900,86.853500,Present,0,512,7300,1920,1080,000001FAD6970CF0
3578,214371425216,150.630885800,108.584900,Present,0,512,7300,1920,1080,000001FAD6970CF0
3579,214372284305,150.716794700,85.908900,Present,0,512,7300,1920,1080,000001FAD6970CF0
3580,214373209703,150.809334500,92.539800,Present,0,512,7300,1920,1080,000001FAD6970CF0
3581,214374261074,150.914471600,105.137100,Present,0,512,7300,1920,1080,000001FAD6970CF0
3582,214375159279,151.004292100,89.820500,Present,0,512,7300,1920,1080,000001FAD6970CF0
3583,214376126793,151.101043500,96.751400,Present,0,512,7300,1920,1080,000001FAD6970CF0
3584,214377248434,151.213207600,112.164100,Present,0,512,7300,1920,1080,000001FAD6970CF0
3585,214378242972,151.312661400,99.453800,Present,0,512,7300,1920,1080,000001FAD6970CF0
3586,214379177963,151.406160500,93.499100,Present,0,512,7300,1920,1080,000001FAD6970CF0
3587,214380165580,151.504922200,98.761700,Present,0,512,7300,1920,1080,000001FAD6970CF0
3588,214381065389,151.594903100,89.980900,Present,0,512,7300,1920,1080,000001FAD6970CF0
3589,214381987187,151.687082900,92.179800,Present,0,512,7300,1920,1080,000001FAD6970CF0
3590,214383079776,151.796341800,109.258900,Present,0,512,7300,1920,1080,000001FAD6970CF0
3591,214384559014,151.944265600,147.923800,Present,0,512,7300,1920,1080,000001FAD6970CF0
3592,214385272153,152.015579500,71.313900,Present,0,512,7300,1920,1080,000001FAD6970CF0
3593,214386044840,152.092848200,77.268700,Present,0,512,7300,1920,1080,000001FAD6970CF0
3594,214386717403,152.160104500,67.256300,Present,0,512,7300,1920,1080,000001FAD6970CF0
3595,214387583300,152.246694200,86.589700,Present,0,512,7300,1920,1080,000001FAD6970CF0
3596,214388517537,152.340117900,93.423700,Present,0,512,7300,1920,1080,000001FAD6970CF0
3597,214389639221,152.452286300,112.168400,Present,0,512,7300,1920,1080,000001FAD6970CF0
3598,214390511862,152.539550400,87.264100,Present,0,512,7300,1920,1080,000001FAD6970CF0
3599,214391376954,152.626059600,86.509200,Present,0,512,7300,1920,1080,000001FAD6970CF0
3600,214392541110,152.742475200,116.415600,Present,0,512,7300,1920,1080,000001FAD6970CF0
3601,214393537427,152.842106900,99.631700,Present,0,512,7300,1920,1080,000001FAD6970CF0
3602,214394481083,152.936472500,94.365600,Present,0,512,7300,1920,1080,000001FAD6970CF0
3603,214395444433,153.032807500,96.335000,Present,0,512,7300,1920,1080,000001FAD6970CF0
3604,214396265397,153.114903900,82.096400,Present,0,512,7300,1920,1080,000001FAD6970CF0
3605,214397186679,153.207032100,92.128200,Present,0,512,7300,1920,1080,000001FAD6970CF0
3606,214398030884,153.291452600,84.420500,Present,0,512,7300,1920,1080,000001FAD6970CF0
3607,214398965412,153.384905400,93.452800,Present,0,512,7300,1920,1080,000001FAD6970CF0
3608,214399871871,153.475551300,90.645900,Present,0,512,7300,1920,1080,000001FAD6970CF0
3609,214400949048,153.583269000,107.717700,Present,0,512,7300,1920,1080,000001FAD6970CF0
3610,214401989094,153.687273600,104.004600,Present,0,512,7300,1920,1080,000001FAD6970CF0
3611,214403187482,153.807112400,119.838800,Present,0,512,7300,1920,1080,000001FAD6970CF0
3612,214403997317,153.888095900,80.983500,Present,0,512,7300,1920,1080,000001FAD6970CF0
3613,214404804567,153.968820900,80.725000,Present,0,512,7300,1920,1080,000001FAD6970CF0
3614,214405779722,154.066336400,97.515500,Present,0,512,7300,1920,1080,000001FAD6970CF0
3615,214406760999,154.164464100,98.127700,Present,0,512,7300,1920,1080,000001FAD6970CF0
3616,214407862850,154.274649200,110.185100,Present,0,512,7300,1920,1080,000001FAD6970CF0
3617,214408994707,154.387834900,113.185700,Present,0,512,7300,1920,1080,000001FAD6970CF0
3618,214409600733,154.448437500,60.602600,Present,0,512,7300,1920,1080,000001FAD6970CF0
3619,214410558638,154.544228000,95.790500,Present,0,512,7300,1920,1080,000001FAD6970CF0
3620,214411697855,154.658149700,113.921700,Present,0,512,7300,1920,1080,000001FAD6970CF0
3621,214412468469,154.735211100,77.061400,Present,0,512,7300,1920,1080,000001FAD6970CF0
3622,214413384737,154.826837900,91.626800,Present,0,512,7300,1920,1080,000001FAD6970CF0
3623,214414273977,154.915761900,88.924000,Present,0,512,7300,1920,1080,000001FAD6970CF0
3624,214415391060,155.027470200,111.708300,Present,0,512,7300,1920,1080,000001FAD6970CF0
3625,214416398802,155.128244400,100.774200,Present,0,512,7300,1920,1080,000001FAD6970CF0
3626,214417150333,155.203397500,75.153100,Present,0,512,7300,1920,1080,000001FAD6970CF0
3627,214417948305,155.283194700,79.797200,Present,0,512,7300,1920,1080,000001FAD6970CF0
3628,214419229478,155.411312000,128.117300,Present,0,512,7300,1920,1080,000001FAD6970CF0
3629,214420387416,155.527105800,115.793800,Present,0,512,7300,1920,1080,000001FAD6970CF0
3630,214421313696,155.619733800,92.628000,Present,0,512,7300,1920,1080,000001FAD6970CF0
3631,214422230808,155.711445000,91.711200,Present,0,512,7300,1920,1080,000001FAD6970CF0
3632,214423079396,155.796303800,84.858800,Present,0,512,7300,1920,1080,000001FAD6970CF0
3633,214424007956,155.889159800,92.856000,Present,0,512,7300,1920,1080,000001FAD6970CF0
3634,214424957383,155.984102500,94.942700,Present,0,512,7300,1920,1080,000001FAD6970CF0
3635,214425913372,156.079701400,95.598900,Present,0,512,7300,1920,1080,000001FAD6970CF0
3636,214426824872,156.170851400,91.150000,Present,0,512,7300,1920,1080,000001FAD6970CF0
3637,214428075249,156.295889100,125.037700,Present,0,512,7300,1920,1080,000001FAD6970CF0
3638,214429079448,156.396309000,100.419900,Present,0,512,7300,1920,1080,000001FAD6970CF0
3639,214429953905,156.483754700,87.445700,Present,0,512,7300,1920,1080,000001FAD6970CF0
3640,214430745483,156.562912500,79.157800,Present,0,512,7300,1920,1080,000001FAD6970CF0
3641,214431894853,156.677849500,114.937000,Present,0,512,7300,1920,1080,000001FAD6970CF0
3642,214432858377,156.774201900,96.352400,Present,0,512,7300,1920,1080,000001FAD6970CF0
3643,214433611850,156.849549200,75.347300,Present,0,512,7300,1920,1080,000001FAD6970CF0
3644,214434396839,156.928048100,78.498900,Present,0,512,7300,1920,1080,000001FAD6970CF0
3645,214435712688,157.059633000,131.584900,Present,0,512,7300,1920,1080,000001FAD6970CF0
3646,214436590557,157.147419900,87.786900,Present,0,512,7300,1920,1080,000001FAD6970CF0
3647,214437627273,157.251091500,103.671600,Present,0,512,7300,1920,1080,000001FAD6970CF0
3648,214438520110,157.340375200,89.283700,Present,0,512,7300,1920,1080,000001FAD6970CF0
3649,214439945430,157.482907200,142.532000,Present,0,512,7300,1920,1080,000001FAD6970CF0
3650,214441050110,157.593375200,110.468000,Present,0,512,7300,1920,1080,000001FAD6970CF0
3651,214441812137,157.669577900,76.202700,Present,0,512,7300,1920,1080,000001FAD6970CF0
3652,214442626318,157.750996000,81.418100,Present,0,512,7300,1920,1080,000001FAD6970CF0
3653,214443817756,157.870139800,119.143800,Present,0,512,7300,1920,1080,000001FAD6970CF0
3654,214444622677,157.950631900,80.492100,Present,0,512,7300,1920,1080,000001FAD6970CF0
3655,214445614690,158.049833200,99.201300,Present,0,512,7300,1920,1080,000001FAD6970CF0
3656,214446599474,158.148311600,98.478400,Present,0,512,7300,1920,1080,000001FAD6970CF0
3657,214447789677,158.267331900,119.020300,Present,0,512,7300,1920,1080,000001FAD6970CF0
3658,214448671447,158.355508900,88.177000,Present,0,512,7300,1920,1080,000001FAD6970CF0
3659,214449739741,158.462338300,106.829400,Present,0,512,7300,1920,1080,000001FAD6970CF0
3660,214450653192,158.553683400,91.345100,Present,0,512,7300,1920,1080,000001FAD6970CF0
3661,214452452624,158.733626600,179.943200,Present,0,512,7300,1920,1080,000001FAD6970CF0
3662,214453184951,158.806859300,73.232700,Present,0,512,7300,1920,1080,000001FAD6970CF0
3663,214453944757,158.882839900,75.980600,Present,0,512,7300,1920,1080,000001FAD6970CF0
3664,214454717074,158.960071600,77.231700,Present,0,512,7300,1920,1080,000001FAD6970CF0
3665,214455812965,159.069660700,109.589100,Present,0,512,7300,1920,1080,000001FAD6970CF0
3666,214456802156,159.168579800,98.919100,Present,0,512,7300,1920,1080,000001FAD6970CF0
3667,214457774405,159.265804700,97.224900,Present,0,512,7300,1920,1080,000001FAD6970CF0
3668,214458991037,159.387467900,121.663200,Present,0,512,7300,1920,1080,000001FAD6970CF0
3669,214459885733,159.476937500,89.469600,Present,0,512,7300,1920,1080,000001FAD6970CF0
3670,214460761643,159.564528500,87.591000,Present,0,512,7300,1920,1080,000001FAD6970CF0
3671,214461751955,159.663559700,99.031200,Present,0,512,7300,1920,1080,000001FAD6970CF0
3672,214463216722,159.810036400,146.476700,Present,0,512,7300,1920,1080,000001FAD6970CF0
3673,214464174949,159.905859100,95.822700,Present,0,512,7300,1920,1080,000001FAD6970CF0
3674,214464889743,159.977338500,71.479400,Present,0,512,7300,1920,1080,000001FAD6970CF0
3675,214465711696,160.059533800,82.195300,Present,0,512,7300,1920,1080,000001FAD6970CF0
3676,214466672577,160.155621900,96.088100,Present,0,512,7300,1920,1080,000001FAD6970CF0
3677,214467878718,160.276236000,120.614100,Present,0,512,7300,1920,1080,000001FAD6970CF0
3678,214468782714,160.366635600,90.399600,Present,0,512,7300,1920,1080,000001FAD6970CF0
3679,214469834696,160.471833800,105.198200,Present,0,512,7300,1920,1080,000001FAD6970CF0
3680,214470902450,160.578609200,106.775400,Present,0,512,7300,1920,1080,000001FAD6970CF0
3681,214472043199,160.692684100,114.074900,Present,0,512,7300,1920,1080,000001FAD6970CF0
3682,214473046140,160.792978200,100.294100,Present,0,512,7300,1920,1080,000001FAD6970CF0
3683,214474104058,160.898770000,105.791800,Present,0,512,7300,1920,1080,000001FAD6970CF0
3684,214475383980,161.026762200,127.992200,Present,0,512,7300,1920,1080,000001FAD6970CF0
3685,214476345124,161.122876600,96.114400,Present,0,512,7300,1920,1080,000001FAD6970CF0
3686,214477358314,161.224195600,101.319000,Present,0,512,7300,1920,1080,000001FAD6970CF0
3687,214478437422,161.332106400,107.910800,Present,0,512,7300,1920,1080,000001FAD6970CF0
3688,214479545970,161.442961200,110.854800,Present,0,512,7300,1920,1080,000001FAD6970CF0
3689,214480709288,161.559293000,116.331800,Present,0,512,7300,1920,1080,000001FAD6970CF0
3690,214482020886,161.690452800,131.159800,Present,0,512,7300,1920,1080,000001FAD6970CF0
3691,214482918788,161.780243000,89.790200,Present,0,512,7300,1920,1080,000001FAD6970CF0
3692,214483853204,161.873684600,93.441600,Present,0,512,7300,1920,1080,000001FAD6970CF0
3693,214484809691,161.969333300,95.648700,Present,0,512,7300,1920,1080,000001FAD6970CF0
3694,214485909958,162.079360000,110.026700,Present,0,512,7300,1920,1080,000001FAD6970CF0
3695,214486869596,162.175323800,95.963800,Present,0,512,7300,1920,1080,000001FAD6970CF0
3696,214487861622,162.274526400,99.202600,Present,0,512,7300,1920,1080,000001FAD6970CF0
3697,214488940477,162.382411900,107.885500,Present,0,512,7300,1920,1080,000001FAD6970CF0
3698,214489922236,162.480587800,98.175900,Present,0,512,7300,1920,1080,000001FAD6970CF0
3699,214490930478,162.581412000,100.824200,Present,0,512,7300,1920,1080,000001FAD6970CF0
3700,214492110718,162.699436000,118.024000,Present,0,512,7300,1920,1080,000001FAD6970CF0
3701,214493025644,162.790928600,91.492600,Present,0,512,7300,1920,1080,000001FAD6970CF0
3702,214494012388,162.889603000,98.674400,Present,0,512,7300,1920,1080,000001FAD6970CF0
3703,214495043090,162.992673200,103.070200,Present,0,512,7300,1920,1080,000001FAD6970CF0
3704,214496429689,163.131333100,138.659900,Present,0,512,7300,1920,1080,000001FAD6970CF0
3705,214497515707,163.239934900,108.601800,Present,0,512,7300,1920,1080,000001FAD6970CF0
3706,214498477669,163.336131100,96.196200,Present,0,512,7300,1920,1080,000001FAD6970CF0
3707,214499140699,163.402434100,66.303000,Present,0,512,7300,1920,1080,000001FAD6970CF0
3708,214500066641,163.495028300,92.594200,Present,0,512,7300,1920,1080,000001FAD6970CF0
3709,214501354162,163.623780400,128.752100,Present,0,512,7300,1920,1080,000001FAD6970CF0
3710,214502291234,163.717487600,93.707200,Present,0,512,7300,1920,1080,000001FAD6970CF0
3711,214503179127,163.806276900,88.789300,Present,0,512,7300,1920,1080,000001FAD6970CF0
3712,214504110740,163.899438200,93.161300,Present,0,512,7300,1920,1080,000001FAD6970CF0
3713,214505294934,164.017857600,118.419400,Present,0,512,7300,1920,1080,000001FAD6970CF0
3714,214506259762,164.114340400,96.482800,Present,0,512,7300,1920,1080,000001FAD6970CF0
3715,214507275356,164.215899800,101.559400,Present,0,512,7300,1920,1080,000001FAD6970CF0
3716,214508458056,164.334169800,118.270000,Present,0,512,7300,1920,1080,000001FAD6970CF0
3717,214509353727,164.423736900,89.567100,Present,0,512,7300,1920,1080,000001FAD6970CF0
3718,214510144728,164.502837000,79.100100,Present,0,512,7300,1920,1080,000001FAD6970CF0
3719,214511215382,164.609902400,107.065400,Present,0,512,7300,1920,1080,000001FAD6970CF0
3720,214512655935,164.753957700,144.055300,Present,0,512,7300,1920,1080,000001FAD6970CF0
3721,214513746365,164.863000700,109.043000,Present,0,512,7300,1920,1080,000001FAD6970CF0
3722,214514597801,164.948144300,85.143600,Present,0,512,7300,1920,1080,000001FAD6970CF0
3723,214515500363,165.038400500,90.256200,Present,0,512,7300,1920,1080,000001FAD6970CF0
3724,214516284220,165.116786200,78.385700,Present,0,512,7300,1920,1080,000001FAD6970CF0
3725,214517250843,165.213448500,96.662300,Present,0,512,7300,1920,1080,000001FAD6970CF0
3726,214518796363,165.368000500,154.552000,Present,0,512,7300,1920,1080,000001FAD6970CF0
3727,214519698528,165.458217000,90.216500,Present,0,512,7300,1920,1080,000001FAD6970CF0
3728,214520513770,165.539741200,81.524200,Present,0,512,7300,1920,1080,000001FAD6970CF0
3729,214521277433,165.616107500,76.366300,Present,0,512,7300,1920,1080,000001FAD6970CF0
3730,214522189771,165.707341300,91.233800,Present,0,512,7300,1920,1080,000001FAD6970CF0
3731,214523246959,165.813060100,105.718800,Present,0,512,7300,1920,1080,000001FAD6970CF0
3732,214524164218,165.904786000,91.725900,Present,0,512,7300,1920,1080,000001FAD6970CF0
3733,214525135719,166.001936100,97.150100,Present,0,512,7300,1920,1080,000001FAD6970CF0
3734,214526178251,166.106189300,104.253200,Present,0,512,7300,1920,1080,000001FAD6970CF0
3735,214527110857,166.199449900,93.260600,Present,0,512,7300,1920,1080,000001FAD6970CF0
3736,214528125135,166.300877700,101.427800,Present,0,512,7300,1920,1080,000001FAD6970CF0
3737,214529408660,166.429230200,128.352500,Present,0,512,7300,1920,1080,000001FAD6970CF0
3738,214530459693,166.534333500,105.103300,Present,0,512,7300,1920,1080,000001FAD6970CF0
3739,214531188302,166.607194400,72.860900,Present,0,512,7300,1920,1080,000001FAD6970CF0
3740,214531961737,166.684537900,77.343500,Present,0,512,7300,1920,1080,000001FAD6970CF0
3741,214532936343,166.781998500,97.460600,Present,0,512,7300,1920,1080,000001FAD6970CF0
3742,214534093915,166.897755700,115.757200,Present,0,512,7300,1920,1080,000001FAD6970CF0
3743,214534957048,166.984069000,86.313300,Present,0,512,7300,1920,1080,000001FAD6970CF0
3744,214535935784,167.081942600,97.873600,Present,0,512,7300,1920,1080,000001FAD6970CF0
3745,214536964631,167.184827300,102.884700,Present,0,512,7300,1920,1080,000001FAD6970CF0
3746,214538061991,167.294563300,109.736000,Present,0,512,7300,1920,1080,000001FAD6970CF0
3747,214539042422,167.392606400,98.043100,Present,0,512,7300,1920,1080,000001FAD6970CF0
3748,214539935176,167.481881800,89.275400,Present,0,512,7300,1920,1080,000001FAD6970CF0
3749,214540856550,167.574019200,92.137400,Present,0,512,7300,1920,1080,000001FAD6970CF0
3750,214542080031,167.696367300,122.348100,Present,0,512,7300,1920,1080,000001FAD6970CF0
3751,214542899444,167.778308600,81.941300,Present,0,512,7300,1920,1080,000001FAD6970CF0
3752,214543901122,167.878476400,100.167800,Present,0,512,7300,1920,1080,000001FAD6970CF0
3753,214544926193,167.980983500,102.507100,Present,0,512,7300,1920,1080,000001FAD6970CF0
3754,214546078265,168.096190700,115.207200,Present,0,512,7300,1920,1080,000001FAD6970CF0
3755,214547041709,168.192535100,96.344400,Present,0,512,7300,1920,1080,000001FAD6970CF0
3756,214548059010,168.294265200,101.730100,Present,0,512,7300,1920,1080,000001FAD6970CF0
3757,214549333287,168.421692900,127.427700,Present,0,512,7300,1920,1080,000001FAD6970CF0
3758,214550268731,168.515237300,93.544400,Present,0,512,7300,1920,1080,000001FAD6970CF0
3759,214551160599,168.604424100,89.186800,Present,0,512,7300,1920,1080,000001FAD6970CF0
3760,214552179068,168.706271000,101.846900,Present,0,512,7300,1920,1080,000001FAD6970CF0
3761,214553316047,168.819968900,113.697900,Present,0,512,7300,1920,1080,000001FAD6970CF0
3762,214554362792,168.924643400,104.674500,Present,0,512,7300,1920,1080,000001FAD6970CF0
3763,214555299401,169.018304300,93.660900,Present,0,512,7300,1920,1080,000001FAD6970CF0
3764,214556213043,169.109668500,91.364200,Present,0,512,7300,1920,1080,000001FAD6970CF0
3765,214557291033,169.217467500,107.799000,Present,0,512,7300,1920,1080,000001FAD6970CF0
3766,214558136220,169.301986200,84.518700,Present,0,512,7300,1920,1080,000001FAD6970CF0
3767,214559215580,169.409922200,107.936000,Present,0,512,7300,1920,1080,000001FAD6970CF0
3768,214560319014,169.520265600,110.343400,Present,0,512,7300,1920,1080,000001FAD6970CF0
3769,214561103086,169.598672800,78.407200,Present,0,512,7300,1920,1080,000001FAD6970CF0
3770,214562129946,169.701358800,102.686000,Present,0,512,7300,1920,1080,000001FAD6970CF0
3771,214563096220,169.797986200,96.627400,Present,0,512,7300,1920,1080,000001FAD6970CF0
3772,214564070608,169.895425000,97.438800,Present,0,512,7300,1920,1080,000001FAD6970CF0
3773,214565300352,170.018399400,122.974400,Present,0,512,7300,1920,1080,000001FAD6970CF0
3774,214566235969,170.111961100,93.561700,Present,0,512,7300,1920,1080,000001FAD6970CF0
3775,214567042441,170.192608300,80.647200,Present,0,512,7300,1920,1080,000001FAD6970CF0
3776,214568034521,170.291816300,99.208000,Present,0,512,7300,1920,1080,000001FAD6970CF0
3777,214569071965,170.395560700,103.744400,Present,0,512,7300,1920,1080,000001FAD6970CF0
3778,214570047388,170.493103000,97.542300,Present,0,512,7300,1920,1080,000001FAD6970CF0
3779,214571074019,170.595766100,102.663100,Present,0,512,7300,1920,1080,000001FAD6970CF0
3780,214572118784,170.700242600,104.476500,Present,0,512,7300,1920,1080,000001FAD6970CF0
