frame,qpc,time_sec,delta_ms,present_api,sync_interval,flags,thread_id,width,height,swapchain
1,210234473839,0.000000000,0.000000,Present,0,512,26600,1920,1080,000002AB2830A6F0
2,210238624992,0.415115300,415.115300,Present,0,512,26600,1920,1080,000002AB2830A6F0
3,210238754056,0.428021700,12.906400,Present,0,512,26600,1920,1080,000002AB2830A6F0
4,210238918075,0.444423600,16.401900,Present,0,512,26600,1920,1080,000002AB2830A6F0
5,210239079489,0.460565000,16.141400,Present,0,512,26600,1920,1080,000002AB2830A6F0
6,210239243643,0.476980400,16.415400,Present,0,512,26600,1920,1080,000002AB2830A6F0
7,210239462981,0.498914200,21.933800,Present,0,512,26600,1920,1080,000002AB2830A6F0
8,210239583759,0.510992000,12.077800,Present,0,512,26600,1920,1080,000002AB2830A6F0
9,210239752358,0.527851900,16.859900,Present,0,512,26600,1920,1080,000002AB2830A6F0
10,210239914259,0.544042000,16.190100,Present,0,512,26600,1920,1080,000002AB2830A6F0
11,210240106448,0.563260900,19.218900,Present,0,512,26600,1920,1080,000002AB2830A6F0
12,210240247708,0.577386900,14.126000,Present,0,512,26600,1920,1080,000002AB2830A6F0
13,210240422640,0.594880100,17.493200,Present,0,512,26600,1920,1080,000002AB2830A6F0
14,210240604477,0.613063800,18.183700,Present,0,512,26600,1920,1080,000002AB2830A6F0
15,210240765885,0.629204600,16.140800,Present,0,512,26600,1920,1080,000002AB2830A6F0
16,210240923355,0.644951600,15.747000,Present,0,512,26600,1920,1080,000002AB2830A6F0
17,210242846654,0.837281500,192.329900,Present,0,512,26600,1920,1080,000002AB2830A6F0
18,210242943802,0.846996300,9.714800,Present,0,512,26600,1920,1080,000002AB2830A6F0
19,210243187136,0.871329700,24.333400,Present,0,512,26600,1920,1080,000002AB2830A6F0
20,210243325673,0.885183400,13.853700,Present,0,512,26600,1920,1080,000002AB2830A6F0
21,210243496173,0.902233400,17.050000,Present,0,512,26600,1920,1080,000002AB2830A6F0
22,210243829669,0.935583000,33.349600,Present,0,512,26600,1920,1080,000002AB2830A6F0
23,210243851140,0.937730100,2.147100,Present,0,512,26600,1920,1080,000002AB2830A6F0
24,210244019994,0.954615500,16.885400,Present,0,512,26600,1920,1080,000002AB2830A6F0
25,210244341078,0.986723900,32.108400,Present,0,512,26600,1920,1080,000002AB2830A6F0
26,210244354967,0.988112800,1.388900,Present,0,512,26600,1920,1080,000002AB2830A6F0
27,210244524464,1.005062500,16.949700,Present,0,512,26600,1920,1080,000002AB2830A6F0
28,210244810055,1.033621600,28.559100,Present,0,512,26600,1920,1080,000002AB2830A6F0
29,210244858740,1.038490100,4.868500,Present,0,512,26600,1920,1080,000002AB2830A6F0
30,210245027793,1.055395400,16.905300,Present,0,512,26600,1920,1080,000002AB2830A6F0
31,210245194300,1.072046100,16.650700,Present,0,512,26600,1920,1080,000002AB2830A6F0
32,210245360408,1.088656900,16.610800,Present,0,512,26600,1920,1080,000002AB2830A6F0
33,210245528912,1.105507300,16.850400,Present,0,512,26600,1920,1080,000002AB2830A6F0
34,210245697780,1.122394100,16.886800,Present,0,512,26600,1920,1080,000002AB2830A6F0
35,210245890542,1.141670300,19.276200,Present,0,512,26600,1920,1080,000002AB2830A6F0
36,210246058864,1.158502500,16.832200,Present,0,512,26600,1920,1080,000002AB2830A6F0
37,210246226231,1.175239200,16.736700,Present,0,512,26600,1920,1080,000002AB2830A6F0
38,210246392783,1.191894400,16.655200,Present,0,512,26600,1920,1080,000002AB2830A6F0
39,210246554822,1.208098300,16.203900,Present,0,512,26600,1920,1080,000002AB2830A6F0
40,210246719837,1.224599800,16.501500,Present,0,512,26600,1920,1080,000002AB2830A6F0
41,210246914782,1.244094300,19.494500,Present,0,512,26600,1920,1080,000002AB2830A6F0
42,210247068539,1.259470000,15.375700,Present,0,512,26600,1920,1080,000002AB2830A6F0
43,210247262084,1.278824500,19.354500,Present,0,512,26600,1920,1080,000002AB2830A6F0
44,210247484491,1.301065200,22.240700,Present,0,512,26600,1920,1080,000002AB2830A6F0
45,210247611684,1.313784500,12.719300,Present,0,512,26600,1920,1080,000002AB2830A6F0
46,210248036723,1.356288400,42.503900,Present,0,512,26600,1920,1080,000002AB2830A6F0
47,210248124255,1.365041600,8.753200,Present,0,512,26600,1920,1080,000002AB2830A6F0
48,210248284458,1.381061900,16.020300,Present,0,512,26600,1920,1080,000002AB2830A6F0
49,210248561363,1.408752400,27.690500,Present,0,512,26600,1920,1080,000002AB2830A6F0
50,210248717392,1.424355300,15.602900,Present,0,512,26600,1920,1080,000002AB2830A6F0
51,210248985580,1.451174100,26.818800,Present,0,512,26600,1920,1080,000002AB2830A6F0
52,210249050054,1.457621500,6.447400,Present,0,512,26600,1920,1080,000002AB2830A6F0
53,210249220134,1.474629500,17.008000,Present,0,512,26600,1920,1080,000002AB2830A6F0
54,210249396348,1.492250900,17.621400,Present,0,512,26600,1920,1080,000002AB2830A6F0
55,210249702140,1.522830100,30.579200,Present,0,512,26600,1920,1080,000002AB2830A6F0
56,210249823700,1.534986100,12.156000,Present,0,512,26600,1920,1080,000002AB2830A6F0
57,210250013033,1.553919400,18.933300,Present,0,512,26600,1920,1080,000002AB2830A6F0
58,210250178454,1.570461500,16.542100,Present,0,512,26600,1920,1080,000002AB2830A6F0
59,210250348176,1.587433700,16.972200,Present,0,512,26600,1920,1080,000002AB2830A6F0
60,210250515823,1.604198400,16.764700,Present,0,512,26600,1920,1080,000002AB2830A6F0
61,210250688438,1.621459900,17.261500,Present,0,512,26600,1920,1080,000002AB2830A6F0
62,210250854986,1.638114700,16.654800,Present,0,512,26600,1920,1080,000002AB2830A6F0
63,210251020803,1.654696400,16.581700,Present,0,512,26600,1920,1080,000002AB2830A6F0
64,210251191205,1.671736600,17.040200,Present,0,512,26600,1920,1080,000002AB2830A6F0
65,210251354284,1.688044500,16.307900,Present,0,512,26600,1920,1080,000002AB2830A6F0
66,210251521936,1.704809700,16.765200,Present,0,512,26600,1920,1080,000002AB2830A6F0
67,210251690618,1.721677900,16.868200,Present,0,512,26600,1920,1080,000002AB2830A6F0
68,210251853758,1.737991900,16.314000,Present,0,512,26600,1920,1080,000002AB2830A6F0
69,210252016313,1.754247400,16.255500,Present,0,512,26600,1920,1080,000002AB2830A6F0
70,210252181022,1.770718300,16.470900,Present,0,512,26600,1920,1080,000002AB2830A6F0
71,210252397215,1.792337600,21.619300,Present,0,512,26600,1920,1080,000002AB2830A6F0
72,210252567299,1.809346000,17.008400,Present,0,512,26600,1920,1080,000002AB2830A6F0
73,210252795070,1.832123100,22.777100,Present,0,512,26600,1920,1080,000002AB2830A6F0
74,210252968101,1.849426200,17.303100,Present,0,512,26600,1920,1080,000002AB2830A6F0
75,210253133770,1.865993100,16.566900,Present,0,512,26600,1920,1080,000002AB2830A6F0
76,210253306489,1.883265000,17.271900,Present,0,512,26600,1920,1080,000002AB2830A6F0
77,210253474571,1.900073200,16.808200,Present,0,512,26600,1920,1080,000002AB2830A6F0
78,210253646635,1.917279600,17.206400,Present,0,512,26600,1920,1080,000002AB2830A6F0
79,210253806745,1.933290600,16.011000,Present,0,512,26600,1920,1080,000002AB2830A6F0
80,210253982234,1.950839500,17.548900,Present,0,512,26600,1920,1080,000002AB2830A6F0
81,210254151665,1.967782600,16.943100,Present,0,512,26600,1920,1080,000002AB2830A6F0
82,210254333459,1.985962000,18.179400,Present,0,512,26600,1920,1080,000002AB2830A6F0
83,210254503359,2.002952000,16.990000,Present,0,512,26600,1920,1080,000002AB2830A6F0
84,210254669082,2.019524300,16.572300,Present,0,512,26600,1920,1080,000002AB2830A6F0
85,210254832145,2.035830600,16.306300,Present,0,512,26600,1920,1080,000002AB2830A6F0
86,210255001875,2.052803600,16.973000,Present,0,512,26600,1920,1080,000002AB2830A6F0
87,210255164003,2.069016400,16.212800,Present,0,512,26600,1920,1080,000002AB2830A6F0
88,210255333594,2.085975500,16.959100,Present,0,512,26600,1920,1080,000002AB2830A6F0
89,210255501235,2.102739600,16.764100,Present,0,512,26600,1920,1080,000002AB2830A6F0
90,210255665174,2.119133500,16.393900,Present,0,512,26600,1920,1080,000002AB2830A6F0
91,210255834313,2.136047400,16.913900,Present,0,512,26600,1920,1080,000002AB2830A6F0
92,210256000508,2.152666900,16.619500,Present,0,512,26600,1920,1080,000002AB2830A6F0
93,210256163598,2.168975900,16.309000,Present,0,512,26600,1920,1080,000002AB2830A6F0
94,210256327155,2.185331600,16.355700,Present,0,512,26600,1920,1080,000002AB2830A6F0
95,210256491766,2.201792700,16.461100,Present,0,512,26600,1920,1080,000002AB2830A6F0
96,210256659075,2.218523600,16.730900,Present,0,512,26600,1920,1080,000002AB2830A6F0
97,210256826681,2.235284200,16.760600,Present,0,512,26600,1920,1080,000002AB2830A6F0
98,210256992513,2.251867400,16.583200,Present,0,512,26600,1920,1080,000002AB2830A6F0
99,210257164832,2.269099300,17.231900,Present,0,512,26600,1920,1080,000002AB2830A6F0
100,210257332202,2.285836300,16.737000,Present,0,512,26600,1920,1080,000002AB2830A6F0
101,210257499181,2.302534200,16.697900,Present,0,512,26600,1920,1080,000002AB2830A6F0
102,210257661886,2.318804700,16.270500,Present,0,512,26600,1920,1080,000002AB2830A6F0
103,210257824100,2.335026100,16.221400,Present,0,512,26600,1920,1080,000002AB2830A6F0
104,210257994122,2.352028300,17.002200,Present,0,512,26600,1920,1080,000002AB2830A6F0
105,210258158531,2.368469200,16.440900,Present,0,512,26600,1920,1080,000002AB2830A6F0
106,210258325757,2.385191800,16.722600,Present,0,512,26600,1920,1080,000002AB2830A6F0
107,210258491556,2.401771700,16.579900,Present,0,512,26600,1920,1080,000002AB2830A6F0
108,210258656704,2.418286500,16.514800,Present,0,512,26600,1920,1080,000002AB2830A6F0
109,210258817702,2.434386300,16.099800,Present,0,512,26600,1920,1080,000002AB2830A6F0
110,210258984710,2.451087100,16.700800,Present,0,512,26600,1920,1080,000002AB2830A6F0
111,210259151378,2.467753900,16.666800,Present,0,512,26600,1920,1080,000002AB2830A6F0
112,210259318932,2.484509300,16.755400,Present,0,512,26600,1920,1080,000002AB2830A6F0
113,210259488821,2.501498200,16.988900,Present,0,512,26600,1920,1080,000002AB2830A6F0
114,210259653135,2.517929600,16.431400,Present,0,512,26600,1920,1080,000002AB2830A6F0
115,210259816635,2.534279600,16.350000,Present,0,512,26600,1920,1080,000002AB2830A6F0
116,210259985998,2.551215900,16.936300,Present,0,512,26600,1920,1080,000002AB2830A6F0
117,210260157469,2.568363000,17.147100,Present,0,512,26600,1920,1080,000002AB2830A6F0
118,210260323706,2.584986700,16.623700,Present,0,512,26600,1920,1080,000002AB2830A6F0
119,210260493897,2.602005800,17.019100,Present,0,512,26600,1920,1080,000002AB2830A6F0
120,210260660923,2.618708400,16.702600,Present,0,512,26600,1920,1080,000002AB2830A6F0
121,210260829975,2.635613600,16.905200,Present,0,512,26600,1920,1080,000002AB2830A6F0
122,210260996509,2.652267000,16.653400,Present,0,512,26600,1920,1080,000002AB2830A6F0
123,210261166336,2.669249700,16.982700,Present,0,512,26600,1920,1080,000002AB2830A6F0
124,210261323045,2.684920600,15.670900,Present,0,512,26600,1920,1080,000002AB2830A6F0
125,210261486784,2.701294500,16.373900,Present,0,512,26600,1920,1080,000002AB2830A6F0
126,210261649605,2.717576600,16.282100,Present,0,512,26600,1920,1080,000002AB2830A6F0
127,210261815875,2.734203600,16.627000,Present,0,512,26600,1920,1080,000002AB2830A6F0
128,210261982003,2.750816400,16.612800,Present,0,512,26600,1920,1080,000002AB2830A6F0
129,210262146047,2.767220800,16.404400,Present,0,512,26600,1920,1080,000002AB2830A6F0
130,210262313904,2.784006500,16.785700,Present,0,512,26600,1920,1080,000002AB2830A6F0
131,210262479348,2.800550900,16.544400,Present,0,512,26600,1920,1080,000002AB2830A6F0
132,210262641192,2.816735300,16.184400,Present,0,512,26600,1920,1080,000002AB2830A6F0
133,210262804561,2.833072200,16.336900,Present,0,512,26600,1920,1080,000002AB2830A6F0
134,210262964884,2.849104500,16.032300,Present,0,512,26600,1920,1080,000002AB2830A6F0
135,210263129187,2.865534800,16.430300,Present,0,512,26600,1920,1080,000002AB2830A6F0
136,210263294960,2.882112100,16.577300,Present,0,512,26600,1920,1080,000002AB2830A6F0
137,210263457391,2.898355200,16.243100,Present,0,512,26600,1920,1080,000002AB2830A6F0
138,210263623593,2.914975400,16.620200,Present,0,512,26600,1920,1080,000002AB2830A6F0
139,210263785568,2.931172900,16.197500,Present,0,512,26600,1920,1080,000002AB2830A6F0
140,210263949425,2.947558600,16.385700,Present,0,512,26600,1920,1080,000002AB2830A6F0
141,210264113276,2.963943700,16.385100,Present,0,512,26600,1920,1080,000002AB2830A6F0
142,210264275808,2.980196900,16.253200,Present,0,512,26600,1920,1080,000002AB2830A6F0
143,210264444408,2.997056900,16.860000,Present,0,512,26600,1920,1080,000002AB2830A6F0
144,210264607056,3.013321700,16.264800,Present,0,512,26600,1920,1080,000002AB2830A6F0
145,210264773807,3.029996800,16.675100,Present,0,512,26600,1920,1080,000002AB2830A6F0
146,210264941520,3.046768100,16.771300,Present,0,512,26600,1920,1080,000002AB2830A6F0
147,210265104068,3.063022900,16.254800,Present,0,512,26600,1920,1080,000002AB2830A6F0
148,210265269233,3.079539400,16.516500,Present,0,512,26600,1920,1080,000002AB2830A6F0
149,210265437248,3.096340900,16.801500,Present,0,512,26600,1920,1080,000002AB2830A6F0
150,210265599741,3.112590200,16.249300,Present,0,512,26600,1920,1080,000002AB2830A6F0
151,210265776804,3.130296500,17.706300,Present,0,512,26600,1920,1080,000002AB2830A6F0
152,210265941894,3.146805500,16.509000,Present,0,512,26600,1920,1080,000002AB2830A6F0
153,210266101409,3.162757000,15.951500,Present,0,512,26600,1920,1080,000002AB2830A6F0
154,210266267096,3.179325700,16.568700,Present,0,512,26600,1920,1080,000002AB2830A6F0
155,210266433635,3.195979600,16.653900,Present,0,512,26600,1920,1080,000002AB2830A6F0
156,210266595517,3.212167800,16.188200,Present,0,512,26600,1920,1080,000002AB2830A6F0
157,210266766120,3.229228100,17.060300,Present,0,512,26600,1920,1080,000002AB2830A6F0
158,210266937028,3.246318900,17.090800,Present,0,512,26600,1920,1080,000002AB2830A6F0
159,210267101163,3.262732400,16.413500,Present,0,512,26600,1920,1080,000002AB2830A6F0
160,210267266286,3.279244700,16.512300,Present,0,512,26600,1920,1080,000002AB2830A6F0
161,210267432415,3.295857600,16.612900,Present,0,512,26600,1920,1080,000002AB2830A6F0
162,210267595543,3.312170400,16.312800,Present,0,512,26600,1920,1080,000002AB2830A6F0
163,210267768081,3.329424200,17.253800,Present,0,512,26600,1920,1080,000002AB2830A6F0
164,210267934141,3.346030200,16.606000,Present,0,512,26600,1920,1080,000002AB2830A6F0
165,210268099343,3.362550400,16.520200,Present,0,512,26600,1920,1080,000002AB2830A6F0
166,210268264712,3.379087300,16.536900,Present,0,512,26600,1920,1080,000002AB2830A6F0
167,210268430271,3.395643200,16.555900,Present,0,512,26600,1920,1080,000002AB2830A6F0
168,210268600013,3.412617400,16.974200,Present,0,512,26600,1920,1080,000002AB2830A6F0
169,210268765797,3.429195800,16.578400,Present,0,512,26600,1920,1080,000002AB2830A6F0
170,210268935067,3.446122800,16.927000,Present,0,512,26600,1920,1080,000002AB2830A6F0
171,210269104146,3.463030700,16.907900,Present,0,512,26600,1920,1080,000002AB2830A6F0
172,210269270802,3.479696300,16.665600,Present,0,512,26600,1920,1080,000002AB2830A6F0
173,210269439437,3.496559800,16.863500,Present,0,512,26600,1920,1080,000002AB2830A6F0
174,210269602383,3.512854400,16.294600,Present,0,512,26600,1920,1080,000002AB2830A6F0
175,210269769638,3.529579900,16.725500,Present,0,512,26600,1920,1080,000002AB2830A6F0
176,210269932992,3.545915300,16.335400,Present,0,512,26600,1920,1080,000002AB2830A6F0
177,210270102660,3.562882100,16.966800,Present,0,512,26600,1920,1080,000002AB2830A6F0
178,210270267101,3.579326200,16.444100,Present,0,512,26600,1920,1080,000002AB2830A6F0
179,210270432712,3.595887300,16.561100,Present,0,512,26600,1920,1080,000002AB2830A6F0
180,210270596278,3.612243900,16.356600,Present,0,512,26600,1920,1080,000002AB2830A6F0
181,210270759478,3.628563900,16.320000,Present,0,512,26600,1920,1080,000002AB2830A6F0
182,210270922418,3.644857900,16.294000,Present,0,512,26600,1920,1080,000002AB2830A6F0
183,210271086301,3.661246200,16.388300,Present,0,512,26600,1920,1080,000002AB2830A6F0
184,210271251029,3.677719000,16.472800,Present,0,512,26600,1920,1080,000002AB2830A6F0
185,210271412215,3.693837600,16.118600,Present,0,512,26600,1920,1080,000002AB2830A6F0
186,210271579238,3.710539900,16.702300,Present,0,512,26600,1920,1080,000002AB2830A6F0
187,210271750284,3.727644500,17.104600,Present,0,512,26600,1920,1080,000002AB2830A6F0
188,210271916817,3.744297800,16.653300,Present,0,512,26600,1920,1080,000002AB2830A6F0
189,210272083236,3.760939700,16.641900,Present,0,512,26600,1920,1080,000002AB2830A6F0
190,210272253642,3.777980300,17.040600,Present,0,512,26600,1920,1080,000002AB2830A6F0
191,210272420267,3.794642800,16.662500,Present,0,512,26600,1920,1080,000002AB2830A6F0
192,210272585960,3.811212100,16.569300,Present,0,512,26600,1920,1080,000002AB2830A6F0
193,210272750635,3.827679600,16.467500,Present,0,512,26600,1920,1080,000002AB2830A6F0
194,210272910062,3.843622300,15.942700,Present,0,512,26600,1920,1080,000002AB2830A6F0
195,210273072364,3.859852500,16.230200,Present,0,512,26600,1920,1080,000002AB2830A6F0
196,210273239367,3.876552800,16.700300,Present,0,512,26600,1920,1080,000002AB2830A6F0
197,210273403694,3.892985500,16.432700,Present,0,512,26600,1920,1080,000002AB2830A6F0
198,210273570280,3.909644100,16.658600,Present,0,512,26600,1920,1080,000002AB2830A6F0
199,210273739530,3.926569100,16.925000,Present,0,512,26600,1920,1080,000002AB2830A6F0
200,210273902749,3.942891000,16.321900,Present,0,512,26600,1920,1080,000002AB2830A6F0
201,210274069437,3.959559800,16.668800,Present,0,512,26600,1920,1080,000002AB2830A6F0
202,210274238437,3.976459800,16.900000,Present,0,512,26600,1920,1080,000002AB2830A6F0
203,210274399639,3.992580000,16.120200,Present,0,512,26600,1920,1080,000002AB2830A6F0
204,210274606252,4.013241300,20.661300,Present,0,512,26600,1920,1080,000002AB2830A6F0
205,210274734726,4.026088700,12.847400,Present,0,512,26600,1920,1080,000002AB2830A6F0
206,210274899396,4.042555700,16.467000,Present,0,512,26600,1920,1080,000002AB2830A6F0
207,210275066645,4.059280600,16.724900,Present,0,512,26600,1920,1080,000002AB2830A6F0
208,210275228618,4.075477900,16.197300,Present,0,512,26600,1920,1080,000002AB2830A6F0
209,210275398783,4.092494400,17.016500,Present,0,512,26600,1920,1080,000002AB2830A6F0
210,210275564158,4.109031900,16.537500,Present,0,512,26600,1920,1080,000002AB2830A6F0
211,210275731196,4.125735700,16.703800,Present,0,512,26600,1920,1080,000002AB2830A6F0
212,210275895090,4.142125100,16.389400,Present,0,512,26600,1920,1080,000002AB2830A6F0
213,210276061675,4.158783600,16.658500,Present,0,512,26600,1920,1080,000002AB2830A6F0
214,210276222685,4.174884600,16.101000,Present,0,512,26600,1920,1080,000002AB2830A6F0
215,210276388333,4.191449400,16.564800,Present,0,512,26600,1920,1080,000002AB2830A6F0
216,210276553511,4.207967200,16.517800,Present,0,512,26600,1920,1080,000002AB2830A6F0
217,210276717627,4.224378800,16.411600,Present,0,512,26600,1920,1080,000002AB2830A6F0
218,210276890578,4.241673900,17.295100,Present,0,512,26600,1920,1080,000002AB2830A6F0
219,210277054096,4.258025700,16.351800,Present,0,512,26600,1920,1080,000002AB2830A6F0
220,210277223796,4.274995700,16.970000,Present,0,512,26600,1920,1080,000002AB2830A6F0
221,210277389098,4.291525900,16.530200,Present,0,512,26600,1920,1080,000002AB2830A6F0
222,210277554478,4.308063900,16.538000,Present,0,512,26600,1920,1080,000002AB2830A6F0
223,210277719358,4.324551900,16.488000,Present,0,512,26600,1920,1080,000002AB2830A6F0
224,210277880033,4.340619400,16.067500,Present,0,512,26600,1920,1080,000002AB2830A6F0
225,210278052605,4.357876600,17.257200,Present,0,512,26600,1920,1080,000002AB2830A6F0
226,210278217037,4.374319800,16.443200,Present,0,512,26600,1920,1080,000002AB2830A6F0
227,210278384883,4.391104400,16.784600,Present,0,512,26600,1920,1080,000002AB2830A6F0
228,210278548853,4.407501400,16.397000,Present,0,512,26600,1920,1080,000002AB2830A6F0
229,210278718704,4.424486500,16.985100,Present,0,512,26600,1920,1080,000002AB2830A6F0
230,210278880128,4.440628900,16.142400,Present,0,512,26600,1920,1080,000002AB2830A6F0
231,210279046942,4.457310300,16.681400,Present,0,512,26600,1920,1080,000002AB2830A6F0
232,210279203134,4.472929500,15.619200,Present,0,512,26600,1920,1080,000002AB2830A6F0
233,210279368995,4.489515600,16.586100,Present,0,512,26600,1920,1080,000002AB2830A6F0
234,210279530952,4.505711300,16.195700,Present,0,512,26600,1920,1080,000002AB2830A6F0
235,210279694063,4.522022400,16.311100,Present,0,512,26600,1920,1080,000002AB2830A6F0
236,210279865084,4.539124500,17.102100,Present,0,512,26600,1920,1080,000002AB2830A6F0
237,210280031467,4.555762800,16.638300,Present,0,512,26600,1920,1080,000002AB2830A6F0
238,210280194805,4.572096600,16.333800,Present,0,512,26600,1920,1080,000002AB2830A6F0
239,210280396321,4.592248200,20.151600,Present,0,512,26600,1920,1080,000002AB2830A6F0
240,210280573617,4.609977800,17.729600,Present,0,512,26600,1920,1080,000002AB2830A6F0
241,210280618804,4.614496500,4.518700,Present,0,512,26600,1920,1080,000002AB2830A6F0
242,210280634879,4.616104000,1.607500,Present,0,512,26600,1920,1080,000002AB2830A6F0
243,210280651940,4.617810100,1.706100,Present,0,512,26600,1920,1080,000002AB2830A6F0
244,210280703625,4.622978600,5.168500,Present,0,512,26600,1920,1080,000002AB2830A6F0
245,210280721834,4.624799500,1.820900,Present,0,512,26600,1920,1080,000002AB2830A6F0
246,210280739389,4.626555000,1.755500,Present,0,512,26600,1920,1080,000002AB2830A6F0
247,210280757587,4.628374800,1.819800,Present,0,512,26600,1920,1080,000002AB2830A6F0
248,210280775840,4.630200100,1.825300,Present,0,512,26600,1920,1080,000002AB2830A6F0
249,210280788806,4.631496700,1.296600,Present,0,512,26600,1920,1080,000002AB2830A6F0
250,210280800804,4.632696500,1.199800,Present,0,512,26600,1920,1080,000002AB2830A6F0
251,210280817403,4.634356400,1.659900,Present,0,512,26600,1920,1080,000002AB2830A6F0
252,210280835649,4.636181000,1.824600,Present,0,512,26600,1920,1080,000002AB2830A6F0
253,210280857048,4.638320900,2.139900,Present,0,512,26600,1920,1080,000002AB2830A6F0
254,210280873546,4.639970700,1.649800,Present,0,512,26600,1920,1080,000002AB2830A6F0
255,210280887175,4.641333600,1.362900,Present,0,512,26600,1920,1080,000002AB2830A6F0
256,210280899281,4.642544200,1.210600,Present,0,512,26600,1920,1080,000002AB2830A6F0
257,210280912623,4.643878400,1.334200,Present,0,512,26600,1920,1080,000002AB2830A6F0
258,210280923672,4.644983300,1.104900,Present,0,512,26600,1920,1080,000002AB2830A6F0
259,210280934225,4.646038600,1.055300,Present,0,512,26600,1920,1080,000002AB2830A6F0
260,210280948357,4.647451800,1.413200,Present,0,512,26600,1920,1080,000002AB2830A6F0
261,210280959673,4.648583400,1.131600,Present,0,512,26600,1920,1080,000002AB2830A6F0
262,210280973589,4.649975000,1.391600,Present,0,512,26600,1920,1080,000002AB2830A6F0
263,210280991738,4.651789900,1.814900,Present,0,512,26600,1920,1080,000002AB2830A6F0
264,210281007302,4.653346300,1.556400,Present,0,512,26600,1920,1080,000002AB2830A6F0
265,210281020262,4.654642300,1.296000,Present,0,512,26600,1920,1080,000002AB2830A6F0
266,210281033189,4.655935000,1.292700,Present,0,512,26600,1920,1080,000002AB2830A6F0
267,210281044967,4.657112800,1.177800,Present,0,512,26600,1920,1080,000002AB2830A6F0
268,210281058731,4.658489200,1.376400,Present,0,512,26600,1920,1080,000002AB2830A6F0
269,210281072056,4.659821700,1.332500,Present,0,512,26600,1920,1080,000002AB2830A6F0
270,210281084313,4.661047400,1.225700,Present,0,512,26600,1920,1080,000002AB2830A6F0
271,210281095431,4.662159200,1.111800,Present,0,512,26600,1920,1080,000002AB2830A6F0
272,210281106068,4.663222900,1.063700,Present,0,512,26600,1920,1080,000002AB2830A6F0
273,210281119985,4.664614600,1.391700,Present,0,512,26600,1920,1080,000002AB2830A6F0
274,210281133998,4.666015900,1.401300,Present,0,512,26600,1920,1080,000002AB2830A6F0
275,210281151609,4.667777000,1.761100,Present,0,512,26600,1920,1080,000002AB2830A6F0
276,210281183280,4.670944100,3.167100,Present,0,512,26600,1920,1080,000002AB2830A6F0
277,210281219637,4.674579800,3.635700,Present,0,512,26600,1920,1080,000002AB2830A6F0
278,210281232612,4.675877300,1.297500,Present,0,512,26600,1920,1080,000002AB2830A6F0
279,210281246932,4.677309300,1.432000,Present,0,512,26600,1920,1080,000002AB2830A6F0
280,210281262593,4.678875400,1.566100,Present,0,512,26600,1920,1080,000002AB2830A6F0
281,210281274172,4.680033300,1.157900,Present,0,512,26600,1920,1080,000002AB2830A6F0
282,210281284960,4.681112100,1.078800,Present,0,512,26600,1920,1080,000002AB2830A6F0
283,210281297432,4.682359300,1.247200,Present,0,512,26600,1920,1080,000002AB2830A6F0
284,210281312946,4.683910700,1.551400,Present,0,512,26600,1920,1080,000002AB2830A6F0
285,210281329466,4.685562700,1.652000,Present,0,512,26600,1920,1080,000002AB2830A6F0
286,210281341618,4.686777900,1.215200,Present,0,512,26600,1920,1080,000002AB2830A6F0
287,210281352901,4.687906200,1.128300,Present,0,512,26600,1920,1080,000002AB2830A6F0
288,210281366974,4.689313500,1.407300,Present,0,512,26600,1920,1080,000002AB2830A6F0
289,210281383027,4.690918800,1.605300,Present,0,512,26600,1920,1080,000002AB2830A6F0
290,210281393963,4.692012400,1.093600,Present,0,512,26600,1920,1080,000002AB2830A6F0
291,210281403970,4.693013100,1.000700,Present,0,512,26600,1920,1080,000002AB2830A6F0
292,210281414376,4.694053700,1.040600,Present,0,512,26600,1920,1080,000002AB2830A6F0
293,210281424394,4.695055500,1.001800,Present,0,512,26600,1920,1080,000002AB2830A6F0
294,210281436406,4.696256700,1.201200,Present,0,512,26600,1920,1080,000002AB2830A6F0
295,210281446293,4.697245400,0.988700,Present,0,512,26600,1920,1080,000002AB2830A6F0
296,210281465431,4.699159200,1.913800,Present,0,512,26600,1920,1080,000002AB2830A6F0
297,210281484713,4.701087400,1.928200,Present,0,512,26600,1920,1080,000002AB2830A6F0
298,210281500339,4.702650000,1.562600,Present,0,512,26600,1920,1080,000002AB2830A6F0
299,210281511308,4.703746900,1.096900,Present,0,512,26600,1920,1080,000002AB2830A6F0
300,210281522896,4.704905700,1.158800,Present,0,512,26600,1920,1080,000002AB2830A6F0
301,210281533670,4.705983100,1.077400,Present,0,512,26600,1920,1080,000002AB2830A6F0
302,210281544612,4.707077300,1.094200,Present,0,512,26600,1920,1080,000002AB2830A6F0
303,210281556710,4.708287100,1.209800,Present,0,512,26600,1920,1080,000002AB2830A6F0
304,210281569202,4.709536300,1.249200,Present,0,512,26600,1920,1080,000002AB2830A6F0
305,210281578801,4.710496200,0.959900,Present,0,512,26600,1920,1080,000002AB2830A6F0
306,210281590260,4.711642100,1.145900,Present,0,512,26600,1920,1080,000002AB2830A6F0
307,210281601968,4.712812900,1.170800,Present,0,512,26600,1920,1080,000002AB2830A6F0
308,210281617484,4.714364500,1.551600,Present,0,512,26600,1920,1080,000002AB2830A6F0
309,210281639467,4.716562800,2.198300,Present,0,512,26600,1920,1080,000002AB2830A6F0
310,210281650386,4.717654700,1.091900,Present,0,512,26600,1920,1080,000002AB2830A6F0
311,210281662156,4.718831700,1.177000,Present,0,512,26600,1920,1080,000002AB2830A6F0
312,210281675125,4.720128600,1.296900,Present,0,512,26600,1920,1080,000002AB2830A6F0
313,210281687388,4.721354900,1.226300,Present,0,512,26600,1920,1080,000002AB2830A6F0
314,210281697572,4.722373300,1.018400,Present,0,512,26600,1920,1080,000002AB2830A6F0
315,210281707630,4.723379100,1.005800,Present,0,512,26600,1920,1080,000002AB2830A6F0
316,210281717036,4.724319700,0.940600,Present,0,512,26600,1920,1080,000002AB2830A6F0
317,210281729272,4.725543300,1.223600,Present,0,512,26600,1920,1080,000002AB2830A6F0
318,210281743343,4.726950400,1.407100,Present,0,512,26600,1920,1080,000002AB2830A6F0
319,210281756434,4.728259500,1.309100,Present,0,512,26600,1920,1080,000002AB2830A6F0
320,210281775568,4.730172900,1.913400,Present,0,512,26600,1920,1080,000002AB2830A6F0
321,210281798992,4.732515300,2.342400,Present,0,512,26600,1920,1080,000002AB2830A6F0
322,210281827322,4.735348300,2.833000,Present,0,512,26600,1920,1080,000002AB2830A6F0
323,210281840824,4.736698500,1.350200,Present,0,512,26600,1920,1080,000002AB2830A6F0
324,210281857260,4.738342100,1.643600,Present,0,512,26600,1920,1080,000002AB2830A6F0
325,210281870389,4.739655000,1.312900,Present,0,512,26600,1920,1080,000002AB2830A6F0
326,210281882120,4.740828100,1.173100,Present,0,512,26600,1920,1080,000002AB2830A6F0
327,210281892681,4.741884200,1.056100,Present,0,512,26600,1920,1080,000002AB2830A6F0
328,210281903899,4.743006000,1.121800,Present,0,512,26600,1920,1080,000002AB2830A6F0
329,210281917477,4.744363800,1.357800,Present,0,512,26600,1920,1080,000002AB2830A6F0
330,210281936865,4.746302600,1.938800,Present,0,512,26600,1920,1080,000002AB2830A6F0
331,210281947003,4.747316400,1.013800,Present,0,512,26600,1920,1080,000002AB2830A6F0
332,210281957097,4.748325800,1.009400,Present,0,512,26600,1920,1080,000002AB2830A6F0
333,210281970481,4.749664200,1.338400,Present,0,512,26600,1920,1080,000002AB2830A6F0
334,210281981418,4.750757900,1.093700,Present,0,512,26600,1920,1080,000002AB2830A6F0
335,210281993959,4.752012000,1.254100,Present,0,512,26600,1920,1080,000002AB2830A6F0
336,210282007055,4.753321600,1.309600,Present,0,512,26600,1920,1080,000002AB2830A6F0
337,210282016754,4.754291500,0.969900,Present,0,512,26600,1920,1080,000002AB2830A6F0
338,210282026932,4.755309300,1.017800,Present,0,512,26600,1920,1080,000002AB2830A6F0
339,210282038384,4.756454500,1.145200,Present,0,512,26600,1920,1080,000002AB2830A6F0
340,210282050327,4.757648800,1.194300,Present,0,512,26600,1920,1080,000002AB2830A6F0
341,210282062256,4.758841700,1.192900,Present,0,512,26600,1920,1080,000002AB2830A6F0
342,210282074105,4.760026600,1.184900,Present,0,512,26600,1920,1080,000002AB2830A6F0
343,210282085590,4.761175100,1.148500,Present,0,512,26600,1920,1080,000002AB2830A6F0
344,210282096533,4.762269400,1.094300,Present,0,512,26600,1920,1080,000002AB2830A6F0
345,210282111757,4.763791800,1.522400,Present,0,512,26600,1920,1080,000002AB2830A6F0
346,210282125928,4.765208900,1.417100,Present,0,512,26600,1920,1080,000002AB2830A6F0
347,210282138133,4.766429400,1.220500,Present,0,512,26600,1920,1080,000002AB2830A6F0
348,210282148238,4.767439900,1.010500,Present,0,512,26600,1920,1080,000002AB2830A6F0
349,210282158073,4.768423400,0.983500,Present,0,512,26600,1920,1080,000002AB2830A6F0
350,210282171121,4.769728200,1.304800,Present,0,512,26600,1920,1080,000002AB2830A6F0
351,210282183114,4.770927500,1.199300,Present,0,512,26600,1920,1080,000002AB2830A6F0
352,210282192912,4.771907300,0.979800,Present,0,512,26600,1920,1080,000002AB2830A6F0
353,210282204260,4.773042100,1.134800,Present,0,512,26600,1920,1080,000002AB2830A6F0
354,210282216190,4.774235100,1.193000,Present,0,512,26600,1920,1080,000002AB2830A6F0
355,210282228223,4.775438400,1.203300,Present,0,512,26600,1920,1080,000002AB2830A6F0
356,210282247798,4.777395900,1.957500,Present,0,512,26600,1920,1080,000002AB2830A6F0
357,210282263337,4.778949800,1.553900,Present,0,512,26600,1920,1080,000002AB2830A6F0
358,210282274444,4.780060500,1.110700,Present,0,512,26600,1920,1080,000002AB2830A6F0
359,210282285294,4.781145500,1.085000,Present,0,512,26600,1920,1080,000002AB2830A6F0
360,210282297610,4.782377100,1.231600,Present,0,512,26600,1920,1080,000002AB2830A6F0
361,210282309018,4.783517900,1.140800,Present,0,512,26600,1920,1080,000002AB2830A6F0
362,210282319413,4.784557400,1.039500,Present,0,512,26600,1920,1080,000002AB2830A6F0
363,210282329108,4.785526900,0.969500,Present,0,512,26600,1920,1080,000002AB2830A6F0
364,210282340036,4.786619700,1.092800,Present,0,512,26600,1920,1080,000002AB2830A6F0
365,210282351456,4.787761700,1.142000,Present,0,512,26600,1920,1080,000002AB2830A6F0
366,210282361134,4.788729500,0.967800,Present,0,512,26600,1920,1080,000002AB2830A6F0
367,210282373265,4.789942600,1.213100,Present,0,512,26600,1920,1080,000002AB2830A6F0
368,210282385983,4.791214400,1.271800,Present,0,512,26600,1920,1080,000002AB2830A6F0
369,210282403107,4.792926800,1.712400,Present,0,512,26600,1920,1080,000002AB2830A6F0
370,210282417336,4.794349700,1.422900,Present,0,512,26600,1920,1080,000002AB2830A6F0
371,210282427742,4.795390300,1.040600,Present,0,512,26600,1920,1080,000002AB2830A6F0
372,210282437348,4.796350900,0.960600,Present,0,512,26600,1920,1080,000002AB2830A6F0
373,210282448457,4.797461800,1.110900,Present,0,512,26600,1920,1080,000002AB2830A6F0
374,210282459922,4.798608300,1.146500,Present,0,512,26600,1920,1080,000002AB2830A6F0
375,210282471268,4.799742900,1.134600,Present,0,512,26600,1920,1080,000002AB2830A6F0
376,210282482378,4.800853900,1.111000,Present,0,512,26600,1920,1080,000002AB2830A6F0
377,210282493810,4.801997100,1.143200,Present,0,512,26600,1920,1080,000002AB2830A6F0
378,210282504861,4.803102200,1.105100,Present,0,512,26600,1920,1080,000002AB2830A6F0
379,210282516087,4.804224800,1.122600,Present,0,512,26600,1920,1080,000002AB2830A6F0
380,210282526596,4.805275700,1.050900,Present,0,512,26600,1920,1080,000002AB2830A6F0
381,210282541398,4.806755900,1.480200,Present,0,512,26600,1920,1080,000002AB2830A6F0
382,210282557037,4.808319800,1.563900,Present,0,512,26600,1920,1080,000002AB2830A6F0
383,210282577308,4.810346900,2.027100,Present,0,512,26600,1920,1080,000002AB2830A6F0
384,210282601808,4.812796900,2.450000,Present,0,512,26600,1920,1080,000002AB2830A6F0
385,210282616505,4.814266600,1.469700,Present,0,512,26600,1920,1080,000002AB2830A6F0
386,210282627855,4.815401600,1.135000,Present,0,512,26600,1920,1080,000002AB2830A6F0
387,210282638250,4.816441100,1.039500,Present,0,512,26600,1920,1080,000002AB2830A6F0
388,210282648936,4.817509700,1.068600,Present,0,512,26600,1920,1080,000002AB2830A6F0
389,210282661086,4.818724700,1.215000,Present,0,512,26600,1920,1080,000002AB2830A6F0
390,210282671887,4.819804800,1.080100,Present,0,512,26600,1920,1080,000002AB2830A6F0
391,210282684012,4.821017300,1.212500,Present,0,512,26600,1920,1080,000002AB2830A6F0
392,210282693607,4.821976800,0.959500,Present,0,512,26600,1920,1080,000002AB2830A6F0
393,210282710802,4.823696300,1.719500,Present,0,512,26600,1920,1080,000002AB2830A6F0
394,210282726216,4.825237700,1.541400,Present,0,512,26600,1920,1080,000002AB2830A6F0
395,210282736557,4.826271800,1.034100,Present,0,512,26600,1920,1080,000002AB2830A6F0
396,210282749593,4.827575400,1.303600,Present,0,512,26600,1920,1080,000002AB2830A6F0
397,210282760650,4.828681100,1.105700,Present,0,512,26600,1920,1080,000002AB2830A6F0
398,210282770655,4.829681600,1.000500,Present,0,512,26600,1920,1080,000002AB2830A6F0
399,210282782271,4.830843200,1.161600,Present,0,512,26600,1920,1080,000002AB2830A6F0
400,210282791979,4.831814000,0.970800,Present,0,512,26600,1920,1080,000002AB2830A6F0
401,210282800851,4.832701200,0.887200,Present,0,512,26600,1920,1080,000002AB2830A6F0
402,210282810421,4.833658200,0.957000,Present,0,512,26600,1920,1080,000002AB2830A6F0
403,210282820856,4.834701700,1.043500,Present,0,512,26600,1920,1080,000002AB2830A6F0
404,210282830738,4.835689900,0.988200,Present,0,512,26600,1920,1080,000002AB2830A6F0
405,210282842410,4.836857100,1.167200,Present,0,512,26600,1920,1080,000002AB2830A6F0
406,210282853093,4.837925400,1.068300,Present,0,512,26600,1920,1080,000002AB2830A6F0
407,210282865076,4.839123700,1.198300,Present,0,512,26600,1920,1080,000002AB2830A6F0
408,210282883890,4.841005100,1.881400,Present,0,512,26600,1920,1080,000002AB2830A6F0
409,210282895100,4.842126100,1.121000,Present,0,512,26600,1920,1080,000002AB2830A6F0
410,210282905484,4.843164500,1.038400,Present,0,512,26600,1920,1080,000002AB2830A6F0
411,210282918194,4.844435500,1.271000,Present,0,512,26600,1920,1080,000002AB2830A6F0
412,210282927312,4.845347300,0.911800,Present,0,512,26600,1920,1080,000002AB2830A6F0
413,210282937667,4.846382800,1.035500,Present,0,512,26600,1920,1080,000002AB2830A6F0
414,210282951030,4.847719100,1.336300,Present,0,512,26600,1920,1080,000002AB2830A6F0
415,210282964211,4.849037200,1.318100,Present,0,512,26600,1920,1080,000002AB2830A6F0
416,210282976404,4.850256500,1.219300,Present,0,512,26600,1920,1080,000002AB2830A6F0
417,210282986734,4.851289500,1.033000,Present,0,512,26600,1920,1080,000002AB2830A6F0
418,210282996989,4.852315000,1.025500,Present,0,512,26600,1920,1080,000002AB2830A6F0
419,210283008747,4.853490800,1.175800,Present,0,512,26600,1920,1080,000002AB2830A6F0
420,210283018903,4.854506400,1.015600,Present,0,512,26600,1920,1080,000002AB2830A6F0
421,210283036495,4.856265600,1.759200,Present,0,512,26600,1920,1080,000002AB2830A6F0
422,210283047705,4.857386600,1.121000,Present,0,512,26600,1920,1080,000002AB2830A6F0
423,210283057690,4.858385100,0.998500,Present,0,512,26600,1920,1080,000002AB2830A6F0
424,210283068624,4.859478500,1.093400,Present,0,512,26600,1920,1080,000002AB2830A6F0
425,210283080637,4.860679800,1.201300,Present,0,512,26600,1920,1080,000002AB2830A6F0
426,210283091110,4.861727100,1.047300,Present,0,512,26600,1920,1080,000002AB2830A6F0
427,210283100675,4.862683600,0.956500,Present,0,512,26600,1920,1080,000002AB2830A6F0
428,210283109871,4.863603200,0.919600,Present,0,512,26600,1920,1080,000002AB2830A6F0
429,210283119367,4.864552800,0.949600,Present,0,512,26600,1920,1080,000002AB2830A6F0
430,210283130045,4.865620600,1.067800,Present,0,512,26600,1920,1080,000002AB2830A6F0
431,210283140557,4.866671800,1.051200,Present,0,512,26600,1920,1080,000002AB2830A6F0
432,210283151643,4.867780400,1.108600,Present,0,512,26600,1920,1080,000002AB2830A6F0
433,210283161356,4.868751700,0.971300,Present,0,512,26600,1920,1080,000002AB2830A6F0
434,210283171314,4.869747500,0.995800,Present,0,512,26600,1920,1080,000002AB2830A6F0
435,210283186358,4.871251900,1.504400,Present,0,512,26600,1920,1080,000002AB2830A6F0
436,210283200393,4.872655400,1.403500,Present,0,512,26600,1920,1080,000002AB2830A6F0
437,210283217981,4.874414200,1.758800,Present,0,512,26600,1920,1080,000002AB2830A6F0
438,210283228498,4.875465900,1.051700,Present,0,512,26600,1920,1080,000002AB2830A6F0
439,210283253397,4.877955800,2.489900,Present,0,512,26600,1920,1080,000002AB2830A6F0
440,210283264754,4.879091500,1.135700,Present,0,512,26600,1920,1080,000002AB2830A6F0
441,210283275513,4.880167400,1.075900,Present,0,512,26600,1920,1080,000002AB2830A6F0
442,210283284864,4.881102500,0.935100,Present,0,512,26600,1920,1080,000002AB2830A6F0
443,210283293963,4.882012400,0.909900,Present,0,512,26600,1920,1080,000002AB2830A6F0
444,210283305215,4.883137600,1.125200,Present,0,512,26600,1920,1080,000002AB2830A6F0
445,210283315944,4.884210500,1.072900,Present,0,512,26600,1920,1080,000002AB2830A6F0
446,210283328253,4.885441400,1.230900,Present,0,512,26600,1920,1080,000002AB2830A6F0
447,210283346025,4.887218600,1.777200,Present,0,512,26600,1920,1080,000002AB2830A6F0
448,210283358461,4.888462200,1.243600,Present,0,512,26600,1920,1080,000002AB2830A6F0
449,210283368597,4.889475800,1.013600,Present,0,512,26600,1920,1080,000002AB2830A6F0
450,210283380038,4.890619900,1.144100,Present,0,512,26600,1920,1080,000002AB2830A6F0
451,210283393980,4.892014100,1.394200,Present,0,512,26600,1920,1080,000002AB2830A6F0
452,210283403480,4.892964100,0.950000,Present,0,512,26600,1920,1080,000002AB2830A6F0
453,210283412957,4.893911800,0.947700,Present,0,512,26600,1920,1080,000002AB2830A6F0
454,210283422815,4.894897600,0.985800,Present,0,512,26600,1920,1080,000002AB2830A6F0
455,210283435502,4.896166300,1.268700,Present,0,512,26600,1920,1080,000002AB2830A6F0
456,210283445018,4.897117900,0.951600,Present,0,512,26600,1920,1080,000002AB2830A6F0
457,210283456611,4.898277200,1.159300,Present,0,512,26600,1920,1080,000002AB2830A6F0
458,210283468073,4.899423400,1.146200,Present,0,512,26600,1920,1080,000002AB2830A6F0
459,210283479960,4.900612100,1.188700,Present,0,512,26600,1920,1080,000002AB2830A6F0
460,210283498839,4.902500000,1.887900,Present,0,512,26600,1920,1080,000002AB2830A6F0
461,210283516682,4.904284300,1.784300,Present,0,512,26600,1920,1080,000002AB2830A6F0
462,210283527400,4.905356100,1.071800,Present,0,512,26600,1920,1080,000002AB2830A6F0
463,210283538614,4.906477500,1.121400,Present,0,512,26600,1920,1080,000002AB2830A6F0
464,210283547454,4.907361500,0.884000,Present,0,512,26600,1920,1080,000002AB2830A6F0
465,210283561217,4.908737800,1.376300,Present,0,512,26600,1920,1080,000002AB2830A6F0
466,210283574415,4.910057600,1.319800,Present,0,512,26600,1920,1080,000002AB2830A6F0
467,210283585506,4.911166700,1.109100,Present,0,512,26600,1920,1080,000002AB2830A6F0
468,210283596476,4.912263700,1.097000,Present,0,512,26600,1920,1080,000002AB2830A6F0
469,210283606338,4.913249900,0.986200,Present,0,512,26600,1920,1080,000002AB2830A6F0
470,210283616485,4.914264600,1.014700,Present,0,512,26600,1920,1080,000002AB2830A6F0
471,210283626986,4.915314700,1.050100,Present,0,512,26600,1920,1080,000002AB2830A6F0
472,210283639937,4.916609800,1.295100,Present,0,512,26600,1920,1080,000002AB2830A6F0
473,210283653204,4.917936500,1.326700,Present,0,512,26600,1920,1080,000002AB2830A6F0
474,210283664995,4.919115600,1.179100,Present,0,512,26600,1920,1080,000002AB2830A6F0
475,210283675780,4.920194100,1.078500,Present,0,512,26600,1920,1080,000002AB2830A6F0
476,210283688339,4.921450000,1.255900,Present,0,512,26600,1920,1080,000002AB2830A6F0
477,210283699014,4.922517500,1.067500,Present,0,512,26600,1920,1080,000002AB2830A6F0
478,210283709015,4.923517600,1.000100,Present,0,512,26600,1920,1080,000002AB2830A6F0
479,210283719233,4.924539400,1.021800,Present,0,512,26600,1920,1080,000002AB2830A6F0
480,210283729001,4.925516200,0.976800,Present,0,512,26600,1920,1080,000002AB2830A6F0
481,210283741205,4.926736600,1.220400,Present,0,512,26600,1920,1080,000002AB2830A6F0
482,210283756546,4.928270700,1.534100,Present,0,512,26600,1920,1080,000002AB2830A6F0
483,210283768306,4.929446700,1.176000,Present,0,512,26600,1920,1080,000002AB2830A6F0
484,210283777996,4.930415700,0.969000,Present,0,512,26600,1920,1080,000002AB2830A6F0
485,210283787868,4.931402900,0.987200,Present,0,512,26600,1920,1080,000002AB2830A6F0
486,210283799849,4.932601000,1.198100,Present,0,512,26600,1920,1080,000002AB2830A6F0
487,210283814241,4.934040200,1.439200,Present,0,512,26600,1920,1080,000002AB2830A6F0
488,210283838591,4.936475200,2.435000,Present,0,512,26600,1920,1080,000002AB2830A6F0
489,210283859733,4.938589400,2.114200,Present,0,512,26600,1920,1080,000002AB2830A6F0
490,210283877444,4.940360500,1.771100,Present,0,512,26600,1920,1080,000002AB2830A6F0
491,210283895152,4.942131300,1.770800,Present,0,512,26600,1920,1080,000002AB2830A6F0
492,210283905508,4.943166900,1.035600,Present,0,512,26600,1920,1080,000002AB2830A6F0
493,210283917185,4.944334600,1.167700,Present,0,512,26600,1920,1080,000002AB2830A6F0
494,210283928525,4.945468600,1.134000,Present,0,512,26600,1920,1080,000002AB2830A6F0
495,210283942797,4.946895800,1.427200,Present,0,512,26600,1920,1080,000002AB2830A6F0
496,210283958360,4.948452100,1.556300,Present,0,512,26600,1920,1080,000002AB2830A6F0
497,210283969708,4.949586900,1.134800,Present,0,512,26600,1920,1080,000002AB2830A6F0
498,210283980655,4.950681600,1.094700,Present,0,512,26600,1920,1080,000002AB2830A6F0
499,210283991186,4.951734700,1.053100,Present,0,512,26600,1920,1080,000002AB2830A6F0
500,210284004870,4.953103100,1.368400,Present,0,512,26600,1920,1080,000002AB2830A6F0
501,210284018065,4.954422600,1.319500,Present,0,512,26600,1920,1080,000002AB2830A6F0
502,210284030084,4.955624500,1.201900,Present,0,512,26600,1920,1080,000002AB2830A6F0
503,210284041276,4.956743700,1.119200,Present,0,512,26600,1920,1080,000002AB2830A6F0
504,210284052175,4.957833600,1.089900,Present,0,512,26600,1920,1080,000002AB2830A6F0
505,210284063790,4.958995100,1.161500,Present,0,512,26600,1920,1080,000002AB2830A6F0
506,210284075726,4.960188700,1.193600,Present,0,512,26600,1920,1080,000002AB2830A6F0
507,210284086886,4.961304700,1.116000,Present,0,512,26600,1920,1080,000002AB2830A6F0
508,210284098248,4.962440900,1.136200,Present,0,512,26600,1920,1080,000002AB2830A6F0
509,210284111632,4.963779300,1.338400,Present,0,512,26600,1920,1080,000002AB2830A6F0
510,210284130021,4.965618200,1.838900,Present,0,512,26600,1920,1080,000002AB2830A6F0
511,210284140187,4.966634800,1.016600,Present,0,512,26600,1920,1080,000002AB2830A6F0
512,210284151104,4.967726500,1.091700,Present,0,512,26600,1920,1080,000002AB2830A6F0
513,210284162602,4.968876300,1.149800,Present,0,512,26600,1920,1080,000002AB2830A6F0
514,210284174713,4.970087400,1.211100,Present,0,512,26600,1920,1080,000002AB2830A6F0
515,210284187873,4.971403400,1.316000,Present,0,512,26600,1920,1080,000002AB2830A6F0
516,210284197971,4.972413200,1.009800,Present,0,512,26600,1920,1080,000002AB2830A6F0
517,210284208904,4.973506500,1.093300,Present,0,512,26600,1920,1080,000002AB2830A6F0
518,210284219069,4.974523000,1.016500,Present,0,512,26600,1920,1080,000002AB2830A6F0
519,210284229163,4.975532400,1.009400,Present,0,512,26600,1920,1080,000002AB2830A6F0
520,210284241332,4.976749300,1.216900,Present,0,512,26600,1920,1080,000002AB2830A6F0
521,210284251749,4.977791000,1.041700,Present,0,512,26600,1920,1080,000002AB2830A6F0
522,210284261909,4.978807000,1.016000,Present,0,512,26600,1920,1080,000002AB2830A6F0
523,210284275729,4.980189000,1.382000,Present,0,512,26600,1920,1080,000002AB2830A6F0
524,210284288419,4.981458000,1.269000,Present,0,512,26600,1920,1080,000002AB2830A6F0
525,210284298558,4.982471900,1.013900,Present,0,512,26600,1920,1080,000002AB2830A6F0
526,210284310026,4.983618700,1.146800,Present,0,512,26600,1920,1080,000002AB2830A6F0
527,210284321026,4.984718700,1.100000,Present,0,512,26600,1920,1080,000002AB2830A6F0
528,210284332893,4.985905400,1.186700,Present,0,512,26600,1920,1080,000002AB2830A6F0
529,210284341863,4.986802400,0.897000,Present,0,512,26600,1920,1080,000002AB2830A6F0
530,210284351510,4.987767100,0.964700,Present,0,512,26600,1920,1080,000002AB2830A6F0
531,210284362406,4.988856700,1.089600,Present,0,512,26600,1920,1080,000002AB2830A6F0
532,210284373062,4.989922300,1.065600,Present,0,512,26600,1920,1080,000002AB2830A6F0
533,210284382391,4.990855200,0.932900,Present,0,512,26600,1920,1080,000002AB2830A6F0
534,210284392192,4.991835300,0.980100,Present,0,512,26600,1920,1080,000002AB2830A6F0
535,210284410868,4.993702900,1.867600,Present,0,512,26600,1920,1080,000002AB2830A6F0
536,210284422838,4.994899900,1.197000,Present,0,512,26600,1920,1080,000002AB2830A6F0
537,210284432592,4.995875300,0.975400,Present,0,512,26600,1920,1080,000002AB2830A6F0
538,210284442100,4.996826100,0.950800,Present,0,512,26600,1920,1080,000002AB2830A6F0
539,210284452949,4.997911000,1.084900,Present,0,512,26600,1920,1080,000002AB2830A6F0
540,210284462392,4.998855300,0.944300,Present,0,512,26600,1920,1080,000002AB2830A6F0
541,210284474413,5.000057400,1.202100,Present,0,512,26600,1920,1080,000002AB2830A6F0
542,210284494479,5.002064000,2.006600,Present,0,512,26600,1920,1080,000002AB2830A6F0
543,210284505063,5.003122400,1.058400,Present,0,512,26600,1920,1080,000002AB2830A6F0
544,210284514743,5.004090400,0.968000,Present,0,512,26600,1920,1080,000002AB2830A6F0
545,210284523570,5.004973100,0.882700,Present,0,512,26600,1920,1080,000002AB2830A6F0
546,210284534098,5.006025900,1.052800,Present,0,512,26600,1920,1080,000002AB2830A6F0
547,210284548739,5.007490000,1.464100,Present,0,512,26600,1920,1080,000002AB2830A6F0
548,210284563206,5.008936700,1.446700,Present,0,512,26600,1920,1080,000002AB2830A6F0
549,210284579356,5.010551700,1.615000,Present,0,512,26600,1920,1080,000002AB2830A6F0
550,210284593081,5.011924200,1.372500,Present,0,512,26600,1920,1080,000002AB2830A6F0
551,210284603892,5.013005300,1.081100,Present,0,512,26600,1920,1080,000002AB2830A6F0
552,210284618246,5.014440700,1.435400,Present,0,512,26600,1920,1080,000002AB2830A6F0
553,210284628927,5.015508800,1.068100,Present,0,512,26600,1920,1080,000002AB2830A6F0
554,210284641417,5.016757800,1.249000,Present,0,512,26600,1920,1080,000002AB2830A6F0
555,210284651930,5.017809100,1.051300,Present,0,512,26600,1920,1080,000002AB2830A6F0
556,210284662838,5.018899900,1.090800,Present,0,512,26600,1920,1080,000002AB2830A6F0
557,210284673462,5.019962300,1.062400,Present,0,512,26600,1920,1080,000002AB2830A6F0
558,210284683263,5.020942400,0.980100,Present,0,512,26600,1920,1080,000002AB2830A6F0
559,210284696197,5.022235800,1.293400,Present,0,512,26600,1920,1080,000002AB2830A6F0
560,210284707091,5.023325200,1.089400,Present,0,512,26600,1920,1080,000002AB2830A6F0
561,210284721111,5.024727200,1.402000,Present,0,512,26600,1920,1080,000002AB2830A6F0
562,210284734520,5.026068100,1.340900,Present,0,512,26600,1920,1080,000002AB2830A6F0
563,210284744769,5.027093000,1.024900,Present,0,512,26600,1920,1080,000002AB2830A6F0
564,210284755339,5.028150000,1.057000,Present,0,512,26600,1920,1080,000002AB2830A6F0
565,210284766277,5.029243800,1.093800,Present,0,512,26600,1920,1080,000002AB2830A6F0
566,210284776866,5.030302700,1.058900,Present,0,512,26600,1920,1080,000002AB2830A6F0
567,210284787353,5.031351400,1.048700,Present,0,512,26600,1920,1080,000002AB2830A6F0
568,210284798836,5.032499700,1.148300,Present,0,512,26600,1920,1080,000002AB2830A6F0
569,210284808927,5.033508800,1.009100,Present,0,512,26600,1920,1080,000002AB2830A6F0
570,210284820453,5.034661400,1.152600,Present,0,512,26600,1920,1080,000002AB2830A6F0
571,210284830320,5.035648100,0.986700,Present,0,512,26600,1920,1080,000002AB2830A6F0
572,210284840494,5.036665500,1.017400,Present,0,512,26600,1920,1080,000002AB2830A6F0
573,210284853981,5.038014200,1.348700,Present,0,512,26600,1920,1080,000002AB2830A6F0
574,210284869472,5.039563300,1.549100,Present,0,512,26600,1920,1080,000002AB2830A6F0
575,210284882655,5.040881600,1.318300,Present,0,512,26600,1920,1080,000002AB2830A6F0
576,210284895080,5.042124100,1.242500,Present,0,512,26600,1920,1080,000002AB2830A6F0
577,210284907900,5.043406100,1.282000,Present,0,512,26600,1920,1080,000002AB2830A6F0
578,210284918124,5.044428500,1.022400,Present,0,512,26600,1920,1080,000002AB2830A6F0
579,210284930125,5.045628600,1.200100,Present,0,512,26600,1920,1080,000002AB2830A6F0
580,210284941336,5.046749700,1.121100,Present,0,512,26600,1920,1080,000002AB2830A6F0
581,210284952432,5.047859300,1.109600,Present,0,512,26600,1920,1080,000002AB2830A6F0
582,210284963843,5.049000400,1.141100,Present,0,512,26600,1920,1080,000002AB2830A6F0
583,210284979636,5.050579700,1.579300,Present,0,512,26600,1920,1080,000002AB2830A6F0
584,210284990090,5.051625100,1.045400,Present,0,512,26600,1920,1080,000002AB2830A6F0
585,210285003154,5.052931500,1.306400,Present,0,512,26600,1920,1080,000002AB2830A6F0
586,210285015338,5.054149900,1.218400,Present,0,512,26600,1920,1080,000002AB2830A6F0
587,210285032089,5.055825000,1.675100,Present,0,512,26600,1920,1080,000002AB2830A6F0
588,210285046718,5.057287900,1.462900,Present,0,512,26600,1920,1080,000002AB2830A6F0
589,210285056146,5.058230700,0.942800,Present,0,512,26600,1920,1080,000002AB2830A6F0
590,210285066638,5.059279900,1.049200,Present,0,512,26600,1920,1080,000002AB2830A6F0
591,210285078777,5.060493800,1.213900,Present,0,512,26600,1920,1080,000002AB2830A6F0
592,210285088812,5.061497300,1.003500,Present,0,512,26600,1920,1080,000002AB2830A6F0
593,210285105136,5.063129700,1.632400,Present,0,512,26600,1920,1080,000002AB2830A6F0
594,210285116902,5.064306300,1.176600,Present,0,512,26600,1920,1080,000002AB2830A6F0
595,210285127021,5.065318200,1.011900,Present,0,512,26600,1920,1080,000002AB2830A6F0
596,210285137990,5.066415100,1.096900,Present,0,512,26600,1920,1080,000002AB2830A6F0
597,210285147722,5.067388300,0.973200,Present,0,512,26600,1920,1080,000002AB2830A6F0
598,210285160648,5.068680900,1.292600,Present,0,512,26600,1920,1080,000002AB2830A6F0
599,210285170883,5.069704400,1.023500,Present,0,512,26600,1920,1080,000002AB2830A6F0
600,210285185055,5.071121600,1.417200,Present,0,512,26600,1920,1080,000002AB2830A6F0
601,210285199283,5.072544400,1.422800,Present,0,512,26600,1920,1080,000002AB2830A6F0
602,210285211691,5.073785200,1.240800,Present,0,512,26600,1920,1080,000002AB2830A6F0
603,210285222082,5.074824300,1.039100,Present,0,512,26600,1920,1080,000002AB2830A6F0
604,210285232262,5.075842300,1.018000,Present,0,512,26600,1920,1080,000002AB2830A6F0
605,210285242235,5.076839600,0.997300,Present,0,512,26600,1920,1080,000002AB2830A6F0
606,210285252747,5.077890800,1.051200,Present,0,512,26600,1920,1080,000002AB2830A6F0
607,210285266456,5.079261700,1.370900,Present,0,512,26600,1920,1080,000002AB2830A6F0
608,210285276948,5.080310900,1.049200,Present,0,512,26600,1920,1080,000002AB2830A6F0
609,210285289109,5.081527000,1.216100,Present,0,512,26600,1920,1080,000002AB2830A6F0
610,210285299918,5.082607900,1.080900,Present,0,512,26600,1920,1080,000002AB2830A6F0
611,210285309775,5.083593600,0.985700,Present,0,512,26600,1920,1080,000002AB2830A6F0
612,210285320007,5.084616800,1.023200,Present,0,512,26600,1920,1080,000002AB2830A6F0
613,210285333018,5.085917900,1.301100,Present,0,512,26600,1920,1080,000002AB2830A6F0
614,210285349788,5.087594900,1.677000,Present,0,512,26600,1920,1080,000002AB2830A6F0
615,210285361328,5.088748900,1.154000,Present,0,512,26600,1920,1080,000002AB2830A6F0
616,210285374124,5.090028500,1.279600,Present,0,512,26600,1920,1080,000002AB2830A6F0
617,210285389167,5.091532800,1.504300,Present,0,512,26600,1920,1080,000002AB2830A6F0
618,210285404037,5.093019800,1.487000,Present,0,512,26600,1920,1080,000002AB2830A6F0
619,210285415565,5.094172600,1.152800,Present,0,512,26600,1920,1080,000002AB2830A6F0
620,210285429509,5.095567000,1.394400,Present,0,512,26600,1920,1080,000002AB2830A6F0
621,210285441000,5.096716100,1.149100,Present,0,512,26600,1920,1080,000002AB2830A6F0
622,210285451980,5.097814100,1.098000,Present,0,512,26600,1920,1080,000002AB2830A6F0
623,210285463963,5.099012400,1.198300,Present,0,512,26600,1920,1080,000002AB2830A6F0
624,210285474853,5.100101400,1.089000,Present,0,512,26600,1920,1080,000002AB2830A6F0
625,210285487423,5.101358400,1.257000,Present,0,512,26600,1920,1080,000002AB2830A6F0
626,210285502057,5.102821800,1.463400,Present,0,512,26600,1920,1080,000002AB2830A6F0
627,210285513387,5.103954800,1.133000,Present,0,512,26600,1920,1080,000002AB2830A6F0
628,210285527870,5.105403100,1.448300,Present,0,512,26600,1920,1080,000002AB2830A6F0
629,210285538534,5.106469500,1.066400,Present,0,512,26600,1920,1080,000002AB2830A6F0
630,210285549674,5.107583500,1.114000,Present,0,512,26600,1920,1080,000002AB2830A6F0
631,210285560012,5.108617300,1.033800,Present,0,512,26600,1920,1080,000002AB2830A6F0
632,210285571902,5.109806300,1.189000,Present,0,512,26600,1920,1080,000002AB2830A6F0
633,210285582005,5.110816600,1.010300,Present,0,512,26600,1920,1080,000002AB2830A6F0
634,210285595966,5.112212700,1.396100,Present,0,512,26600,1920,1080,000002AB2830A6F0
635,210285606090,5.113225100,1.012400,Present,0,512,26600,1920,1080,000002AB2830A6F0
636,210285615041,5.114120200,0.895100,Present,0,512,26600,1920,1080,000002AB2830A6F0
637,210285627245,5.115340600,1.220400,Present,0,512,26600,1920,1080,000002AB2830A6F0
638,210285639870,5.116603100,1.262500,Present,0,512,26600,1920,1080,000002AB2830A6F0
639,210285654263,5.118042400,1.439300,Present,0,512,26600,1920,1080,000002AB2830A6F0
640,210285665275,5.119143600,1.101200,Present,0,512,26600,1920,1080,000002AB2830A6F0
641,210285677768,5.120392900,1.249300,Present,0,512,26600,1920,1080,000002AB2830A6F0
642,210285687284,5.121344500,0.951600,Present,0,512,26600,1920,1080,000002AB2830A6F0
643,210285698749,5.122491000,1.146500,Present,0,512,26600,1920,1080,000002AB2830A6F0
644,210285710586,5.123674700,1.183700,Present,0,512,26600,1920,1080,000002AB2830A6F0
645,210285722336,5.124849700,1.175000,Present,0,512,26600,1920,1080,000002AB2830A6F0
646,210285734047,5.126020800,1.171100,Present,0,512,26600,1920,1080,000002AB2830A6F0
647,210285745119,5.127128000,1.107200,Present,0,512,26600,1920,1080,000002AB2830A6F0
648,210285756863,5.128302400,1.174400,Present,0,512,26600,1920,1080,000002AB2830A6F0
649,210285771945,5.129810600,1.508200,Present,0,512,26600,1920,1080,000002AB2830A6F0
650,210285786233,5.131239400,1.428800,Present,0,512,26600,1920,1080,000002AB2830A6F0
651,210285803340,5.132950100,1.710700,Present,0,512,26600,1920,1080,000002AB2830A6F0
652,210285815636,5.134179700,1.229600,Present,0,512,26600,1920,1080,000002AB2830A6F0
653,210285826089,5.135225000,1.045300,Present,0,512,26600,1920,1080,000002AB2830A6F0
654,210285839291,5.136545200,1.320200,Present,0,512,26600,1920,1080,000002AB2830A6F0
655,210285849964,5.137612500,1.067300,Present,0,512,26600,1920,1080,000002AB2830A6F0
656,210285860167,5.138632800,1.020300,Present,0,512,26600,1920,1080,000002AB2830A6F0
657,210285869684,5.139584500,0.951700,Present,0,512,26600,1920,1080,000002AB2830A6F0
658,210285880600,5.140676100,1.091600,Present,0,512,26600,1920,1080,000002AB2830A6F0
659,210285893340,5.141950100,1.274000,Present,0,512,26600,1920,1080,000002AB2830A6F0
660,210285903429,5.142959000,1.008900,Present,0,512,26600,1920,1080,000002AB2830A6F0
661,210285917200,5.144336100,1.377100,Present,0,512,26600,1920,1080,000002AB2830A6F0
662,210285929645,5.145580600,1.244500,Present,0,512,26600,1920,1080,000002AB2830A6F0
663,210285941150,5.146731100,1.150500,Present,0,512,26600,1920,1080,000002AB2830A6F0
664,210285955249,5.148141000,1.409900,Present,0,512,26600,1920,1080,000002AB2830A6F0
665,210285970931,5.149709200,1.568200,Present,0,512,26600,1920,1080,000002AB2830A6F0
666,210285982440,5.150860100,1.150900,Present,0,512,26600,1920,1080,000002AB2830A6F0
667,210285993145,5.151930600,1.070500,Present,0,512,26600,1920,1080,000002AB2830A6F0
668,210286002147,5.152830800,0.900200,Present,0,512,26600,1920,1080,000002AB2830A6F0
669,210286012844,5.153900500,1.069700,Present,0,512,26600,1920,1080,000002AB2830A6F0
670,210286022724,5.154888500,0.988000,Present,0,512,26600,1920,1080,000002AB2830A6F0
671,210286032882,5.155904300,1.015800,Present,0,512,26600,1920,1080,000002AB2830A6F0
672,210286042744,5.156890500,0.986200,Present,0,512,26600,1920,1080,000002AB2830A6F0
673,210286052383,5.157854400,0.963900,Present,0,512,26600,1920,1080,000002AB2830A6F0
674,210286063187,5.158934800,1.080400,Present,0,512,26600,1920,1080,000002AB2830A6F0
675,210286079879,5.160604000,1.669200,Present,0,512,26600,1920,1080,000002AB2830A6F0
676,210286089970,5.161613100,1.009100,Present,0,512,26600,1920,1080,000002AB2830A6F0
677,210286102339,5.162850000,1.236900,Present,0,512,26600,1920,1080,000002AB2830A6F0
678,210286119038,5.164519900,1.669900,Present,0,512,26600,1920,1080,000002AB2830A6F0
679,210286134756,5.166091700,1.571800,Present,0,512,26600,1920,1080,000002AB2830A6F0
680,210286145783,5.167194400,1.102700,Present,0,512,26600,1920,1080,000002AB2830A6F0
681,210286157276,5.168343700,1.149300,Present,0,512,26600,1920,1080,000002AB2830A6F0
682,210286167514,5.169367500,1.023800,Present,0,512,26600,1920,1080,000002AB2830A6F0
683,210286178775,5.170493600,1.126100,Present,0,512,26600,1920,1080,000002AB2830A6F0
684,210286189230,5.171539100,1.045500,Present,0,512,26600,1920,1080,000002AB2830A6F0
685,210286201541,5.172770200,1.231100,Present,0,512,26600,1920,1080,000002AB2830A6F0
686,210286211874,5.173803500,1.033300,Present,0,512,26600,1920,1080,000002AB2830A6F0
687,210286221578,5.174773900,0.970400,Present,0,512,26600,1920,1080,000002AB2830A6F0
688,210286231149,5.175731000,0.957100,Present,0,512,26600,1920,1080,000002AB2830A6F0
689,210286241613,5.176777400,1.046400,Present,0,512,26600,1920,1080,000002AB2830A6F0
690,210286251040,5.177720100,0.942700,Present,0,512,26600,1920,1080,000002AB2830A6F0
691,210286266093,5.179225400,1.505300,Present,0,512,26600,1920,1080,000002AB2830A6F0
692,210286282862,5.180902300,1.676900,Present,0,512,26600,1920,1080,000002AB2830A6F0
693,210286295504,5.182166500,1.264200,Present,0,512,26600,1920,1080,000002AB2830A6F0
694,210286306264,5.183242500,1.076000,Present,0,512,26600,1920,1080,000002AB2830A6F0
695,210286318196,5.184435700,1.193200,Present,0,512,26600,1920,1080,000002AB2830A6F0
696,210286328387,5.185454800,1.019100,Present,0,512,26600,1920,1080,000002AB2830A6F0
697,210286338662,5.186482300,1.027500,Present,0,512,26600,1920,1080,000002AB2830A6F0
698,210286350970,5.187713100,1.230800,Present,0,512,26600,1920,1080,000002AB2830A6F0
699,210286362631,5.188879200,1.166100,Present,0,512,26600,1920,1080,000002AB2830A6F0
700,210286373369,5.189953000,1.073800,Present,0,512,26600,1920,1080,000002AB2830A6F0
701,210286384165,5.191032600,1.079600,Present,0,512,26600,1920,1080,000002AB2830A6F0
702,210286395176,5.192133700,1.101100,Present,0,512,26600,1920,1080,000002AB2830A6F0
703,210286406784,5.193294500,1.160800,Present,0,512,26600,1920,1080,000002AB2830A6F0
704,210286419145,5.194530600,1.236100,Present,0,512,26600,1920,1080,000002AB2830A6F0
705,210286433064,5.195922500,1.391900,Present,0,512,26600,1920,1080,000002AB2830A6F0
706,210286447446,5.197360700,1.438200,Present,0,512,26600,1920,1080,000002AB2830A6F0
707,210286459448,5.198560900,1.200200,Present,0,512,26600,1920,1080,000002AB2830A6F0
708,210286470052,5.199621300,1.060400,Present,0,512,26600,1920,1080,000002AB2830A6F0
709,210286480169,5.200633000,1.011700,Present,0,512,26600,1920,1080,000002AB2830A6F0
710,210286491429,5.201759000,1.126000,Present,0,512,26600,1920,1080,000002AB2830A6F0
711,210286502513,5.202867400,1.108400,Present,0,512,26600,1920,1080,000002AB2830A6F0
712,210286513319,5.203948000,1.080600,Present,0,512,26600,1920,1080,000002AB2830A6F0
713,210286524595,5.205075600,1.127600,Present,0,512,26600,1920,1080,000002AB2830A6F0
714,210286535095,5.206125600,1.050000,Present,0,512,26600,1920,1080,000002AB2830A6F0
715,210286546891,5.207305200,1.179600,Present,0,512,26600,1920,1080,000002AB2830A6F0
716,210286560019,5.208618000,1.312800,Present,0,512,26600,1920,1080,000002AB2830A6F0
717,210286573585,5.209974600,1.356600,Present,0,512,26600,1920,1080,000002AB2830A6F0
718,210286585336,5.211149700,1.175100,Present,0,512,26600,1920,1080,000002AB2830A6F0
719,210286596317,5.212247800,1.098100,Present,0,512,26600,1920,1080,000002AB2830A6F0
720,210286607536,5.213369700,1.121900,Present,0,512,26600,1920,1080,000002AB2830A6F0
721,210286623520,5.214968100,1.598400,Present,0,512,26600,1920,1080,000002AB2830A6F0
722,210286634326,5.216048700,1.080600,Present,0,512,26600,1920,1080,000002AB2830A6F0
723,210286645384,5.217154500,1.105800,Present,0,512,26600,1920,1080,000002AB2830A6F0
724,210286656694,5.218285500,1.131000,Present,0,512,26600,1920,1080,000002AB2830A6F0
725,210286668372,5.219453300,1.167800,Present,0,512,26600,1920,1080,000002AB2830A6F0
726,210286681639,5.220780000,1.326700,Present,0,512,26600,1920,1080,000002AB2830A6F0
727,210286694979,5.222114000,1.334000,Present,0,512,26600,1920,1080,000002AB2830A6F0
728,210286706948,5.223310900,1.196900,Present,0,512,26600,1920,1080,000002AB2830A6F0
729,210286716709,5.224287000,0.976100,Present,0,512,26600,1920,1080,000002AB2830A6F0
730,210286735735,5.226189600,1.902600,Present,0,512,26600,1920,1080,000002AB2830A6F0
731,210286751622,5.227778300,1.588700,Present,0,512,26600,1920,1080,000002AB2830A6F0
732,210286761904,5.228806500,1.028200,Present,0,512,26600,1920,1080,000002AB2830A6F0
733,210286773701,5.229986200,1.179700,Present,0,512,26600,1920,1080,000002AB2830A6F0
734,210286786226,5.231238700,1.252500,Present,0,512,26600,1920,1080,000002AB2830A6F0
735,210286796437,5.232259800,1.021100,Present,0,512,26600,1920,1080,000002AB2830A6F0
736,210286806806,5.233296700,1.036900,Present,0,512,26600,1920,1080,000002AB2830A6F0
737,210286817555,5.234371600,1.074900,Present,0,512,26600,1920,1080,000002AB2830A6F0
738,210286827997,5.235415800,1.044200,Present,0,512,26600,1920,1080,000002AB2830A6F0
739,210286837769,5.236393000,0.977200,Present,0,512,26600,1920,1080,000002AB2830A6F0
740,210286849644,5.237580500,1.187500,Present,0,512,26600,1920,1080,000002AB2830A6F0
741,210286864769,5.239093000,1.512500,Present,0,512,26600,1920,1080,000002AB2830A6F0
742,210286876779,5.240294000,1.201000,Present,0,512,26600,1920,1080,000002AB2830A6F0
743,210286890767,5.241692800,1.398800,Present,0,512,26600,1920,1080,000002AB2830A6F0
744,210286900753,5.242691400,0.998600,Present,0,512,26600,1920,1080,000002AB2830A6F0
745,210286912000,5.243816100,1.124700,Present,0,512,26600,1920,1080,000002AB2830A6F0
746,210286923375,5.244953600,1.137500,Present,0,512,26600,1920,1080,000002AB2830A6F0
747,210286937441,5.246360200,1.406600,Present,0,512,26600,1920,1080,000002AB2830A6F0
748,210286948100,5.247426100,1.065900,Present,0,512,26600,1920,1080,000002AB2830A6F0
749,210286957645,5.248380600,0.954500,Present,0,512,26600,1920,1080,000002AB2830A6F0
750,210286971083,5.249724400,1.343800,Present,0,512,26600,1920,1080,000002AB2830A6F0
751,210286984128,5.251028900,1.304500,Present,0,512,26600,1920,1080,000002AB2830A6F0
752,210286995043,5.252120400,1.091500,Present,0,512,26600,1920,1080,000002AB2830A6F0
753,210287005520,5.253168100,1.047700,Present,0,512,26600,1920,1080,000002AB2830A6F0
754,210287017999,5.254416000,1.247900,Present,0,512,26600,1920,1080,000002AB2830A6F0
755,210287029638,5.255579900,1.163900,Present,0,512,26600,1920,1080,000002AB2830A6F0
756,210287045153,5.257131400,1.551500,Present,0,512,26600,1920,1080,000002AB2830A6F0
757,210287059223,5.258538400,1.407000,Present,0,512,26600,1920,1080,000002AB2830A6F0
758,210287075040,5.260120100,1.581700,Present,0,512,26600,1920,1080,000002AB2830A6F0
759,210287088235,5.261439600,1.319500,Present,0,512,26600,1920,1080,000002AB2830A6F0
760,210287099549,5.262571000,1.131400,Present,0,512,26600,1920,1080,000002AB2830A6F0
761,210287110627,5.263678800,1.107800,Present,0,512,26600,1920,1080,000002AB2830A6F0
762,210287120723,5.264688400,1.009600,Present,0,512,26600,1920,1080,000002AB2830A6F0
763,210287130550,5.265671100,0.982700,Present,0,512,26600,1920,1080,000002AB2830A6F0
764,210287140739,5.266690000,1.018900,Present,0,512,26600,1920,1080,000002AB2830A6F0
765,210287150700,5.267686100,0.996100,Present,0,512,26600,1920,1080,000002AB2830A6F0
766,210287161866,5.268802700,1.116600,Present,0,512,26600,1920,1080,000002AB2830A6F0
767,210287175822,5.270198300,1.395600,Present,0,512,26600,1920,1080,000002AB2830A6F0
768,210287190354,5.271651500,1.453200,Present,0,512,26600,1920,1080,000002AB2830A6F0
769,210287210251,5.273641200,1.989700,Present,0,512,26600,1920,1080,000002AB2830A6F0
770,210287222531,5.274869200,1.228000,Present,0,512,26600,1920,1080,000002AB2830A6F0
771,210287235936,5.276209700,1.340500,Present,0,512,26600,1920,1080,000002AB2830A6F0
772,210287247175,5.277333600,1.123900,Present,0,512,26600,1920,1080,000002AB2830A6F0
773,210287262437,5.278859800,1.526200,Present,0,512,26600,1920,1080,000002AB2830A6F0
774,210287275441,5.280160200,1.300400,Present,0,512,26600,1920,1080,000002AB2830A6F0
775,210287287863,5.281402400,1.242200,Present,0,512,26600,1920,1080,000002AB2830A6F0
776,210287301326,5.282748700,1.346300,Present,0,512,26600,1920,1080,000002AB2830A6F0
777,210287314532,5.284069300,1.320600,Present,0,512,26600,1920,1080,000002AB2830A6F0
778,210287325936,5.285209700,1.140400,Present,0,512,26600,1920,1080,000002AB2830A6F0
779,210287338725,5.286488600,1.278900,Present,0,512,26600,1920,1080,000002AB2830A6F0
780,210287352445,5.287860600,1.372000,Present,0,512,26600,1920,1080,000002AB2830A6F0
781,210287370075,5.289623600,1.763000,Present,0,512,26600,1920,1080,000002AB2830A6F0
782,210287381240,5.290740100,1.116500,Present,0,512,26600,1920,1080,000002AB2830A6F0
783,210287390713,5.291687400,0.947300,Present,0,512,26600,1920,1080,000002AB2830A6F0
784,210287401756,5.292791700,1.104300,Present,0,512,26600,1920,1080,000002AB2830A6F0
785,210287412607,5.293876800,1.085100,Present,0,512,26600,1920,1080,000002AB2830A6F0
786,210287424359,5.295052000,1.175200,Present,0,512,26600,1920,1080,000002AB2830A6F0
787,210287434336,5.296049700,0.997700,Present,0,512,26600,1920,1080,000002AB2830A6F0
788,210287444738,5.297089900,1.040200,Present,0,512,26600,1920,1080,000002AB2830A6F0
789,210287457110,5.298327100,1.237200,Present,0,512,26600,1920,1080,000002AB2830A6F0
790,210287470031,5.299619200,1.292100,Present,0,512,26600,1920,1080,000002AB2830A6F0
791,210287481836,5.300799700,1.180500,Present,0,512,26600,1920,1080,000002AB2830A6F0
792,210287492208,5.301836900,1.037200,Present,0,512,26600,1920,1080,000002AB2830A6F0
793,210287514821,5.304098200,2.261300,Present,0,512,26600,1920,1080,000002AB2830A6F0
794,210287529641,5.305580200,1.482000,Present,0,512,26600,1920,1080,000002AB2830A6F0
795,210287545424,5.307158500,1.578300,Present,0,512,26600,1920,1080,000002AB2830A6F0
796,210287561979,5.308814000,1.655500,Present,0,512,26600,1920,1080,000002AB2830A6F0
797,210287576250,5.310241100,1.427100,Present,0,512,26600,1920,1080,000002AB2830A6F0
798,210287587690,5.311385100,1.144000,Present,0,512,26600,1920,1080,000002AB2830A6F0
799,210287598744,5.312490500,1.105400,Present,0,512,26600,1920,1080,000002AB2830A6F0
800,210287609845,5.313600600,1.110100,Present,0,512,26600,1920,1080,000002AB2830A6F0
801,210287622399,5.314856000,1.255400,Present,0,512,26600,1920,1080,000002AB2830A6F0
802,210287633810,5.315997100,1.141100,Present,0,512,26600,1920,1080,000002AB2830A6F0
803,210287646726,5.317288700,1.291600,Present,0,512,26600,1920,1080,000002AB2830A6F0
804,210287663795,5.318995600,1.706900,Present,0,512,26600,1920,1080,000002AB2830A6F0
805,210287678198,5.320435900,1.440300,Present,0,512,26600,1920,1080,000002AB2830A6F0
806,210287690062,5.321622300,1.186400,Present,0,512,26600,1920,1080,000002AB2830A6F0
807,210287702350,5.322851100,1.228800,Present,0,512,26600,1920,1080,000002AB2830A6F0
808,210287714978,5.324113900,1.262800,Present,0,512,26600,1920,1080,000002AB2830A6F0
809,210287726013,5.325217400,1.103500,Present,0,512,26600,1920,1080,000002AB2830A6F0
810,210287736611,5.326277200,1.059800,Present,0,512,26600,1920,1080,000002AB2830A6F0
811,210287747849,5.327401000,1.123800,Present,0,512,26600,1920,1080,000002AB2830A6F0
812,210287757263,5.328342400,0.941400,Present,0,512,26600,1920,1080,000002AB2830A6F0
813,210287773116,5.329927700,1.585300,Present,0,512,26600,1920,1080,000002AB2830A6F0
814,210287784738,5.331089900,1.162200,Present,0,512,26600,1920,1080,000002AB2830A6F0
815,210287795812,5.332197300,1.107400,Present,0,512,26600,1920,1080,000002AB2830A6F0
816,210287807686,5.333384700,1.187400,Present,0,512,26600,1920,1080,000002AB2830A6F0
817,210287824828,5.335098900,1.714200,Present,0,512,26600,1920,1080,000002AB2830A6F0
818,210287837718,5.336387900,1.289000,Present,0,512,26600,1920,1080,000002AB2830A6F0
819,210287849649,5.337581000,1.193100,Present,0,512,26600,1920,1080,000002AB2830A6F0
820,210287861153,5.338731400,1.150400,Present,0,512,26600,1920,1080,000002AB2830A6F0
821,210287871755,5.339791600,1.060200,Present,0,512,26600,1920,1080,000002AB2830A6F0
822,210287883750,5.340991100,1.199500,Present,0,512,26600,1920,1080,000002AB2830A6F0
823,210287896490,5.342265100,1.274000,Present,0,512,26600,1920,1080,000002AB2830A6F0
824,210287909550,5.343571100,1.306000,Present,0,512,26600,1920,1080,000002AB2830A6F0
825,210287923425,5.344958600,1.387500,Present,0,512,26600,1920,1080,000002AB2830A6F0
826,210287933745,5.345990600,1.032000,Present,0,512,26600,1920,1080,000002AB2830A6F0
827,210287947212,5.347337300,1.346700,Present,0,512,26600,1920,1080,000002AB2830A6F0
828,210287957262,5.348342300,1.005000,Present,0,512,26600,1920,1080,000002AB2830A6F0
829,210287978073,5.350423400,2.081100,Present,0,512,26600,1920,1080,000002AB2830A6F0
830,210287993859,5.352002000,1.578600,Present,0,512,26600,1920,1080,000002AB2830A6F0
831,210288005503,5.353166400,1.164400,Present,0,512,26600,1920,1080,000002AB2830A6F0
832,210288016322,5.354248300,1.081900,Present,0,512,26600,1920,1080,000002AB2830A6F0
833,210288028576,5.355473700,1.225400,Present,0,512,26600,1920,1080,000002AB2830A6F0
834,210288039597,5.356575800,1.102100,Present,0,512,26600,1920,1080,000002AB2830A6F0
835,210288051490,5.357765100,1.189300,Present,0,512,26600,1920,1080,000002AB2830A6F0
836,210288063078,5.358923900,1.158800,Present,0,512,26600,1920,1080,000002AB2830A6F0
837,210288078879,5.360504000,1.580100,Present,0,512,26600,1920,1080,000002AB2830A6F0
838,210288089251,5.361541200,1.037200,Present,0,512,26600,1920,1080,000002AB2830A6F0
839,210288098189,5.362435000,0.893800,Present,0,512,26600,1920,1080,000002AB2830A6F0
840,210288109454,5.363561500,1.126500,Present,0,512,26600,1920,1080,000002AB2830A6F0
841,210288121350,5.364751100,1.189600,Present,0,512,26600,1920,1080,000002AB2830A6F0
842,210288140048,5.366620900,1.869800,Present,0,512,26600,1920,1080,000002AB2830A6F0
843,210288155699,5.368186000,1.565100,Present,0,512,26600,1920,1080,000002AB2830A6F0
844,210288167532,5.369369300,1.183300,Present,0,512,26600,1920,1080,000002AB2830A6F0
845,210288178814,5.370497500,1.128200,Present,0,512,26600,1920,1080,000002AB2830A6F0
846,210288189388,5.371554900,1.057400,Present,0,512,26600,1920,1080,000002AB2830A6F0
847,210288201614,5.372777500,1.222600,Present,0,512,26600,1920,1080,000002AB2830A6F0
848,210288213557,5.373971800,1.194300,Present,0,512,26600,1920,1080,000002AB2830A6F0
849,210288224864,5.375102500,1.130700,Present,0,512,26600,1920,1080,000002AB2830A6F0
850,210288240023,5.376618400,1.515900,Present,0,512,26600,1920,1080,000002AB2830A6F0
851,210288250707,5.377686800,1.068400,Present,0,512,26600,1920,1080,000002AB2830A6F0
852,210288262523,5.378868400,1.181600,Present,0,512,26600,1920,1080,000002AB2830A6F0
853,210288276197,5.380235800,1.367400,Present,0,512,26600,1920,1080,000002AB2830A6F0
854,210288288145,5.381430600,1.194800,Present,0,512,26600,1920,1080,000002AB2830A6F0
855,210288300673,5.382683400,1.252800,Present,0,512,26600,1920,1080,000002AB2830A6F0
856,210288314320,5.384048100,1.364700,Present,0,512,26600,1920,1080,000002AB2830A6F0
857,210288324516,5.385067700,1.019600,Present,0,512,26600,1920,1080,000002AB2830A6F0
858,210288335874,5.386203500,1.135800,Present,0,512,26600,1920,1080,000002AB2830A6F0
859,210288347267,5.387342800,1.139300,Present,0,512,26600,1920,1080,000002AB2830A6F0
860,210288356993,5.388315400,0.972600,Present,0,512,26600,1920,1080,000002AB2830A6F0
861,210288368210,5.389437100,1.121700,Present,0,512,26600,1920,1080,000002AB2830A6F0
862,210288381447,5.390760800,1.323700,Present,0,512,26600,1920,1080,000002AB2830A6F0
863,210288397941,5.392410200,1.649400,Present,0,512,26600,1920,1080,000002AB2830A6F0
864,210288409249,5.393541000,1.130800,Present,0,512,26600,1920,1080,000002AB2830A6F0
865,210288419916,5.394607700,1.066700,Present,0,512,26600,1920,1080,000002AB2830A6F0
866,210288431608,5.395776900,1.169200,Present,0,512,26600,1920,1080,000002AB2830A6F0
867,210288444943,5.397110400,1.333500,Present,0,512,26600,1920,1080,000002AB2830A6F0
868,210288459917,5.398607800,1.497400,Present,0,512,26600,1920,1080,000002AB2830A6F0
869,210288472953,5.399911400,1.303600,Present,0,512,26600,1920,1080,000002AB2830A6F0
870,210288483375,5.400953600,1.042200,Present,0,512,26600,1920,1080,000002AB2830A6F0
871,210288493784,5.401994500,1.040900,Present,0,512,26600,1920,1080,000002AB2830A6F0
872,210288507674,5.403383500,1.389000,Present,0,512,26600,1920,1080,000002AB2830A6F0
873,210288520862,5.404702300,1.318800,Present,0,512,26600,1920,1080,000002AB2830A6F0
874,210288535451,5.406161200,1.458900,Present,0,512,26600,1920,1080,000002AB2830A6F0
875,210288545646,5.407180700,1.019500,Present,0,512,26600,1920,1080,000002AB2830A6F0
876,210288559382,5.408554300,1.373600,Present,0,512,26600,1920,1080,000002AB2830A6F0
877,210288574708,5.410086900,1.532600,Present,0,512,26600,1920,1080,000002AB2830A6F0
878,210288584590,5.411075100,0.988200,Present,0,512,26600,1920,1080,000002AB2830A6F0
879,210288603620,5.412978100,1.903000,Present,0,512,26600,1920,1080,000002AB2830A6F0
880,210288617303,5.414346400,1.368300,Present,0,512,26600,1920,1080,000002AB2830A6F0
881,210288627899,5.415406000,1.059600,Present,0,512,26600,1920,1080,000002AB2830A6F0
882,210288643884,5.417004500,1.598500,Present,0,512,26600,1920,1080,000002AB2830A6F0
883,210288654999,5.418116000,1.111500,Present,0,512,26600,1920,1080,000002AB2830A6F0
884,210288666474,5.419263500,1.147500,Present,0,512,26600,1920,1080,000002AB2830A6F0
885,210288680984,5.420714500,1.451000,Present,0,512,26600,1920,1080,000002AB2830A6F0
886,210288691003,5.421716400,1.001900,Present,0,512,26600,1920,1080,000002AB2830A6F0
887,210288702050,5.422821100,1.104700,Present,0,512,26600,1920,1080,000002AB2830A6F0
888,210288713099,5.423926000,1.104900,Present,0,512,26600,1920,1080,000002AB2830A6F0
889,210288723265,5.424942600,1.016600,Present,0,512,26600,1920,1080,000002AB2830A6F0
890,210288735283,5.426144400,1.201800,Present,0,512,26600,1920,1080,000002AB2830A6F0
891,210288747834,5.427399500,1.255100,Present,0,512,26600,1920,1080,000002AB2830A6F0
892,210288758931,5.428509200,1.109700,Present,0,512,26600,1920,1080,000002AB2830A6F0
893,210288769019,5.429518000,1.008800,Present,0,512,26600,1920,1080,000002AB2830A6F0
894,210288781728,5.430788900,1.270900,Present,0,512,26600,1920,1080,000002AB2830A6F0
895,210288792104,5.431826500,1.037600,Present,0,512,26600,1920,1080,000002AB2830A6F0
896,210288803958,5.433011900,1.185400,Present,0,512,26600,1920,1080,000002AB2830A6F0
897,210288815469,5.434163000,1.151100,Present,0,512,26600,1920,1080,000002AB2830A6F0
898,210288826311,5.435247200,1.084200,Present,0,512,26600,1920,1080,000002AB2830A6F0
899,210288836577,5.436273800,1.026600,Present,0,512,26600,1920,1080,000002AB2830A6F0
900,210288847491,5.437365200,1.091400,Present,0,512,26600,1920,1080,000002AB2830A6F0
901,210288857824,5.438398500,1.033300,Present,0,512,26600,1920,1080,000002AB2830A6F0
902,210288868178,5.439433900,1.035400,Present,0,512,26600,1920,1080,000002AB2830A6F0
903,210288880806,5.440696700,1.262800,Present,0,512,26600,1920,1080,000002AB2830A6F0
904,210288891879,5.441804000,1.107300,Present,0,512,26600,1920,1080,000002AB2830A6F0
905,210288907898,5.443405900,1.601900,Present,0,512,26600,1920,1080,000002AB2830A6F0
906,210288920057,5.444621800,1.215900,Present,0,512,26600,1920,1080,000002AB2830A6F0
907,210288930462,5.445662300,1.040500,Present,0,512,26600,1920,1080,000002AB2830A6F0
908,210288944121,5.447028200,1.365900,Present,0,512,26600,1920,1080,000002AB2830A6F0
909,210288955917,5.448207800,1.179600,Present,0,512,26600,1920,1080,000002AB2830A6F0
910,210288967199,5.449336000,1.128200,Present,0,512,26600,1920,1080,000002AB2830A6F0
911,210288977081,5.450324200,0.988200,Present,0,512,26600,1920,1080,000002AB2830A6F0
912,210288986798,5.451295900,0.971700,Present,0,512,26600,1920,1080,000002AB2830A6F0
913,210288997950,5.452411100,1.115200,Present,0,512,26600,1920,1080,000002AB2830A6F0
914,210289009894,5.453605500,1.194400,Present,0,512,26600,1920,1080,000002AB2830A6F0
915,210289023046,5.454920700,1.315200,Present,0,512,26600,1920,1080,000002AB2830A6F0
916,210289032833,5.455899400,0.978700,Present,0,512,26600,1920,1080,000002AB2830A6F0
917,210289044742,5.457090300,1.190900,Present,0,512,26600,1920,1080,000002AB2830A6F0
918,210289061360,5.458752100,1.661800,Present,0,512,26600,1920,1080,000002AB2830A6F0
919,210289074531,5.460069200,1.317100,Present,0,512,26600,1920,1080,000002AB2830A6F0
920,210289086510,5.461267100,1.197900,Present,0,512,26600,1920,1080,000002AB2830A6F0
921,210289098472,5.462463300,1.196200,Present,0,512,26600,1920,1080,000002AB2830A6F0
922,210289114153,5.464031400,1.568100,Present,0,512,26600,1920,1080,000002AB2830A6F0
923,210289128952,5.465511300,1.479900,Present,0,512,26600,1920,1080,000002AB2830A6F0
924,210289139739,5.466590000,1.078700,Present,0,512,26600,1920,1080,000002AB2830A6F0
925,210289149343,5.467550400,0.960400,Present,0,512,26600,1920,1080,000002AB2830A6F0
926,210289159419,5.468558000,1.007600,Present,0,512,26600,1920,1080,000002AB2830A6F0
927,210289170427,5.469658800,1.100800,Present,0,512,26600,1920,1080,000002AB2830A6F0
928,210289184012,5.471017300,1.358500,Present,0,512,26600,1920,1080,000002AB2830A6F0
929,210289193767,5.471992800,0.975500,Present,0,512,26600,1920,1080,000002AB2830A6F0
930,210289204746,5.473090700,1.097900,Present,0,512,26600,1920,1080,000002AB2830A6F0
931,210289231557,5.475771800,2.681100,Present,0,512,26600,1920,1080,000002AB2830A6F0
932,210289252256,5.477841700,2.069900,Present,0,512,26600,1920,1080,000002AB2830A6F0
933,210289269869,5.479603000,1.761300,Present,0,512,26600,1920,1080,000002AB2830A6F0
934,210289293306,5.481946700,2.343700,Present,0,512,26600,1920,1080,000002AB2830A6F0
935,210289316278,5.484243900,2.297200,Present,0,512,26600,1920,1080,000002AB2830A6F0
936,210289336559,5.486272000,2.028100,Present,0,512,26600,1920,1080,000002AB2830A6F0
937,210289358690,5.488485100,2.213100,Present,0,512,26600,1920,1080,000002AB2830A6F0
938,210289384168,5.491032900,2.547800,Present,0,512,26600,1920,1080,000002AB2830A6F0
939,210289690081,5.521624200,30.591300,Present,0,512,26600,1920,1080,000002AB2830A6F0
940,210290300386,5.582654700,61.030500,Present,0,512,26600,1920,1080,000002AB2830A6F0
941,210293622178,5.914833900,332.179200,Present,0,512,26600,1920,1080,000002AB2830A6F0
942,210293754389,5.928055000,13.221100,Present,0,512,26600,1920,1080,000002AB2830A6F0
943,210293852290,5.937845100,9.790100,Present,0,512,26600,1920,1080,000002AB2830A6F0
944,210293977363,5.950352400,12.507300,Present,0,512,26600,1920,1080,000002AB2830A6F0
945,210294038260,5.956442100,6.089700,Present,0,512,26600,1920,1080,000002AB2830A6F0
946,210294083557,5.960971800,4.529700,Present,0,512,26600,1920,1080,000002AB2830A6F0
947,210294131679,5.965784000,4.812200,Present,0,512,26600,1920,1080,000002AB2830A6F0
948,210294177036,5.970319700,4.535700,Present,0,512,26600,1920,1080,000002AB2830A6F0
949,210294224627,5.975078800,4.759100,Present,0,512,26600,1920,1080,000002AB2830A6F0
950,210294267451,5.979361200,4.282400,Present,0,512,26600,1920,1080,000002AB2830A6F0
951,210294323222,5.984938300,5.577100,Present,0,512,26600,1920,1080,000002AB2830A6F0
952,210294392133,5.991829400,6.891100,Present,0,512,26600,1920,1080,000002AB2830A6F0
953,210294472609,5.999877000,8.047600,Present,0,512,26600,1920,1080,000002AB2830A6F0
954,210294537087,6.006324800,6.447800,Present,0,512,26600,1920,1080,000002AB2830A6F0
955,210294592311,6.011847200,5.522400,Present,0,512,26600,1920,1080,000002AB2830A6F0
956,210294635009,6.016117000,4.269800,Present,0,512,26600,1920,1080,000002AB2830A6F0
957,210294684842,6.021100300,4.983300,Present,0,512,26600,1920,1080,000002AB2830A6F0
958,210294738617,6.026477800,5.377500,Present,0,512,26600,1920,1080,000002AB2830A6F0
959,210294800551,6.032671200,6.193400,Present,0,512,26600,1920,1080,000002AB2830A6F0
960,210294845338,6.037149900,4.478700,Present,0,512,26600,1920,1080,000002AB2830A6F0
961,210294898368,6.042452900,5.303000,Present,0,512,26600,1920,1080,000002AB2830A6F0
962,210294943240,6.046940100,4.487200,Present,0,512,26600,1920,1080,000002AB2830A6F0
963,210294990942,6.051710300,4.770200,Present,0,512,26600,1920,1080,000002AB2830A6F0
964,210295031172,6.055733300,4.023000,Present,0,512,26600,1920,1080,000002AB2830A6F0
965,210295071784,6.059794500,4.061200,Present,0,512,26600,1920,1080,000002AB2830A6F0
966,210295127360,6.065352100,5.557600,Present,0,512,26600,1920,1080,000002AB2830A6F0
967,210295172309,6.069847000,4.494900,Present,0,512,26600,1920,1080,000002AB2830A6F0
968,210295218228,6.074438900,4.591900,Present,0,512,26600,1920,1080,000002AB2830A6F0
969,210295259609,6.078577000,4.138100,Present,0,512,26600,1920,1080,000002AB2830A6F0
970,210295300919,6.082708000,4.131000,Present,0,512,26600,1920,1080,000002AB2830A6F0
971,210295343195,6.086935600,4.227600,Present,0,512,26600,1920,1080,000002AB2830A6F0
972,210295378775,6.090493600,3.558000,Present,0,512,26600,1920,1080,000002AB2830A6F0
973,210295443579,6.096974000,6.480400,Present,0,512,26600,1920,1080,000002AB2830A6F0
974,210295498568,6.102472900,5.498900,Present,0,512,26600,1920,1080,000002AB2830A6F0
975,210295542698,6.106885900,4.413000,Present,0,512,26600,1920,1080,000002AB2830A6F0
976,210295591814,6.111797500,4.911600,Present,0,512,26600,1920,1080,000002AB2830A6F0
977,210295642453,6.116861400,5.063900,Present,0,512,26600,1920,1080,000002AB2830A6F0
978,210295685317,6.121147800,4.286400,Present,0,512,26600,1920,1080,000002AB2830A6F0
979,210295736090,6.126225100,5.077300,Present,0,512,26600,1920,1080,000002AB2830A6F0
980,210295792329,6.131849000,5.623900,Present,0,512,26600,1920,1080,000002AB2830A6F0
981,210295847885,6.137404600,5.555600,Present,0,512,26600,1920,1080,000002AB2830A6F0
982,210295901992,6.142815300,5.410700,Present,0,512,26600,1920,1080,000002AB2830A6F0
983,210295952033,6.147819400,5.004100,Present,0,512,26600,1920,1080,000002AB2830A6F0
984,210296001064,6.152722500,4.903100,Present,0,512,26600,1920,1080,000002AB2830A6F0
985,210296061832,6.158799300,6.076800,Present,0,512,26600,1920,1080,000002AB2830A6F0
986,210296114110,6.164027100,5.227800,Present,0,512,26600,1920,1080,000002AB2830A6F0
987,210296173401,6.169956200,5.929100,Present,0,512,26600,1920,1080,000002AB2830A6F0
988,210296224813,6.175097400,5.141200,Present,0,512,26600,1920,1080,000002AB2830A6F0
989,210296263249,6.178941000,3.843600,Present,0,512,26600,1920,1080,000002AB2830A6F0
990,210296309945,6.183610600,4.669600,Present,0,512,26600,1920,1080,000002AB2830A6F0
991,210296354442,6.188060300,4.449700,Present,0,512,26600,1920,1080,000002AB2830A6F0
992,210296398064,6.192422500,4.362200,Present,0,512,26600,1920,1080,000002AB2830A6F0
993,210296445942,6.197210300,4.787800,Present,0,512,26600,1920,1080,000002AB2830A6F0
994,210296499386,6.202554700,5.344400,Present,0,512,26600,1920,1080,000002AB2830A6F0
995,210296545060,6.207122100,4.567400,Present,0,512,26600,1920,1080,000002AB2830A6F0
996,210296589120,6.211528100,4.406000,Present,0,512,26600,1920,1080,000002AB2830A6F0
997,210296633431,6.215959200,4.431100,Present,0,512,26600,1920,1080,000002AB2830A6F0
998,210296691764,6.221792500,5.833300,Present,0,512,26600,1920,1080,000002AB2830A6F0
999,210296733610,6.225977100,4.184600,Present,0,512,26600,1920,1080,000002AB2830A6F0
1000,210296781432,6.230759300,4.782200,Present,0,512,26600,1920,1080,000002AB2830A6F0
1001,210296831088,6.235724900,4.965600,Present,0,512,26600,1920,1080,000002AB2830A6F0
1002,210296878816,6.240497700,4.772800,Present,0,512,26600,1920,1080,000002AB2830A6F0
1003,210296922742,6.244890300,4.392600,Present,0,512,26600,1920,1080,000002AB2830A6F0
1004,210296970563,6.249672400,4.782100,Present,0,512,26600,1920,1080,000002AB2830A6F0
1005,210297031039,6.255720000,6.047600,Present,0,512,26600,1920,1080,000002AB2830A6F0
1006,210297080961,6.260712200,4.992200,Present,0,512,26600,1920,1080,000002AB2830A6F0
1007,210297124847,6.265100800,4.388600,Present,0,512,26600,1920,1080,000002AB2830A6F0
1008,210297174199,6.270036000,4.935200,Present,0,512,26600,1920,1080,000002AB2830A6F0
1009,210297220631,6.274679200,4.643200,Present,0,512,26600,1920,1080,000002AB2830A6F0
1010,210297276998,6.280315900,5.636700,Present,0,512,26600,1920,1080,000002AB2830A6F0
1011,210297317997,6.284415800,4.099900,Present,0,512,26600,1920,1080,000002AB2830A6F0
1012,210297361115,6.288727600,4.311800,Present,0,512,26600,1920,1080,000002AB2830A6F0
1013,210297405455,6.293161600,4.434000,Present,0,512,26600,1920,1080,000002AB2830A6F0
1014,210297450847,6.297700800,4.539200,Present,0,512,26600,1920,1080,000002AB2830A6F0
1015,210297494239,6.302040000,4.339200,Present,0,512,26600,1920,1080,000002AB2830A6F0
1016,210297550362,6.307652300,5.612300,Present,0,512,26600,1920,1080,000002AB2830A6F0
1017,210297600856,6.312701700,5.049400,Present,0,512,26600,1920,1080,000002AB2830A6F0
1018,210297654321,6.318048200,5.346500,Present,0,512,26600,1920,1080,000002AB2830A6F0
1019,210297697872,6.322403300,4.355100,Present,0,512,26600,1920,1080,000002AB2830A6F0
1020,210297741914,6.326807500,4.404200,Present,0,512,26600,1920,1080,000002AB2830A6F0
1021,210297791606,6.331776700,4.969200,Present,0,512,26600,1920,1080,000002AB2830A6F0
1022,210297837991,6.336415200,4.638500,Present,0,512,26600,1920,1080,000002AB2830A6F0
1023,210297896072,6.342223300,5.808100,Present,0,512,26600,1920,1080,000002AB2830A6F0
1024,210297939969,6.346613000,4.389700,Present,0,512,26600,1920,1080,000002AB2830A6F0
1025,210297981421,6.350758200,4.145200,Present,0,512,26600,1920,1080,000002AB2830A6F0
1026,210298033634,6.355979500,5.221300,Present,0,512,26600,1920,1080,000002AB2830A6F0
1027,210298079441,6.360560200,4.580700,Present,0,512,26600,1920,1080,000002AB2830A6F0
1028,210298120372,6.364653300,4.093100,Present,0,512,26600,1920,1080,000002AB2830A6F0
1029,210298166425,6.369258600,4.605300,Present,0,512,26600,1920,1080,000002AB2830A6F0
1030,210298217434,6.374359500,5.100900,Present,0,512,26600,1920,1080,000002AB2830A6F0
1031,210298262362,6.378852300,4.492800,Present,0,512,26600,1920,1080,000002AB2830A6F0
1032,210298318778,6.384493900,5.641600,Present,0,512,26600,1920,1080,000002AB2830A6F0
1033,210298360092,6.388625300,4.131400,Present,0,512,26600,1920,1080,000002AB2830A6F0
1034,210298407903,6.393406400,4.781100,Present,0,512,26600,1920,1080,000002AB2830A6F0
1035,210298453371,6.397953200,4.546800,Present,0,512,26600,1920,1080,000002AB2830A6F0
1036,210298510565,6.403672600,5.719400,Present,0,512,26600,1920,1080,000002AB2830A6F0
1037,210298554064,6.408022500,4.349900,Present,0,512,26600,1920,1080,000002AB2830A6F0
1038,210298595002,6.412116300,4.093800,Present,0,512,26600,1920,1080,000002AB2830A6F0
1039,210298633767,6.415992800,3.876500,Present,0,512,26600,1920,1080,000002AB2830A6F0
1040,210298676489,6.420265000,4.272200,Present,0,512,26600,1920,1080,000002AB2830A6F0
1041,210298723796,6.424995700,4.730700,Present,0,512,26600,1920,1080,000002AB2830A6F0
1042,210298769978,6.429613900,4.618200,Present,0,512,26600,1920,1080,000002AB2830A6F0
1043,210298821413,6.434757400,5.143500,Present,0,512,26600,1920,1080,000002AB2830A6F0
1044,210298870475,6.439663600,4.906200,Present,0,512,26600,1920,1080,000002AB2830A6F0
1045,210298924825,6.445098600,5.435000,Present,0,512,26600,1920,1080,000002AB2830A6F0
1046,210298968487,6.449464800,4.366200,Present,0,512,26600,1920,1080,000002AB2830A6F0
1047,210299019941,6.454610200,5.145400,Present,0,512,26600,1920,1080,000002AB2830A6F0
1048,210299068825,6.459498600,4.888400,Present,0,512,26600,1920,1080,000002AB2830A6F0
1049,210299113038,6.463919900,4.421300,Present,0,512,26600,1920,1080,000002AB2830A6F0
1050,210299156444,6.468260500,4.340600,Present,0,512,26600,1920,1080,000002AB2830A6F0
1051,210299198948,6.472510900,4.250400,Present,0,512,26600,1920,1080,000002AB2830A6F0
1052,210299241462,6.476762300,4.251400,Present,0,512,26600,1920,1080,000002AB2830A6F0
1053,210299287813,6.481397400,4.635100,Present,0,512,26600,1920,1080,000002AB2830A6F0
1054,210299333882,6.486004300,4.606900,Present,0,512,26600,1920,1080,000002AB2830A6F0
1055,210299379150,6.490531100,4.526800,Present,0,512,26600,1920,1080,000002AB2830A6F0
1056,210299427785,6.495394600,4.863500,Present,0,512,26600,1920,1080,000002AB2830A6F0
1057,210299470846,6.499700700,4.306100,Present,0,512,26600,1920,1080,000002AB2830A6F0
1058,210299532545,6.505870600,6.169900,Present,0,512,26600,1920,1080,000002AB2830A6F0
1059,210299578069,6.510423000,4.552400,Present,0,512,26600,1920,1080,000002AB2830A6F0
1060,210299623192,6.514935300,4.512300,Present,0,512,26600,1920,1080,000002AB2830A6F0
1061,210299672100,6.519826100,4.890800,Present,0,512,26600,1920,1080,000002AB2830A6F0
1062,210299727838,6.525399900,5.573800,Present,0,512,26600,1920,1080,000002AB2830A6F0
1063,210299794272,6.532043300,6.643400,Present,0,512,26600,1920,1080,000002AB2830A6F0
1064,210299841843,6.536800400,4.757100,Present,0,512,26600,1920,1080,000002AB2830A6F0
1065,210299895012,6.542117300,5.316900,Present,0,512,26600,1920,1080,000002AB2830A6F0
1066,210299942405,6.546856600,4.739300,Present,0,512,26600,1920,1080,000002AB2830A6F0
1067,210299985823,6.551198400,4.341800,Present,0,512,26600,1920,1080,000002AB2830A6F0
1068,210300031963,6.555812400,4.614000,Present,0,512,26600,1920,1080,000002AB2830A6F0
1069,210300094964,6.562112500,6.300100,Present,0,512,26600,1920,1080,000002AB2830A6F0
1070,210300140137,6.566629800,4.517300,Present,0,512,26600,1920,1080,000002AB2830A6F0
1071,210300185008,6.571116900,4.487100,Present,0,512,26600,1920,1080,000002AB2830A6F0
1072,210300232267,6.575842800,4.725900,Present,0,512,26600,1920,1080,000002AB2830A6F0
1073,210300282250,6.580841100,4.998300,Present,0,512,26600,1920,1080,000002AB2830A6F0
1074,210300329574,6.585573500,4.732400,Present,0,512,26600,1920,1080,000002AB2830A6F0
1075,210300372607,6.589876800,4.303300,Present,0,512,26600,1920,1080,000002AB2830A6F0
1076,210300417835,6.594399600,4.522800,Present,0,512,26600,1920,1080,000002AB2830A6F0
1077,210300465622,6.599178300,4.778700,Present,0,512,26600,1920,1080,000002AB2830A6F0
1078,210300524360,6.605052100,5.873800,Present,0,512,26600,1920,1080,000002AB2830A6F0
1079,210300576736,6.610289700,5.237600,Present,0,512,26600,1920,1080,000002AB2830A6F0
1080,210300621196,6.614735700,4.446000,Present,0,512,26600,1920,1080,000002AB2830A6F0
1081,210300662854,6.618901500,4.165800,Present,0,512,26600,1920,1080,000002AB2830A6F0
1082,210300712884,6.623904500,5.003000,Present,0,512,26600,1920,1080,000002AB2830A6F0
1083,210300760487,6.628664800,4.760300,Present,0,512,26600,1920,1080,000002AB2830A6F0
1084,210300805087,6.633124800,4.460000,Present,0,512,26600,1920,1080,000002AB2830A6F0
1085,210300850720,6.637688100,4.563300,Present,0,512,26600,1920,1080,000002AB2830A6F0
1086,210300897164,6.642332500,4.644400,Present,0,512,26600,1920,1080,000002AB2830A6F0
1087,210300946093,6.647225400,4.892900,Present,0,512,26600,1920,1080,000002AB2830A6F0
1088,210300993317,6.651947800,4.722400,Present,0,512,26600,1920,1080,000002AB2830A6F0
1089,210301046431,6.657259200,5.311400,Present,0,512,26600,1920,1080,000002AB2830A6F0
1090,210301097301,6.662346200,5.087000,Present,0,512,26600,1920,1080,000002AB2830A6F0
1091,210301145231,6.667139200,4.793000,Present,0,512,26600,1920,1080,000002AB2830A6F0
1092,210301200277,6.672643800,5.504600,Present,0,512,26600,1920,1080,000002AB2830A6F0
1093,210301248607,6.677476800,4.833000,Present,0,512,26600,1920,1080,000002AB2830A6F0
1094,210301298564,6.682472500,4.995700,Present,0,512,26600,1920,1080,000002AB2830A6F0
1095,210301348492,6.687465300,4.992800,Present,0,512,26600,1920,1080,000002AB2830A6F0
1096,210301395861,6.692202200,4.736900,Present,0,512,26600,1920,1080,000002AB2830A6F0
1097,210301441022,6.696718300,4.516100,Present,0,512,26600,1920,1080,000002AB2830A6F0
1098,210301486028,6.701218900,4.500600,Present,0,512,26600,1920,1080,000002AB2830A6F0
1099,210301526194,6.705235500,4.016600,Present,0,512,26600,1920,1080,000002AB2830A6F0
1100,210301583807,6.710996800,5.761300,Present,0,512,26600,1920,1080,000002AB2830A6F0
1101,210301630068,6.715622900,4.626100,Present,0,512,26600,1920,1080,000002AB2830A6F0
1102,210301687850,6.721401100,5.778200,Present,0,512,26600,1920,1080,000002AB2830A6F0
1103,210301749173,6.727533400,6.132300,Present,0,512,26600,1920,1080,000002AB2830A6F0
1104,210301801537,6.732769800,5.236400,Present,0,512,26600,1920,1080,000002AB2830A6F0
1105,210301844797,6.737095800,4.326000,Present,0,512,26600,1920,1080,000002AB2830A6F0
1106,210301888029,6.741419000,4.323200,Present,0,512,26600,1920,1080,000002AB2830A6F0
1107,210301932342,6.745850300,4.431300,Present,0,512,26600,1920,1080,000002AB2830A6F0
1108,210301979540,6.750570100,4.719800,Present,0,512,26600,1920,1080,000002AB2830A6F0
1109,210302031711,6.755787200,5.217100,Present,0,512,26600,1920,1080,000002AB2830A6F0
1110,210302078030,6.760419100,4.631900,Present,0,512,26600,1920,1080,000002AB2830A6F0
1111,210302118138,6.764429900,4.010800,Present,0,512,26600,1920,1080,000002AB2830A6F0
1112,210302173398,6.769955900,5.526000,Present,0,512,26600,1920,1080,000002AB2830A6F0
1113,210302223748,6.774990900,5.035000,Present,0,512,26600,1920,1080,000002AB2830A6F0
1114,210302262333,6.778849400,3.858500,Present,0,512,26600,1920,1080,000002AB2830A6F0
1115,210302304500,6.783066100,4.216700,Present,0,512,26600,1920,1080,000002AB2830A6F0
1116,210302354757,6.788091800,5.025700,Present,0,512,26600,1920,1080,000002AB2830A6F0
1117,210302399975,6.792613600,4.521800,Present,0,512,26600,1920,1080,000002AB2830A6F0
1118,210302445472,6.797163300,4.549700,Present,0,512,26600,1920,1080,000002AB2830A6F0
1119,210302497029,6.802319000,5.155700,Present,0,512,26600,1920,1080,000002AB2830A6F0
1120,210302543821,6.806998200,4.679200,Present,0,512,26600,1920,1080,000002AB2830A6F0
1121,210302595196,6.812135700,5.137500,Present,0,512,26600,1920,1080,000002AB2830A6F0
1122,210302639153,6.816531400,4.395700,Present,0,512,26600,1920,1080,000002AB2830A6F0
1123,210302696055,6.822221600,5.690200,Present,0,512,26600,1920,1080,000002AB2830A6F0
1124,210302742320,6.826848100,4.626500,Present,0,512,26600,1920,1080,000002AB2830A6F0
1125,210302790712,6.831687300,4.839200,Present,0,512,26600,1920,1080,000002AB2830A6F0
1126,210302836860,6.836302100,4.614800,Present,0,512,26600,1920,1080,000002AB2830A6F0
1127,210302889565,6.841572600,5.270500,Present,0,512,26600,1920,1080,000002AB2830A6F0
1128,210302947313,6.847347400,5.774800,Present,0,512,26600,1920,1080,000002AB2830A6F0
1129,210302990247,6.851640800,4.293400,Present,0,512,26600,1920,1080,000002AB2830A6F0
1130,210303037035,6.856319600,4.678800,Present,0,512,26600,1920,1080,000002AB2830A6F0
1131,210303093159,6.861932000,5.612400,Present,0,512,26600,1920,1080,000002AB2830A6F0
1132,210303138196,6.866435700,4.503700,Present,0,512,26600,1920,1080,000002AB2830A6F0
1133,210303226955,6.875311600,8.875900,Present,0,512,26600,1920,1080,000002AB2830A6F0
1134,210303273393,6.879955400,4.643800,Present,0,512,26600,1920,1080,000002AB2830A6F0
1135,210303319185,6.884534600,4.579200,Present,0,512,26600,1920,1080,000002AB2830A6F0
1136,210303366324,6.889248500,4.713900,Present,0,512,26600,1920,1080,000002AB2830A6F0
1137,210303424688,6.895084900,5.836400,Present,0,512,26600,1920,1080,000002AB2830A6F0
1138,210303473755,6.899991600,4.906700,Present,0,512,26600,1920,1080,000002AB2830A6F0
1139,210303525494,6.905165500,5.173900,Present,0,512,26600,1920,1080,000002AB2830A6F0
1140,210303569892,6.909605300,4.439800,Present,0,512,26600,1920,1080,000002AB2830A6F0
1141,210303611926,6.913808700,4.203400,Present,0,512,26600,1920,1080,000002AB2830A6F0
1142,210303654603,6.918076400,4.267700,Present,0,512,26600,1920,1080,000002AB2830A6F0
1143,210303704186,6.923034700,4.958300,Present,0,512,26600,1920,1080,000002AB2830A6F0
1144,210303748785,6.927494600,4.459900,Present,0,512,26600,1920,1080,000002AB2830A6F0
1145,210303799988,6.932614900,5.120300,Present,0,512,26600,1920,1080,000002AB2830A6F0
1146,210303844542,6.937070300,4.455400,Present,0,512,26600,1920,1080,000002AB2830A6F0
1147,210303891146,6.941730700,4.660400,Present,0,512,26600,1920,1080,000002AB2830A6F0
1148,210303931634,6.945779500,4.048800,Present,0,512,26600,1920,1080,000002AB2830A6F0
1149,210303995079,6.952124000,6.344500,Present,0,512,26600,1920,1080,000002AB2830A6F0
1150,210304042103,6.956826400,4.702400,Present,0,512,26600,1920,1080,000002AB2830A6F0
1151,210304097865,6.962402600,5.576200,Present,0,512,26600,1920,1080,000002AB2830A6F0
1152,210304141683,6.966784400,4.381800,Present,0,512,26600,1920,1080,000002AB2830A6F0
1153,210304185863,6.971202400,4.418000,Present,0,512,26600,1920,1080,000002AB2830A6F0
1154,210304248291,6.977445200,6.242800,Present,0,512,26600,1920,1080,000002AB2830A6F0
1155,210304306902,6.983306300,5.861100,Present,0,512,26600,1920,1080,000002AB2830A6F0
1156,210304347746,6.987390700,4.084400,Present,0,512,26600,1920,1080,000002AB2830A6F0
1157,210304395972,6.992213300,4.822600,Present,0,512,26600,1920,1080,000002AB2830A6F0
1158,210304441613,6.996777400,4.564100,Present,0,512,26600,1920,1080,000002AB2830A6F0
1159,210304487777,7.001393800,4.616400,Present,0,512,26600,1920,1080,000002AB2830A6F0
1160,210304531458,7.005761900,4.368100,Present,0,512,26600,1920,1080,000002AB2830A6F0
1161,210304576575,7.010273600,4.511700,Present,0,512,26600,1920,1080,000002AB2830A6F0
1162,210304622133,7.014829400,4.555800,Present,0,512,26600,1920,1080,000002AB2830A6F0
1163,210304663957,7.019011800,4.182400,Present,0,512,26600,1920,1080,000002AB2830A6F0
1164,210304709523,7.023568400,4.556600,Present,0,512,26600,1920,1080,000002AB2830A6F0
1165,210304752116,7.027827700,4.259300,Present,0,512,26600,1920,1080,000002AB2830A6F0
1166,210304799651,7.032581200,4.753500,Present,0,512,26600,1920,1080,000002AB2830A6F0
1167,210304847123,7.037328400,4.747200,Present,0,512,26600,1920,1080,000002AB2830A6F0
1168,210304889202,7.041536300,4.207900,Present,0,512,26600,1920,1080,000002AB2830A6F0
1169,210304934786,7.046094700,4.558400,Present,0,512,26600,1920,1080,000002AB2830A6F0
1170,210304988006,7.051416700,5.322000,Present,0,512,26600,1920,1080,000002AB2830A6F0
1171,210305031207,7.055736800,4.320100,Present,0,512,26600,1920,1080,000002AB2830A6F0
1172,210305081075,7.060723600,4.986800,Present,0,512,26600,1920,1080,000002AB2830A6F0
1173,210305136280,7.066244100,5.520500,Present,0,512,26600,1920,1080,000002AB2830A6F0
1174,210305185064,7.071122500,4.878400,Present,0,512,26600,1920,1080,000002AB2830A6F0
1175,210305247341,7.077350200,6.227700,Present,0,512,26600,1920,1080,000002AB2830A6F0
1176,210305289221,7.081538200,4.188000,Present,0,512,26600,1920,1080,000002AB2830A6F0
1177,210305337370,7.086353100,4.814900,Present,0,512,26600,1920,1080,000002AB2830A6F0
1178,210305380045,7.090620600,4.267500,Present,0,512,26600,1920,1080,000002AB2830A6F0
1179,210305433890,7.096005100,5.384500,Present,0,512,26600,1920,1080,000002AB2830A6F0
1180,210305482621,7.100878200,4.873100,Present,0,512,26600,1920,1080,000002AB2830A6F0
1181,210305528897,7.105505800,4.627600,Present,0,512,26600,1920,1080,000002AB2830A6F0
1182,210305571339,7.109750000,4.244200,Present,0,512,26600,1920,1080,000002AB2830A6F0
1183,210305616082,7.114224300,4.474300,Present,0,512,26600,1920,1080,000002AB2830A6F0
1184,210305657721,7.118388200,4.163900,Present,0,512,26600,1920,1080,000002AB2830A6F0
1185,210305701432,7.122759300,4.371100,Present,0,512,26600,1920,1080,000002AB2830A6F0
1186,210305751305,7.127746600,4.987300,Present,0,512,26600,1920,1080,000002AB2830A6F0
1187,210305808593,7.133475400,5.728800,Present,0,512,26600,1920,1080,000002AB2830A6F0
1188,210305856364,7.138252500,4.777100,Present,0,512,26600,1920,1080,000002AB2830A6F0
1189,210305901553,7.142771400,4.518900,Present,0,512,26600,1920,1080,000002AB2830A6F0
1190,210305945364,7.147152500,4.381100,Present,0,512,26600,1920,1080,000002AB2830A6F0
1191,210305992069,7.151823000,4.670500,Present,0,512,26600,1920,1080,000002AB2830A6F0
1192,210306043798,7.156995900,5.172900,Present,0,512,26600,1920,1080,000002AB2830A6F0
1193,210306092931,7.161909200,4.913300,Present,0,512,26600,1920,1080,000002AB2830A6F0
1194,210306136733,7.166289400,4.380200,Present,0,512,26600,1920,1080,000002AB2830A6F0
1195,210306184076,7.171023700,4.734300,Present,0,512,26600,1920,1080,000002AB2830A6F0
1196,210306234386,7.176054700,5.031000,Present,0,512,26600,1920,1080,000002AB2830A6F0
1197,210306278783,7.180494400,4.439700,Present,0,512,26600,1920,1080,000002AB2830A6F0
1198,210306327908,7.185406900,4.912500,Present,0,512,26600,1920,1080,000002AB2830A6F0
1199,210306377380,7.190354100,4.947200,Present,0,512,26600,1920,1080,000002AB2830A6F0
1200,210306427183,7.195334400,4.980300,Present,0,512,26600,1920,1080,000002AB2830A6F0
1201,210306474205,7.200036600,4.702200,Present,0,512,26600,1920,1080,000002AB2830A6F0
1202,210306522745,7.204890600,4.854000,Present,0,512,26600,1920,1080,000002AB2830A6F0
1203,210306565676,7.209183700,4.293100,Present,0,512,26600,1920,1080,000002AB2830A6F0
1204,210306608287,7.213444800,4.261100,Present,0,512,26600,1920,1080,000002AB2830A6F0
1205,210306659295,7.218545600,5.100800,Present,0,512,26600,1920,1080,000002AB2830A6F0
1206,210306715163,7.224132400,5.586800,Present,0,512,26600,1920,1080,000002AB2830A6F0
1207,210306767559,7.229372000,5.239600,Present,0,512,26600,1920,1080,000002AB2830A6F0
1208,210306825960,7.235212100,5.840100,Present,0,512,26600,1920,1080,000002AB2830A6F0
1209,210306875043,7.240120400,4.908300,Present,0,512,26600,1920,1080,000002AB2830A6F0
1210,210306921134,7.244729500,4.609100,Present,0,512,26600,1920,1080,000002AB2830A6F0
1211,210306968770,7.249493100,4.763600,Present,0,512,26600,1920,1080,000002AB2830A6F0
1212,210307017020,7.254318100,4.825000,Present,0,512,26600,1920,1080,000002AB2830A6F0
1213,210307062438,7.258859900,4.541800,Present,0,512,26600,1920,1080,000002AB2830A6F0
1214,210307112185,7.263834600,4.974700,Present,0,512,26600,1920,1080,000002AB2830A6F0
1215,210307162674,7.268883500,5.048900,Present,0,512,26600,1920,1080,000002AB2830A6F0
1216,210307208347,7.273450800,4.567300,Present,0,512,26600,1920,1080,000002AB2830A6F0
1217,210307257998,7.278415900,4.965100,Present,0,512,26600,1920,1080,000002AB2830A6F0
1218,210307319675,7.284583600,6.167700,Present,0,512,26600,1920,1080,000002AB2830A6F0
1219,210307374746,7.290090700,5.507100,Present,0,512,26600,1920,1080,000002AB2830A6F0
1220,210307435713,7.296187400,6.096700,Present,0,512,26600,1920,1080,000002AB2830A6F0
1221,210307485420,7.301158100,4.970700,Present,0,512,26600,1920,1080,000002AB2830A6F0
1222,210307535502,7.306166300,5.008200,Present,0,512,26600,1920,1080,000002AB2830A6F0
1223,210307580352,7.310651300,4.485000,Present,0,512,26600,1920,1080,000002AB2830A6F0
1224,210307633100,7.315926100,5.274800,Present,0,512,26600,1920,1080,000002AB2830A6F0
1225,210307683139,7.320930000,5.003900,Present,0,512,26600,1920,1080,000002AB2830A6F0
1226,210307747036,7.327319700,6.389700,Present,0,512,26600,1920,1080,000002AB2830A6F0
1227,210307799528,7.332568900,5.249200,Present,0,512,26600,1920,1080,000002AB2830A6F0
1228,210307859597,7.338575800,6.006900,Present,0,512,26600,1920,1080,000002AB2830A6F0
1229,210307912030,7.343819100,5.243300,Present,0,512,26600,1920,1080,000002AB2830A6F0
1230,210307955514,7.348167500,4.348400,Present,0,512,26600,1920,1080,000002AB2830A6F0
1231,210308000237,7.352639800,4.472300,Present,0,512,26600,1920,1080,000002AB2830A6F0
1232,210308042141,7.356830200,4.190400,Present,0,512,26600,1920,1080,000002AB2830A6F0
1233,210308092324,7.361848500,5.018300,Present,0,512,26600,1920,1080,000002AB2830A6F0
1234,210308139043,7.366520400,4.671900,Present,0,512,26600,1920,1080,000002AB2830A6F0
1235,210308194614,7.372077500,5.557100,Present,0,512,26600,1920,1080,000002AB2830A6F0
1236,210308255419,7.378158000,6.080500,Present,0,512,26600,1920,1080,000002AB2830A6F0
1237,210308317187,7.384334800,6.176800,Present,0,512,26600,1920,1080,000002AB2830A6F0
1238,210308379084,7.390524500,6.189700,Present,0,512,26600,1920,1080,000002AB2830A6F0
1239,210308446672,7.397283300,6.758800,Present,0,512,26600,1920,1080,000002AB2830A6F0
1240,210308500507,7.402666800,5.383500,Present,0,512,26600,1920,1080,000002AB2830A6F0
1241,210308556073,7.408223400,5.556600,Present,0,512,26600,1920,1080,000002AB2830A6F0
1242,210308604755,7.413091600,4.868200,Present,0,512,26600,1920,1080,000002AB2830A6F0
1243,210308648852,7.417501300,4.409700,Present,0,512,26600,1920,1080,000002AB2830A6F0
1244,210308718633,7.424479400,6.978100,Present,0,512,26600,1920,1080,000002AB2830A6F0
1245,210308782155,7.430831600,6.352200,Present,0,512,26600,1920,1080,000002AB2830A6F0
1246,210308829960,7.435612100,4.780500,Present,0,512,26600,1920,1080,000002AB2830A6F0
1247,210308883433,7.440959400,5.347300,Present,0,512,26600,1920,1080,000002AB2830A6F0
1248,210308931132,7.445729300,4.769900,Present,0,512,26600,1920,1080,000002AB2830A6F0
1249,210308993859,7.452002000,6.272700,Present,0,512,26600,1920,1080,000002AB2830A6F0
1250,210309044900,7.457106100,5.104100,Present,0,512,26600,1920,1080,000002AB2830A6F0
1251,210309097386,7.462354700,5.248600,Present,0,512,26600,1920,1080,000002AB2830A6F0
1252,210309150935,7.467709600,5.354900,Present,0,512,26600,1920,1080,000002AB2830A6F0
1253,210309210498,7.473665900,5.956300,Present,0,512,26600,1920,1080,000002AB2830A6F0
1254,210309271393,7.479755400,6.089500,Present,0,512,26600,1920,1080,000002AB2830A6F0
1255,210309320449,7.484661000,4.905600,Present,0,512,26600,1920,1080,000002AB2830A6F0
1256,210309381164,7.490732500,6.071500,Present,0,512,26600,1920,1080,000002AB2830A6F0
1257,210309438513,7.496467400,5.734900,Present,0,512,26600,1920,1080,000002AB2830A6F0
1258,210309497880,7.502404100,5.936700,Present,0,512,26600,1920,1080,000002AB2830A6F0
1259,210309550573,7.507673400,5.269300,Present,0,512,26600,1920,1080,000002AB2830A6F0
1260,210309605100,7.513126100,5.452700,Present,0,512,26600,1920,1080,000002AB2830A6F0
1261,210309655001,7.518116200,4.990100,Present,0,512,26600,1920,1080,000002AB2830A6F0
1262,210309707411,7.523357200,5.241000,Present,0,512,26600,1920,1080,000002AB2830A6F0
1263,210309763944,7.529010500,5.653300,Present,0,512,26600,1920,1080,000002AB2830A6F0
1264,210309823900,7.535006100,5.995600,Present,0,512,26600,1920,1080,000002AB2830A6F0
1265,210309876472,7.540263300,5.257200,Present,0,512,26600,1920,1080,000002AB2830A6F0
1266,210309926532,7.545269300,5.006000,Present,0,512,26600,1920,1080,000002AB2830A6F0
1267,210309981896,7.550805700,5.536400,Present,0,512,26600,1920,1080,000002AB2830A6F0
1268,210310033452,7.555961300,5.155600,Present,0,512,26600,1920,1080,000002AB2830A6F0
1269,210310093234,7.561939500,5.978200,Present,0,512,26600,1920,1080,000002AB2830A6F0
1270,210310155064,7.568122500,6.183000,Present,0,512,26600,1920,1080,000002AB2830A6F0
1271,210310208094,7.573425500,5.303000,Present,0,512,26600,1920,1080,000002AB2830A6F0
1272,210310267979,7.579414000,5.988500,Present,0,512,26600,1920,1080,000002AB2830A6F0
1273,210310319976,7.584613700,5.199700,Present,0,512,26600,1920,1080,000002AB2830A6F0
1274,210310374275,7.590043600,5.429900,Present,0,512,26600,1920,1080,000002AB2830A6F0
1275,210310440778,7.596693900,6.650300,Present,0,512,26600,1920,1080,000002AB2830A6F0
1276,210310490879,7.601704000,5.010100,Present,0,512,26600,1920,1080,000002AB2830A6F0
1277,210310547666,7.607382700,5.678700,Present,0,512,26600,1920,1080,000002AB2830A6F0
1278,210310602894,7.612905500,5.522800,Present,0,512,26600,1920,1080,000002AB2830A6F0
1279,210310652771,7.617893200,4.987700,Present,0,512,26600,1920,1080,000002AB2830A6F0
1280,210310714207,7.624036800,6.143600,Present,0,512,26600,1920,1080,000002AB2830A6F0
1281,210310773682,7.629984300,5.947500,Present,0,512,26600,1920,1080,000002AB2830A6F0
1282,210310830420,7.635658100,5.673800,Present,0,512,26600,1920,1080,000002AB2830A6F0
1283,210310903488,7.642964900,7.306800,Present,0,512,26600,1920,1080,000002AB2830A6F0
1284,210310961431,7.648759200,5.794300,Present,0,512,26600,1920,1080,000002AB2830A6F0
1285,210311022726,7.654888700,6.129500,Present,0,512,26600,1920,1080,000002AB2830A6F0
1286,210311088068,7.661422900,6.534200,Present,0,512,26600,1920,1080,000002AB2830A6F0
1287,210311157417,7.668357800,6.934900,Present,0,512,26600,1920,1080,000002AB2830A6F0
1288,210311232574,7.675873500,7.515700,Present,0,512,26600,1920,1080,000002AB2830A6F0
1289,210311300507,7.682666800,6.793300,Present,0,512,26600,1920,1080,000002AB2830A6F0
1290,210311373119,7.689928000,7.261200,Present,0,512,26600,1920,1080,000002AB2830A6F0
1291,210311444669,7.697083000,7.155000,Present,0,512,26600,1920,1080,000002AB2830A6F0
1292,210311640241,7.716640200,19.557200,Present,0,512,26600,1920,1080,000002AB2830A6F0
1293,210311716359,7.724252000,7.611800,Present,0,512,26600,1920,1080,000002AB2830A6F0
1294,210311826641,7.735280200,11.028200,Present,0,512,26600,1920,1080,000002AB2830A6F0
1295,210312428270,7.795443100,60.162900,Present,0,512,26600,1920,1080,000002AB2830A6F0
1296,210312489297,7.801545800,6.102700,Present,0,512,26600,1920,1080,000002AB2830A6F0
1297,210312564362,7.809052300,7.506500,Present,0,512,26600,1920,1080,000002AB2830A6F0
1298,210312641105,7.816726600,7.674300,Present,0,512,26600,1920,1080,000002AB2830A6F0
1299,210312720406,7.824656700,7.930100,Present,0,512,26600,1920,1080,000002AB2830A6F0
1300,210312800125,7.832628600,7.971900,Present,0,512,26600,1920,1080,000002AB2830A6F0
1301,210312878181,7.840434200,7.805600,Present,0,512,26600,1920,1080,000002AB2830A6F0
1302,210312958741,7.848490200,8.056000,Present,0,512,26600,1920,1080,000002AB2830A6F0
1303,210313046300,7.857246100,8.755900,Present,0,512,26600,1920,1080,000002AB2830A6F0
1304,210313117475,7.864363600,7.117500,Present,0,512,26600,1920,1080,000002AB2830A6F0
1305,210313187120,7.871328100,6.964500,Present,0,512,26600,1920,1080,000002AB2830A6F0
1306,210313258275,7.878443600,7.115500,Present,0,512,26600,1920,1080,000002AB2830A6F0
1307,210313335705,7.886186600,7.743000,Present,0,512,26600,1920,1080,000002AB2830A6F0
1308,210313401017,7.892717800,6.531200,Present,0,512,26600,1920,1080,000002AB2830A6F0
1309,210313464588,7.899074900,6.357100,Present,0,512,26600,1920,1080,000002AB2830A6F0
1310,210313527282,7.905344300,6.269400,Present,0,512,26600,1920,1080,000002AB2830A6F0
1311,210313582042,7.910820300,5.476000,Present,0,512,26600,1920,1080,000002AB2830A6F0
1312,210313638570,7.916473100,5.652800,Present,0,512,26600,1920,1080,000002AB2830A6F0
1313,210313712798,7.923895900,7.422800,Present,0,512,26600,1920,1080,000002AB2830A6F0
1314,210313767893,7.929405400,5.509500,Present,0,512,26600,1920,1080,000002AB2830A6F0
1315,210313825764,7.935192500,5.787100,Present,0,512,26600,1920,1080,000002AB2830A6F0
1316,210313884049,7.941021000,5.828500,Present,0,512,26600,1920,1080,000002AB2830A6F0
1317,210313992867,7.951902800,10.881800,Present,0,512,26600,1920,1080,000002AB2830A6F0
1318,210314046220,7.957238100,5.335300,Present,0,512,26600,1920,1080,000002AB2830A6F0
1319,210314105221,7.963138200,5.900100,Present,0,512,26600,1920,1080,000002AB2830A6F0
1320,210314163688,7.968984900,5.846700,Present,0,512,26600,1920,1080,000002AB2830A6F0
1321,210314218477,7.974463800,5.478900,Present,0,512,26600,1920,1080,000002AB2830A6F0
1322,210314275798,7.980195900,5.732100,Present,0,512,26600,1920,1080,000002AB2830A6F0
1323,210314338107,7.986426800,6.230900,Present,0,512,26600,1920,1080,000002AB2830A6F0
1324,210314398163,7.992432400,6.005600,Present,0,512,26600,1920,1080,000002AB2830A6F0
1325,210314462325,7.998848600,6.416200,Present,0,512,26600,1920,1080,000002AB2830A6F0
1326,210314518296,8.004445700,5.597100,Present,0,512,26600,1920,1080,000002AB2830A6F0
1327,210314572774,8.009893500,5.447800,Present,0,512,26600,1920,1080,000002AB2830A6F0
1328,210314632500,8.015866100,5.972600,Present,0,512,26600,1920,1080,000002AB2830A6F0
1329,210314689117,8.021527800,5.661700,Present,0,512,26600,1920,1080,000002AB2830A6F0
1330,210314749328,8.027548900,6.021100,Present,0,512,26600,1920,1080,000002AB2830A6F0
1331,210314808807,8.033496800,5.947900,Present,0,512,26600,1920,1080,000002AB2830A6F0
1332,210314860575,8.038673600,5.176800,Present,0,512,26600,1920,1080,000002AB2830A6F0
1333,210314913712,8.043987300,5.313700,Present,0,512,26600,1920,1080,000002AB2830A6F0
1334,210314967130,8.049329100,5.341800,Present,0,512,26600,1920,1080,000002AB2830A6F0
1335,210315015975,8.054213600,4.884500,Present,0,512,26600,1920,1080,000002AB2830A6F0
1336,210315067896,8.059405700,5.192100,Present,0,512,26600,1920,1080,000002AB2830A6F0
1337,210315120286,8.064644700,5.239000,Present,0,512,26600,1920,1080,000002AB2830A6F0
1338,210315180178,8.070633900,5.989200,Present,0,512,26600,1920,1080,000002AB2830A6F0
1339,210315359216,8.088537700,17.903800,Present,0,512,26600,1920,1080,000002AB2830A6F0
1340,210315433819,8.095998000,7.460300,Present,0,512,26600,1920,1080,000002AB2830A6F0
1341,210315515034,8.104119500,8.121500,Present,0,512,26600,1920,1080,000002AB2830A6F0
1342,210315965534,8.149169500,45.050000,Present,0,512,26600,1920,1080,000002AB2830A6F0
1343,210316031189,8.155735000,6.565500,Present,0,512,26600,1920,1080,000002AB2830A6F0
1344,210317028476,8.255463700,99.728700,Present,0,512,26600,1920,1080,000002AB2830A6F0
1345,210317180151,8.270631200,15.167500,Present,0,512,26600,1920,1080,000002AB2830A6F0
1346,210317467496,8.299365700,28.734500,Present,0,512,26600,1920,1080,000002AB2830A6F0
1347,210318541928,8.406808900,107.443200,Present,0,512,26600,1920,1080,000002AB2830A6F0
1348,210318792470,8.431863100,25.054200,Present,0,512,26600,1920,1080,000002AB2830A6F0
1349,210319284494,8.481065500,49.202400,Present,0,512,26600,1920,1080,000002AB2830A6F0
1350,210319356573,8.488273400,7.207900,Present,0,512,26600,1920,1080,000002AB2830A6F0
1351,210319465964,8.499212500,10.939100,Present,0,512,26600,1920,1080,000002AB2830A6F0
1352,210319527917,8.505407800,6.195300,Present,0,512,26600,1920,1080,000002AB2830A6F0
1353,210319592344,8.511850500,6.442700,Present,0,512,26600,1920,1080,000002AB2830A6F0
1354,210319653979,8.518014000,6.163500,Present,0,512,26600,1920,1080,000002AB2830A6F0
1355,210319718531,8.524469200,6.455200,Present,0,512,26600,1920,1080,000002AB2830A6F0
1356,210319785681,8.531184200,6.715000,Present,0,512,26600,1920,1080,000002AB2830A6F0
1357,210319845156,8.537131700,5.947500,Present,0,512,26600,1920,1080,000002AB2830A6F0
1358,210319913363,8.543952400,6.820700,Present,0,512,26600,1920,1080,000002AB2830A6F0
1359,210319977538,8.550369900,6.417500,Present,0,512,26600,1920,1080,000002AB2830A6F0
1360,210320044310,8.557047100,6.677200,Present,0,512,26600,1920,1080,000002AB2830A6F0
1361,210320119779,8.564594000,7.546900,Present,0,512,26600,1920,1080,000002AB2830A6F0
1362,210320192759,8.571892000,7.298000,Present,0,512,26600,1920,1080,000002AB2830A6F0
1363,210320284631,8.581079200,9.187200,Present,0,512,26600,1920,1080,000002AB2830A6F0
1364,210320360957,8.588711800,7.632600,Present,0,512,26600,1920,1080,000002AB2830A6F0
1365,210320430859,8.595702000,6.990200,Present,0,512,26600,1920,1080,000002AB2830A6F0
1366,210320512208,8.603836900,8.134900,Present,0,512,26600,1920,1080,000002AB2830A6F0
1367,210320588286,8.611444700,7.607800,Present,0,512,26600,1920,1080,000002AB2830A6F0
1368,210320698610,8.622477100,11.032400,Present,0,512,26600,1920,1080,000002AB2830A6F0
1369,210320861781,8.638794200,16.317100,Present,0,512,26600,1920,1080,000002AB2830A6F0
1370,210320953662,8.647982300,9.188100,Present,0,512,26600,1920,1080,000002AB2830A6F0
1371,210321065389,8.659155000,11.172700,Present,0,512,26600,1920,1080,000002AB2830A6F0
1372,210321133508,8.665966900,6.811900,Present,0,512,26600,1920,1080,000002AB2830A6F0
1373,210321204684,8.673084500,7.117600,Present,0,512,26600,1920,1080,000002AB2830A6F0
1374,210321274564,8.680072500,6.988000,Present,0,512,26600,1920,1080,000002AB2830A6F0
1375,210321333995,8.686015600,5.943100,Present,0,512,26600,1920,1080,000002AB2830A6F0
1376,210321403477,8.692963800,6.948200,Present,0,512,26600,1920,1080,000002AB2830A6F0
1377,210321553231,8.707939200,14.975400,Present,0,512,26600,1920,1080,000002AB2830A6F0
1378,210321677097,8.720325800,12.386600,Present,0,512,26600,1920,1080,000002AB2830A6F0
1379,210321762920,8.728908100,8.582300,Present,0,512,26600,1920,1080,000002AB2830A6F0
1380,210321826900,8.735306100,6.398000,Present,0,512,26600,1920,1080,000002AB2830A6F0
1381,210321889741,8.741590200,6.284100,Present,0,512,26600,1920,1080,000002AB2830A6F0
1382,210321961232,8.748739300,7.149100,Present,0,512,26600,1920,1080,000002AB2830A6F0
1383,210322042082,8.756824300,8.085000,Present,0,512,26600,1920,1080,000002AB2830A6F0
1384,210322120067,8.764622800,7.798500,Present,0,512,26600,1920,1080,000002AB2830A6F0
1385,210322224202,8.775036300,10.413500,Present,0,512,26600,1920,1080,000002AB2830A6F0
1386,210322294070,8.782023100,6.986800,Present,0,512,26600,1920,1080,000002AB2830A6F0
1387,210322370751,8.789691200,7.668100,Present,0,512,26600,1920,1080,000002AB2830A6F0
1388,210322463106,8.798926700,9.235500,Present,0,512,26600,1920,1080,000002AB2830A6F0
1389,210322534315,8.806047600,7.120900,Present,0,512,26600,1920,1080,000002AB2830A6F0
1390,210322628936,8.815509700,9.462100,Present,0,512,26600,1920,1080,000002AB2830A6F0
1391,210322711194,8.823735500,8.225800,Present,0,512,26600,1920,1080,000002AB2830A6F0
1392,210322791578,8.831773900,8.038400,Present,0,512,26600,1920,1080,000002AB2830A6F0
1393,210322867190,8.839335100,7.561200,Present,0,512,26600,1920,1080,000002AB2830A6F0
1394,210322929030,8.845519100,6.184000,Present,0,512,26600,1920,1080,000002AB2830A6F0
1395,210322991541,8.851770200,6.251100,Present,0,512,26600,1920,1080,000002AB2830A6F0
1396,210323052162,8.857832300,6.062100,Present,0,512,26600,1920,1080,000002AB2830A6F0
1397,210323131544,8.865770500,7.938200,Present,0,512,26600,1920,1080,000002AB2830A6F0
1398,210323196825,8.872298600,6.528100,Present,0,512,26600,1920,1080,000002AB2830A6F0
1399,210323262131,8.878829200,6.530600,Present,0,512,26600,1920,1080,000002AB2830A6F0
1400,210323338851,8.886501200,7.672000,Present,0,512,26600,1920,1080,000002AB2830A6F0
1401,210323421242,8.894740300,8.239100,Present,0,512,26600,1920,1080,000002AB2830A6F0
1402,210323501102,8.902726300,7.986000,Present,0,512,26600,1920,1080,000002AB2830A6F0
1403,210323592118,8.911827900,9.101600,Present,0,512,26600,1920,1080,000002AB2830A6F0
1404,210323681415,8.920757600,8.929700,Present,0,512,26600,1920,1080,000002AB2830A6F0
1405,210323761378,8.928753900,7.996300,Present,0,512,26600,1920,1080,000002AB2830A6F0
1406,210323834475,8.936063600,7.309700,Present,0,512,26600,1920,1080,000002AB2830A6F0
1407,210323911401,8.943756200,7.692600,Present,0,512,26600,1920,1080,000002AB2830A6F0
1408,210323987115,8.951327600,7.571400,Present,0,512,26600,1920,1080,000002AB2830A6F0
1409,210324050232,8.957639300,6.311700,Present,0,512,26600,1920,1080,000002AB2830A6F0
1410,210324128280,8.965444100,7.804800,Present,0,512,26600,1920,1080,000002AB2830A6F0
1411,210324216744,8.974290500,8.846400,Present,0,512,26600,1920,1080,000002AB2830A6F0
1412,210324299888,8.982604900,8.314400,Present,0,512,26600,1920,1080,000002AB2830A6F0
1413,210324376057,8.990221800,7.616900,Present,0,512,26600,1920,1080,000002AB2830A6F0
1414,210324444590,8.997075100,6.853300,Present,0,512,26600,1920,1080,000002AB2830A6F0
1415,210324517667,9.004382800,7.307700,Present,0,512,26600,1920,1080,000002AB2830A6F0
1416,210324587669,9.011383000,7.000200,Present,0,512,26600,1920,1080,000002AB2830A6F0
1417,210324656810,9.018297100,6.914100,Present,0,512,26600,1920,1080,000002AB2830A6F0
1418,210324739345,9.026550600,8.253500,Present,0,512,26600,1920,1080,000002AB2830A6F0
1419,210324813556,9.033971700,7.421100,Present,0,512,26600,1920,1080,000002AB2830A6F0
1420,210324905811,9.043197200,9.225500,Present,0,512,26600,1920,1080,000002AB2830A6F0
1421,210324991247,9.051740800,8.543600,Present,0,512,26600,1920,1080,000002AB2830A6F0
1422,210325060238,9.058639900,6.899100,Present,0,512,26600,1920,1080,000002AB2830A6F0
1423,210325130514,9.065667500,7.027600,Present,0,512,26600,1920,1080,000002AB2830A6F0
1424,210325197560,9.072372100,6.704600,Present,0,512,26600,1920,1080,000002AB2830A6F0
1425,210325279324,9.080548500,8.176400,Present,0,512,26600,1920,1080,000002AB2830A6F0
1426,210325347269,9.087343000,6.794500,Present,0,512,26600,1920,1080,000002AB2830A6F0
1427,210325412531,9.093869200,6.526200,Present,0,512,26600,1920,1080,000002AB2830A6F0
1428,210325500724,9.102688500,8.819300,Present,0,512,26600,1920,1080,000002AB2830A6F0
1429,210325585668,9.111182900,8.494400,Present,0,512,26600,1920,1080,000002AB2830A6F0
1430,210325651061,9.117722200,6.539300,Present,0,512,26600,1920,1080,000002AB2830A6F0
1431,210325714463,9.124062400,6.340200,Present,0,512,26600,1920,1080,000002AB2830A6F0
1432,210325783182,9.130934300,6.871900,Present,0,512,26600,1920,1080,000002AB2830A6F0
1433,210325846806,9.137296700,6.362400,Present,0,512,26600,1920,1080,000002AB2830A6F0
1434,210325911162,9.143732300,6.435600,Present,0,512,26600,1920,1080,000002AB2830A6F0
1435,210325978205,9.150436600,6.704300,Present,0,512,26600,1920,1080,000002AB2830A6F0
1436,210326048435,9.157459600,7.023000,Present,0,512,26600,1920,1080,000002AB2830A6F0
1437,210326112613,9.163877400,6.417800,Present,0,512,26600,1920,1080,000002AB2830A6F0
1438,210326176378,9.170253900,6.376500,Present,0,512,26600,1920,1080,000002AB2830A6F0
1439,210326251438,9.177759900,7.506000,Present,0,512,26600,1920,1080,000002AB2830A6F0
1440,210326314644,9.184080500,6.320600,Present,0,512,26600,1920,1080,000002AB2830A6F0
1441,210326391729,9.191789000,7.708500,Present,0,512,26600,1920,1080,000002AB2830A6F0
1442,210326459585,9.198574600,6.785600,Present,0,512,26600,1920,1080,000002AB2830A6F0
1443,210326534625,9.206078600,7.504000,Present,0,512,26600,1920,1080,000002AB2830A6F0
1444,210326621561,9.214772200,8.693600,Present,0,512,26600,1920,1080,000002AB2830A6F0
1445,210326695652,9.222181300,7.409100,Present,0,512,26600,1920,1080,000002AB2830A6F0
1446,210326766730,9.229289100,7.107800,Present,0,512,26600,1920,1080,000002AB2830A6F0
1447,210326835030,9.236119100,6.830000,Present,0,512,26600,1920,1080,000002AB2830A6F0
1448,210326906698,9.243285900,7.166800,Present,0,512,26600,1920,1080,000002AB2830A6F0
1449,210326974016,9.250017700,6.731800,Present,0,512,26600,1920,1080,000002AB2830A6F0
1450,210327039848,9.256600900,6.583200,Present,0,512,26600,1920,1080,000002AB2830A6F0
1451,210327103745,9.262990600,6.389700,Present,0,512,26600,1920,1080,000002AB2830A6F0
1452,210327167041,9.269320200,6.329600,Present,0,512,26600,1920,1080,000002AB2830A6F0
1453,210327257409,9.278357000,9.036800,Present,0,512,26600,1920,1080,000002AB2830A6F0
1454,210327325063,9.285122400,6.765400,Present,0,512,26600,1920,1080,000002AB2830A6F0
1455,210327402142,9.292830300,7.707900,Present,0,512,26600,1920,1080,000002AB2830A6F0
1456,210327504127,9.303028800,10.198500,Present,0,512,26600,1920,1080,000002AB2830A6F0
1457,210327572648,9.309880900,6.852100,Present,0,512,26600,1920,1080,000002AB2830A6F0
1458,210327652935,9.317909600,8.028700,Present,0,512,26600,1920,1080,000002AB2830A6F0
1459,210327723918,9.325007900,7.098300,Present,0,512,26600,1920,1080,000002AB2830A6F0
1460,210327834178,9.336033900,11.026000,Present,0,512,26600,1920,1080,000002AB2830A6F0
1461,210327911466,9.343762700,7.728800,Present,0,512,26600,1920,1080,000002AB2830A6F0
1462,210327997678,9.352383900,8.621200,Present,0,512,26600,1920,1080,000002AB2830A6F0
1463,210328074806,9.360096700,7.712800,Present,0,512,26600,1920,1080,000002AB2830A6F0
1464,210328162087,9.368824800,8.728100,Present,0,512,26600,1920,1080,000002AB2830A6F0
1465,210328229973,9.375613400,6.788600,Present,0,512,26600,1920,1080,000002AB2830A6F0
1466,210328303564,9.382972500,7.359100,Present,0,512,26600,1920,1080,000002AB2830A6F0
1467,210328374952,9.390111300,7.138800,Present,0,512,26600,1920,1080,000002AB2830A6F0
1468,210328450854,9.397701500,7.590200,Present,0,512,26600,1920,1080,000002AB2830A6F0
1469,210328528676,9.405483700,7.782200,Present,0,512,26600,1920,1080,000002AB2830A6F0
1470,210328602687,9.412884800,7.401100,Present,0,512,26600,1920,1080,000002AB2830A6F0
1471,210328671947,9.419810800,6.926000,Present,0,512,26600,1920,1080,000002AB2830A6F0
1472,210328735400,9.426156100,6.345300,Present,0,512,26600,1920,1080,000002AB2830A6F0
1473,210328816005,9.434216600,8.060500,Present,0,512,26600,1920,1080,000002AB2830A6F0
1474,210328882744,9.440890500,6.673900,Present,0,512,26600,1920,1080,000002AB2830A6F0
1475,210328955702,9.448186300,7.295800,Present,0,512,26600,1920,1080,000002AB2830A6F0
1476,210329029957,9.455611800,7.425500,Present,0,512,26600,1920,1080,000002AB2830A6F0
1477,210329096935,9.462309600,6.697800,Present,0,512,26600,1920,1080,000002AB2830A6F0
1478,210329174846,9.470100700,7.791100,Present,0,512,26600,1920,1080,000002AB2830A6F0
1479,210329248810,9.477497100,7.396400,Present,0,512,26600,1920,1080,000002AB2830A6F0
1480,210329332787,9.485894800,8.397700,Present,0,512,26600,1920,1080,000002AB2830A6F0
1481,210329420483,9.494664400,8.769600,Present,0,512,26600,1920,1080,000002AB2830A6F0
1482,210329488225,9.501438600,6.774200,Present,0,512,26600,1920,1080,000002AB2830A6F0
1483,210329564345,9.509050600,7.612000,Present,0,512,26600,1920,1080,000002AB2830A6F0
1484,210329631939,9.515810000,6.759400,Present,0,512,26600,1920,1080,000002AB2830A6F0
1485,210329693450,9.521961100,6.151100,Present,0,512,26600,1920,1080,000002AB2830A6F0
1486,210329760186,9.528634700,6.673600,Present,0,512,26600,1920,1080,000002AB2830A6F0
1487,210329825069,9.535123000,6.488300,Present,0,512,26600,1920,1080,000002AB2830A6F0
1488,210329899169,9.542533000,7.410000,Present,0,512,26600,1920,1080,000002AB2830A6F0
1489,210329967883,9.549404400,6.871400,Present,0,512,26600,1920,1080,000002AB2830A6F0
1490,210330034468,9.556062900,6.658500,Present,0,512,26600,1920,1080,000002AB2830A6F0
1491,210330096550,9.562271100,6.208200,Present,0,512,26600,1920,1080,000002AB2830A6F0
1492,210330170843,9.569700400,7.429300,Present,0,512,26600,1920,1080,000002AB2830A6F0
1493,210330236601,9.576276200,6.575800,Present,0,512,26600,1920,1080,000002AB2830A6F0
1494,210330309558,9.583571900,7.295700,Present,0,512,26600,1920,1080,000002AB2830A6F0
1495,210330381396,9.590755700,7.183800,Present,0,512,26600,1920,1080,000002AB2830A6F0
1496,210330440530,9.596669100,5.913400,Present,0,512,26600,1920,1080,000002AB2830A6F0
1497,210330508564,9.603472500,6.803400,Present,0,512,26600,1920,1080,000002AB2830A6F0
1498,210330572385,9.609854600,6.382100,Present,0,512,26600,1920,1080,000002AB2830A6F0
1499,210330635898,9.616205900,6.351300,Present,0,512,26600,1920,1080,000002AB2830A6F0
1500,210330700972,9.622713300,6.507400,Present,0,512,26600,1920,1080,000002AB2830A6F0
1501,210330766086,9.629224700,6.511400,Present,0,512,26600,1920,1080,000002AB2830A6F0
1502,210330830711,9.635687200,6.462500,Present,0,512,26600,1920,1080,000002AB2830A6F0
1503,210330901695,9.642785600,7.098400,Present,0,512,26600,1920,1080,000002AB2830A6F0
1504,210330973387,9.649954800,7.169200,Present,0,512,26600,1920,1080,000002AB2830A6F0
1505,210331046407,9.657256800,7.302000,Present,0,512,26600,1920,1080,000002AB2830A6F0
1506,210331119748,9.664590900,7.334100,Present,0,512,26600,1920,1080,000002AB2830A6F0
1507,210331182942,9.670910300,6.319400,Present,0,512,26600,1920,1080,000002AB2830A6F0
1508,210331262454,9.678861500,7.951200,Present,0,512,26600,1920,1080,000002AB2830A6F0
1509,210331328262,9.685442300,6.580800,Present,0,512,26600,1920,1080,000002AB2830A6F0
1510,210331389282,9.691544300,6.102000,Present,0,512,26600,1920,1080,000002AB2830A6F0
1511,210331456807,9.698296800,6.752500,Present,0,512,26600,1920,1080,000002AB2830A6F0
1512,210331521439,9.704760000,6.463200,Present,0,512,26600,1920,1080,000002AB2830A6F0
1513,210331597571,9.712373200,7.613200,Present,0,512,26600,1920,1080,000002AB2830A6F0
1514,210331664891,9.719105200,6.732000,Present,0,512,26600,1920,1080,000002AB2830A6F0
1515,210331735384,9.726154500,7.049300,Present,0,512,26600,1920,1080,000002AB2830A6F0
1516,210331806628,9.733278900,7.124400,Present,0,512,26600,1920,1080,000002AB2830A6F0
1517,210331876052,9.740221300,6.942400,Present,0,512,26600,1920,1080,000002AB2830A6F0
1518,210331943849,9.747001000,6.779700,Present,0,512,26600,1920,1080,000002AB2830A6F0
1519,210332012783,9.753894400,6.893400,Present,0,512,26600,1920,1080,000002AB2830A6F0
1520,210332224874,9.775103500,21.209100,Present,0,512,26600,1920,1080,000002AB2830A6F0
1521,210332292413,9.781857400,6.753900,Present,0,512,26600,1920,1080,000002AB2830A6F0
1522,210332385979,9.791214000,9.356600,Present,0,512,26600,1920,1080,000002AB2830A6F0
1523,210332629533,9.815569400,24.355400,Present,0,512,26600,1920,1080,000002AB2830A6F0
1524,210332718169,9.824433000,8.863600,Present,0,512,26600,1920,1080,000002AB2830A6F0
1525,210332894325,9.842048600,17.615600,Present,0,512,26600,1920,1080,000002AB2830A6F0
1526,210333023991,9.855015200,12.966600,Present,0,512,26600,1920,1080,000002AB2830A6F0
1527,210333111821,9.863798200,8.783000,Present,0,512,26600,1920,1080,000002AB2830A6F0
1528,210333179425,9.870558600,6.760400,Present,0,512,26600,1920,1080,000002AB2830A6F0
1529,210333575538,9.910169900,39.611300,Present,0,512,26600,1920,1080,000002AB2830A6F0
1530,210333939679,9.946584000,36.414100,Present,0,512,26600,1920,1080,000002AB2830A6F0
1531,210334056454,9.958261500,11.677500,Present,0,512,26600,1920,1080,000002AB2830A6F0
1532,210334146869,9.967303000,9.041500,Present,0,512,26600,1920,1080,000002AB2830A6F0
1533,210334239179,9.976534000,9.231000,Present,0,512,26600,1920,1080,000002AB2830A6F0
1534,210334325336,9.985149700,8.615700,Present,0,512,26600,1920,1080,000002AB2830A6F0
1535,210334444685,9.997084600,11.934900,Present,0,512,26600,1920,1080,000002AB2830A6F0
1536,210334554158,10.008031900,10.947300,Present,0,512,26600,1920,1080,000002AB2830A6F0
1537,210334638476,10.016463700,8.431800,Present,0,512,26600,1920,1080,000002AB2830A6F0
1538,210334727661,10.025382200,8.918500,Present,0,512,26600,1920,1080,000002AB2830A6F0
1539,210334829221,10.035538200,10.156000,Present,0,512,26600,1920,1080,000002AB2830A6F0
1540,210334919246,10.044540700,9.002500,Present,0,512,26600,1920,1080,000002AB2830A6F0
1541,210335015672,10.054183300,9.642600,Present,0,512,26600,1920,1080,000002AB2830A6F0
1542,210335108308,10.063446900,9.263600,Present,0,512,26600,1920,1080,000002AB2830A6F0
1543,210335215727,10.074188800,10.741900,Present,0,512,26600,1920,1080,000002AB2830A6F0
1544,210335291863,10.081802400,7.613600,Present,0,512,26600,1920,1080,000002AB2830A6F0
1545,210335385930,10.091209100,9.406700,Present,0,512,26600,1920,1080,000002AB2830A6F0
1546,210335484122,10.101028300,9.819200,Present,0,512,26600,1920,1080,000002AB2830A6F0
1547,210335583119,10.110928000,9.899700,Present,0,512,26600,1920,1080,000002AB2830A6F0
1548,210335673678,10.119983900,9.055900,Present,0,512,26600,1920,1080,000002AB2830A6F0
1549,210335742430,10.126859100,6.875200,Present,0,512,26600,1920,1080,000002AB2830A6F0
1550,210335804322,10.133048300,6.189200,Present,0,512,26600,1920,1080,000002AB2830A6F0
1551,210335871081,10.139724200,6.675900,Present,0,512,26600,1920,1080,000002AB2830A6F0
1552,210335949329,10.147549000,7.824800,Present,0,512,26600,1920,1080,000002AB2830A6F0
1553,210336009757,10.153591800,6.042800,Present,0,512,26600,1920,1080,000002AB2830A6F0
1554,210336073243,10.159940400,6.348600,Present,0,512,26600,1920,1080,000002AB2830A6F0
1555,210336142117,10.166827800,6.887400,Present,0,512,26600,1920,1080,000002AB2830A6F0
1556,210336213238,10.173939900,7.112100,Present,0,512,26600,1920,1080,000002AB2830A6F0
1557,210336287240,10.181340100,7.400200,Present,0,512,26600,1920,1080,000002AB2830A6F0
1558,210336364066,10.189022700,7.682600,Present,0,512,26600,1920,1080,000002AB2830A6F0
1559,210336440362,10.196652300,7.629600,Present,0,512,26600,1920,1080,000002AB2830A6F0
1560,210336519976,10.204613700,7.961400,Present,0,512,26600,1920,1080,000002AB2830A6F0
1561,210336606636,10.213279700,8.666000,Present,0,512,26600,1920,1080,000002AB2830A6F0
1562,210336699600,10.222576100,9.296400,Present,0,512,26600,1920,1080,000002AB2830A6F0
1563,210336767988,10.229414900,6.838800,Present,0,512,26600,1920,1080,000002AB2830A6F0
1564,210336842876,10.236903700,7.488800,Present,0,512,26600,1920,1080,000002AB2830A6F0
1565,210337034444,10.256060500,19.156800,Present,0,512,26600,1920,1080,000002AB2830A6F0
1566,210337105281,10.263144200,7.083700,Present,0,512,26600,1920,1080,000002AB2830A6F0
1567,210337265049,10.279121000,15.976800,Present,0,512,26600,1920,1080,000002AB2830A6F0
1568,210337725704,10.325186500,46.065500,Present,0,512,26600,1920,1080,000002AB2830A6F0
1569,210337798981,10.332514200,7.327700,Present,0,512,26600,1920,1080,000002AB2830A6F0
1570,210337882677,10.340883800,8.369600,Present,0,512,26600,1920,1080,000002AB2830A6F0
1571,210337951384,10.347754500,6.870700,Present,0,512,26600,1920,1080,000002AB2830A6F0
1572,210338020039,10.354620000,6.865500,Present,0,512,26600,1920,1080,000002AB2830A6F0
1573,210338110936,10.363709700,9.089700,Present,0,512,26600,1920,1080,000002AB2830A6F0
1574,210338172196,10.369835700,6.126000,Present,0,512,26600,1920,1080,000002AB2830A6F0
1575,210338254483,10.378064400,8.228700,Present,0,512,26600,1920,1080,000002AB2830A6F0
1576,210338327367,10.385352800,7.288400,Present,0,512,26600,1920,1080,000002AB2830A6F0
1577,210338405852,10.393201300,7.848500,Present,0,512,26600,1920,1080,000002AB2830A6F0
1578,210338472330,10.399849100,6.647800,Present,0,512,26600,1920,1080,000002AB2830A6F0
1579,210338547383,10.407354400,7.505300,Present,0,512,26600,1920,1080,000002AB2830A6F0
1580,210338639647,10.416580800,9.226400,Present,0,512,26600,1920,1080,000002AB2830A6F0
1581,210338714667,10.424082800,7.502000,Present,0,512,26600,1920,1080,000002AB2830A6F0
1582,210338775352,10.430151300,6.068500,Present,0,512,26600,1920,1080,000002AB2830A6F0
1583,210338868581,10.439474200,9.322900,Present,0,512,26600,1920,1080,000002AB2830A6F0
1584,210338939068,10.446522900,7.048700,Present,0,512,26600,1920,1080,000002AB2830A6F0
1585,210339012510,10.453867100,7.344200,Present,0,512,26600,1920,1080,000002AB2830A6F0
1586,210339083913,10.461007400,7.140300,Present,0,512,26600,1920,1080,000002AB2830A6F0
1587,210339147834,10.467399500,6.392100,Present,0,512,26600,1920,1080,000002AB2830A6F0
1588,210339221414,10.474757500,7.358000,Present,0,512,26600,1920,1080,000002AB2830A6F0
1589,210339287983,10.481414400,6.656900,Present,0,512,26600,1920,1080,000002AB2830A6F0
1590,210339369932,10.489609300,8.194900,Present,0,512,26600,1920,1080,000002AB2830A6F0
1591,210339435707,10.496186800,6.577500,Present,0,512,26600,1920,1080,000002AB2830A6F0
1592,210339516100,10.504226100,8.039300,Present,0,512,26600,1920,1080,000002AB2830A6F0
1593,210339594277,10.512043800,7.817700,Present,0,512,26600,1920,1080,000002AB2830A6F0
1594,210339661729,10.518789000,6.745200,Present,0,512,26600,1920,1080,000002AB2830A6F0
1595,210339727727,10.525388800,6.599800,Present,0,512,26600,1920,1080,000002AB2830A6F0
1596,210339793633,10.531979400,6.590600,Present,0,512,26600,1920,1080,000002AB2830A6F0
1597,210339862606,10.538876700,6.897300,Present,0,512,26600,1920,1080,000002AB2830A6F0
1598,210339920803,10.544696400,5.819700,Present,0,512,26600,1920,1080,000002AB2830A6F0
1599,210339990593,10.551675400,6.979000,Present,0,512,26600,1920,1080,000002AB2830A6F0
1600,210340053212,10.557937300,6.261900,Present,0,512,26600,1920,1080,000002AB2830A6F0
1601,210340124376,10.565053700,7.116400,Present,0,512,26600,1920,1080,000002AB2830A6F0
1602,210340184447,10.571060800,6.007100,Present,0,512,26600,1920,1080,000002AB2830A6F0
1603,210340257676,10.578383700,7.322900,Present,0,512,26600,1920,1080,000002AB2830A6F0
1604,210340316678,10.584283900,5.900200,Present,0,512,26600,1920,1080,000002AB2830A6F0
1605,210340379537,10.590569800,6.285900,Present,0,512,26600,1920,1080,000002AB2830A6F0
1606,210340440615,10.596677600,6.107800,Present,0,512,26600,1920,1080,000002AB2830A6F0
1607,210340505507,10.603166800,6.489200,Present,0,512,26600,1920,1080,000002AB2830A6F0
1608,210340588287,10.611444800,8.278000,Present,0,512,26600,1920,1080,000002AB2830A6F0
1609,210340663026,10.618918700,7.473900,Present,0,512,26600,1920,1080,000002AB2830A6F0
1610,210340725601,10.625176200,6.257500,Present,0,512,26600,1920,1080,000002AB2830A6F0
1611,210340784651,10.631081200,5.905000,Present,0,512,26600,1920,1080,000002AB2830A6F0
1612,210340851161,10.637732200,6.651000,Present,0,512,26600,1920,1080,000002AB2830A6F0
1613,210340922889,10.644905000,7.172800,Present,0,512,26600,1920,1080,000002AB2830A6F0
1614,210340986007,10.651216800,6.311800,Present,0,512,26600,1920,1080,000002AB2830A6F0
1615,210341101362,10.662752300,11.535500,Present,0,512,26600,1920,1080,000002AB2830A6F0
1616,210341168461,10.669462200,6.709900,Present,0,512,26600,1920,1080,000002AB2830A6F0
1617,210341277253,10.680341400,10.879200,Present,0,512,26600,1920,1080,000002AB2830A6F0
1618,210341394086,10.692024700,11.683300,Present,0,512,26600,1920,1080,000002AB2830A6F0
1619,210341455834,10.698199500,6.174800,Present,0,512,26600,1920,1080,000002AB2830A6F0
1620,210341536891,10.706305200,8.105700,Present,0,512,26600,1920,1080,000002AB2830A6F0
1621,210341606163,10.713232400,6.927200,Present,0,512,26600,1920,1080,000002AB2830A6F0
1622,210341681351,10.720751200,7.518800,Present,0,512,26600,1920,1080,000002AB2830A6F0
1623,210341782827,10.730898800,10.147600,Present,0,512,26600,1920,1080,000002AB2830A6F0
1624,210341914909,10.744107000,13.208200,Present,0,512,26600,1920,1080,000002AB2830A6F0
1625,210341981674,10.750783500,6.676500,Present,0,512,26600,1920,1080,000002AB2830A6F0
1626,210342062191,10.758835200,8.051700,Present,0,512,26600,1920,1080,000002AB2830A6F0
1627,210342131513,10.765767400,6.932200,Present,0,512,26600,1920,1080,000002AB2830A6F0
1628,210342201665,10.772782600,7.015200,Present,0,512,26600,1920,1080,000002AB2830A6F0
1629,210342269178,10.779533900,6.751300,Present,0,512,26600,1920,1080,000002AB2830A6F0
1630,210342335471,10.786163200,6.629300,Present,0,512,26600,1920,1080,000002AB2830A6F0
1631,210342394281,10.792044200,5.881000,Present,0,512,26600,1920,1080,000002AB2830A6F0
1632,210342465615,10.799177600,7.133400,Present,0,512,26600,1920,1080,000002AB2830A6F0
1633,210342546498,10.807265900,8.088300,Present,0,512,26600,1920,1080,000002AB2830A6F0
1634,210342624471,10.815063200,7.797300,Present,0,512,26600,1920,1080,000002AB2830A6F0
1635,210342686867,10.821302800,6.239600,Present,0,512,26600,1920,1080,000002AB2830A6F0
1636,210342752777,10.827893800,6.591000,Present,0,512,26600,1920,1080,000002AB2830A6F0
1637,210342820383,10.834654400,6.760600,Present,0,512,26600,1920,1080,000002AB2830A6F0
1638,210342897696,10.842385700,7.731300,Present,0,512,26600,1920,1080,000002AB2830A6F0
1639,210342964230,10.849039100,6.653400,Present,0,512,26600,1920,1080,000002AB2830A6F0
1640,210343043105,10.856926600,7.887500,Present,0,512,26600,1920,1080,000002AB2830A6F0
1641,210343108809,10.863497000,6.570400,Present,0,512,26600,1920,1080,000002AB2830A6F0
1642,210343168667,10.869482800,5.985800,Present,0,512,26600,1920,1080,000002AB2830A6F0
1643,210343234424,10.876058500,6.575700,Present,0,512,26600,1920,1080,000002AB2830A6F0
1644,210343299642,10.882580300,6.521800,Present,0,512,26600,1920,1080,000002AB2830A6F0
1645,210343359098,10.888525900,5.945600,Present,0,512,26600,1920,1080,000002AB2830A6F0
1646,210343431227,10.895738800,7.212900,Present,0,512,26600,1920,1080,000002AB2830A6F0
1647,210343494047,10.902020800,6.282000,Present,0,512,26600,1920,1080,000002AB2830A6F0
1648,210343566596,10.909275700,7.254900,Present,0,512,26600,1920,1080,000002AB2830A6F0
1649,210343626603,10.915276400,6.000700,Present,0,512,26600,1920,1080,000002AB2830A6F0
1650,210343699595,10.922575600,7.299200,Present,0,512,26600,1920,1080,000002AB2830A6F0
1651,210343758931,10.928509200,5.933600,Present,0,512,26600,1920,1080,000002AB2830A6F0
1652,210343811715,10.933787600,5.278400,Present,0,512,26600,1920,1080,000002AB2830A6F0
1653,210343969767,10.949592800,15.805200,Present,0,512,26600,1920,1080,000002AB2830A6F0
1654,210344040001,10.956616200,7.023400,Present,0,512,26600,1920,1080,000002AB2830A6F0
1655,210344118421,10.964458200,7.842000,Present,0,512,26600,1920,1080,000002AB2830A6F0
1656,210344529010,11.005517100,41.058900,Present,0,512,26600,1920,1080,000002AB2830A6F0
1657,210344606034,11.013219500,7.702400,Present,0,512,26600,1920,1080,000002AB2830A6F0
1658,210344692223,11.021838400,8.618900,Present,0,512,26600,1920,1080,000002AB2830A6F0
1659,210344767524,11.029368500,7.530100,Present,0,512,26600,1920,1080,000002AB2830A6F0
1660,210344853358,11.037951900,8.583400,Present,0,512,26600,1920,1080,000002AB2830A6F0
1661,210344923699,11.044986000,7.034100,Present,0,512,26600,1920,1080,000002AB2830A6F0
1662,210344999371,11.052553200,7.567200,Present,0,512,26600,1920,1080,000002AB2830A6F0
1663,210345055397,11.058155800,5.602600,Present,0,512,26600,1920,1080,000002AB2830A6F0
1664,210345130784,11.065694500,7.538700,Present,0,512,26600,1920,1080,000002AB2830A6F0
1665,210345202288,11.072844900,7.150400,Present,0,512,26600,1920,1080,000002AB2830A6F0
1666,210345277590,11.080375100,7.530200,Present,0,512,26600,1920,1080,000002AB2830A6F0
1667,210345348391,11.087455200,7.080100,Present,0,512,26600,1920,1080,000002AB2830A6F0
1668,210345419459,11.094562000,7.106800,Present,0,512,26600,1920,1080,000002AB2830A6F0
1669,210345478915,11.100507600,5.945600,Present,0,512,26600,1920,1080,000002AB2830A6F0
1670,210345542660,11.106882100,6.374500,Present,0,512,26600,1920,1080,000002AB2830A6F0
1671,210345616268,11.114242900,7.360800,Present,0,512,26600,1920,1080,000002AB2830A6F0
1672,210345678375,11.120453600,6.210700,Present,0,512,26600,1920,1080,000002AB2830A6F0
1673,210345749927,11.127608800,7.155200,Present,0,512,26600,1920,1080,000002AB2830A6F0
1674,210345817125,11.134328600,6.719800,Present,0,512,26600,1920,1080,000002AB2830A6F0
1675,210345884526,11.141068700,6.740100,Present,0,512,26600,1920,1080,000002AB2830A6F0
1676,210345955242,11.148140300,7.071600,Present,0,512,26600,1920,1080,000002AB2830A6F0
1677,210346018358,11.154451900,6.311600,Present,0,512,26600,1920,1080,000002AB2830A6F0
1678,210346122301,11.164846200,10.394300,Present,0,512,26600,1920,1080,000002AB2830A6F0
1679,210346182969,11.170913000,6.066800,Present,0,512,26600,1920,1080,000002AB2830A6F0
1680,210346290374,11.181653500,10.740500,Present,0,512,26600,1920,1080,000002AB2830A6F0
1681,210346431998,11.195815900,14.162400,Present,0,512,26600,1920,1080,000002AB2830A6F0
1682,210346504406,11.203056700,7.240800,Present,0,512,26600,1920,1080,000002AB2830A6F0
1683,210346567997,11.209415800,6.359100,Present,0,512,26600,1920,1080,000002AB2830A6F0
1684,210346644038,11.217019900,7.604100,Present,0,512,26600,1920,1080,000002AB2830A6F0
1685,210346709249,11.223541000,6.521100,Present,0,512,26600,1920,1080,000002AB2830A6F0
1686,210346793270,11.231943100,8.402100,Present,0,512,26600,1920,1080,000002AB2830A6F0
1687,210346863775,11.238993600,7.050500,Present,0,512,26600,1920,1080,000002AB2830A6F0
1688,210346927875,11.245403600,6.410000,Present,0,512,26600,1920,1080,000002AB2830A6F0
1689,210346987575,11.251373600,5.970000,Present,0,512,26600,1920,1080,000002AB2830A6F0
1690,210347050384,11.257654500,6.280900,Present,0,512,26600,1920,1080,000002AB2830A6F0
1691,210347127417,11.265357800,7.703300,Present,0,512,26600,1920,1080,000002AB2830A6F0
1692,210347201670,11.272783100,7.425300,Present,0,512,26600,1920,1080,000002AB2830A6F0
1693,210347267990,11.279415100,6.632000,Present,0,512,26600,1920,1080,000002AB2830A6F0
1694,210347368634,11.289479500,10.064400,Present,0,512,26600,1920,1080,000002AB2830A6F0
1695,210347444624,11.297078500,7.599000,Present,0,512,26600,1920,1080,000002AB2830A6F0
1696,210347559346,11.308550700,11.472200,Present,0,512,26600,1920,1080,000002AB2830A6F0
1697,210347632782,11.315894300,7.343600,Present,0,512,26600,1920,1080,000002AB2830A6F0
1698,210347699528,11.322568900,6.674600,Present,0,512,26600,1920,1080,000002AB2830A6F0
1699,210347768114,11.329427500,6.858600,Present,0,512,26600,1920,1080,000002AB2830A6F0
1700,210347830906,11.335706700,6.279200,Present,0,512,26600,1920,1080,000002AB2830A6F0
1701,210347903932,11.343009300,7.302600,Present,0,512,26600,1920,1080,000002AB2830A6F0
1702,210347979306,11.350546700,7.537400,Present,0,512,26600,1920,1080,000002AB2830A6F0
1703,210348074669,11.360083000,9.536300,Present,0,512,26600,1920,1080,000002AB2830A6F0
1704,210348150624,11.367678500,7.595500,Present,0,512,26600,1920,1080,000002AB2830A6F0
1705,210348228431,11.375459200,7.780700,Present,0,512,26600,1920,1080,000002AB2830A6F0
1706,210348296859,11.382302000,6.842800,Present,0,512,26600,1920,1080,000002AB2830A6F0
1707,210348355777,11.388193800,5.891800,Present,0,512,26600,1920,1080,000002AB2830A6F0
1708,210348415361,11.394152200,5.958400,Present,0,512,26600,1920,1080,000002AB2830A6F0
1709,210348476529,11.400269000,6.116800,Present,0,512,26600,1920,1080,000002AB2830A6F0
1710,210348552518,11.407867900,7.598900,Present,0,512,26600,1920,1080,000002AB2830A6F0
1711,210348633466,11.415962700,8.094800,Present,0,512,26600,1920,1080,000002AB2830A6F0
1712,210348710806,11.423696700,7.734000,Present,0,512,26600,1920,1080,000002AB2830A6F0
1713,210348792854,11.431901500,8.204800,Present,0,512,26600,1920,1080,000002AB2830A6F0
1714,210348892219,11.441838000,9.936500,Present,0,512,26600,1920,1080,000002AB2830A6F0
1715,210348961549,11.448771000,6.933000,Present,0,512,26600,1920,1080,000002AB2830A6F0
1716,210349029692,11.455585300,6.814300,Present,0,512,26600,1920,1080,000002AB2830A6F0
1717,210349110019,11.463618000,8.032700,Present,0,512,26600,1920,1080,000002AB2830A6F0
1718,210349173228,11.469938900,6.320900,Present,0,512,26600,1920,1080,000002AB2830A6F0
1719,210349246686,11.477284700,7.345800,Present,0,512,26600,1920,1080,000002AB2830A6F0
1720,210349338947,11.486510800,9.226100,Present,0,512,26600,1920,1080,000002AB2830A6F0
1721,210349398782,11.492494300,5.983500,Present,0,512,26600,1920,1080,000002AB2830A6F0
1722,210349455698,11.498185900,5.691600,Present,0,512,26600,1920,1080,000002AB2830A6F0
1723,210349520413,11.504657400,6.471500,Present,0,512,26600,1920,1080,000002AB2830A6F0
1724,210349592346,11.511850700,7.193300,Present,0,512,26600,1920,1080,000002AB2830A6F0
1725,210349659169,11.518533000,6.682300,Present,0,512,26600,1920,1080,000002AB2830A6F0
1726,210349737364,11.526352500,7.819500,Present,0,512,26600,1920,1080,000002AB2830A6F0
1727,210349807812,11.533397300,7.044800,Present,0,512,26600,1920,1080,000002AB2830A6F0
1728,210349885153,11.541131400,7.734100,Present,0,512,26600,1920,1080,000002AB2830A6F0
1729,210349949218,11.547537900,6.406500,Present,0,512,26600,1920,1080,000002AB2830A6F0
1730,210350009038,11.553519900,5.982000,Present,0,512,26600,1920,1080,000002AB2830A6F0
1731,210350073284,11.559944500,6.424600,Present,0,512,26600,1920,1080,000002AB2830A6F0
1732,210350136049,11.566221000,6.276500,Present,0,512,26600,1920,1080,000002AB2830A6F0
1733,210350203709,11.572987000,6.766000,Present,0,512,26600,1920,1080,000002AB2830A6F0
1734,210350272606,11.579876700,6.889700,Present,0,512,26600,1920,1080,000002AB2830A6F0
1735,210350334791,11.586095200,6.218500,Present,0,512,26600,1920,1080,000002AB2830A6F0
1736,210350399807,11.592596800,6.501600,Present,0,512,26600,1920,1080,000002AB2830A6F0
1737,210350462625,11.598878600,6.281800,Present,0,512,26600,1920,1080,000002AB2830A6F0
1738,210350525627,11.605178800,6.300200,Present,0,512,26600,1920,1080,000002AB2830A6F0
1739,210350662304,11.618846500,13.667700,Present,0,512,26600,1920,1080,000002AB2830A6F0
1740,210350738386,11.626454700,7.608200,Present,0,512,26600,1920,1080,000002AB2830A6F0
1741,210350813215,11.633937600,7.482900,Present,0,512,26600,1920,1080,000002AB2830A6F0
1742,210350884463,11.641062400,7.124800,Present,0,512,26600,1920,1080,000002AB2830A6F0
1743,210350949905,11.647606600,6.544200,Present,0,512,26600,1920,1080,000002AB2830A6F0
1744,210351007544,11.653370500,5.763900,Present,0,512,26600,1920,1080,000002AB2830A6F0
1745,210351073333,11.659949400,6.578900,Present,0,512,26600,1920,1080,000002AB2830A6F0
1746,210351138907,11.666506800,6.557400,Present,0,512,26600,1920,1080,000002AB2830A6F0
1747,210351211437,11.673759800,7.253000,Present,0,512,26600,1920,1080,000002AB2830A6F0
1748,210351270666,11.679682700,5.922900,Present,0,512,26600,1920,1080,000002AB2830A6F0
1749,210351331701,11.685786200,6.103500,Present,0,512,26600,1920,1080,000002AB2830A6F0
1750,210351398728,11.692488900,6.702700,Present,0,512,26600,1920,1080,000002AB2830A6F0
1751,210351471946,11.699810700,7.321800,Present,0,512,26600,1920,1080,000002AB2830A6F0
1752,210351539732,11.706589300,6.778600,Present,0,512,26600,1920,1080,000002AB2830A6F0
1753,210351604945,11.713110600,6.521300,Present,0,512,26600,1920,1080,000002AB2830A6F0
1754,210351674666,11.720082700,6.972100,Present,0,512,26600,1920,1080,000002AB2830A6F0
1755,210351736822,11.726298300,6.215600,Present,0,512,26600,1920,1080,000002AB2830A6F0
1756,210351794034,11.732019500,5.721200,Present,0,512,26600,1920,1080,000002AB2830A6F0
1757,210351860885,11.738704600,6.685100,Present,0,512,26600,1920,1080,000002AB2830A6F0
1758,210351963705,11.748986600,10.282000,Present,0,512,26600,1920,1080,000002AB2830A6F0
1759,210352060941,11.758710200,9.723600,Present,0,512,26600,1920,1080,000002AB2830A6F0
1760,210352188743,11.771490400,12.780200,Present,0,512,26600,1920,1080,000002AB2830A6F0
1761,210352250893,11.777705400,6.215000,Present,0,512,26600,1920,1080,000002AB2830A6F0
1762,210352323293,11.784945400,7.240000,Present,0,512,26600,1920,1080,000002AB2830A6F0
1763,210352379742,11.790590300,5.644900,Present,0,512,26600,1920,1080,000002AB2830A6F0
1764,210352441493,11.796765400,6.175100,Present,0,512,26600,1920,1080,000002AB2830A6F0
1765,210352506855,11.803301600,6.536200,Present,0,512,26600,1920,1080,000002AB2830A6F0
1766,210352577567,11.810372800,7.071200,Present,0,512,26600,1920,1080,000002AB2830A6F0
1767,210352643495,11.816965600,6.592800,Present,0,512,26600,1920,1080,000002AB2830A6F0
1768,210352717477,11.824363800,7.398200,Present,0,512,26600,1920,1080,000002AB2830A6F0
1769,210352784385,11.831054600,6.690800,Present,0,512,26600,1920,1080,000002AB2830A6F0
1770,210352869246,11.839540700,8.486100,Present,0,512,26600,1920,1080,000002AB2830A6F0
1771,210352966628,11.849278900,9.738200,Present,0,512,26600,1920,1080,000002AB2830A6F0
1772,210353046650,11.857281100,8.002200,Present,0,512,26600,1920,1080,000002AB2830A6F0
1773,210353141936,11.866809700,9.528600,Present,0,512,26600,1920,1080,000002AB2830A6F0
1774,210353204938,11.873109900,6.300200,Present,0,512,26600,1920,1080,000002AB2830A6F0
1775,210353268459,11.879462000,6.352100,Present,0,512,26600,1920,1080,000002AB2830A6F0
1776,210353332407,11.885856800,6.394800,Present,0,512,26600,1920,1080,000002AB2830A6F0
1777,210353400296,11.892645700,6.788900,Present,0,512,26600,1920,1080,000002AB2830A6F0
1778,210353458354,11.898451500,5.805800,Present,0,512,26600,1920,1080,000002AB2830A6F0
1779,210353519946,11.904610700,6.159200,Present,0,512,26600,1920,1080,000002AB2830A6F0
1780,210353592646,11.911880700,7.270000,Present,0,512,26600,1920,1080,000002AB2830A6F0
1781,210353678921,11.920508200,8.627500,Present,0,512,26600,1920,1080,000002AB2830A6F0
1782,210353751426,11.927758700,7.250500,Present,0,512,26600,1920,1080,000002AB2830A6F0
1783,210353830382,11.935654300,7.895600,Present,0,512,26600,1920,1080,000002AB2830A6F0
1784,210354104369,11.963053000,27.398700,Present,0,512,26600,1920,1080,000002AB2830A6F0
1785,210354177101,11.970326200,7.273200,Present,0,512,26600,1920,1080,000002AB2830A6F0
1786,210354253601,11.977976200,7.650000,Present,0,512,26600,1920,1080,000002AB2830A6F0
1787,210354319020,11.984518100,6.541900,Present,0,512,26600,1920,1080,000002AB2830A6F0
1788,210354415257,11.994141800,9.623700,Present,0,512,26600,1920,1080,000002AB2830A6F0
1789,210354489626,12.001578700,7.436900,Present,0,512,26600,1920,1080,000002AB2830A6F0
1790,210354557814,12.008397500,6.818800,Present,0,512,26600,1920,1080,000002AB2830A6F0
1791,210354624451,12.015061200,6.663700,Present,0,512,26600,1920,1080,000002AB2830A6F0
1792,210354703258,12.022941900,7.880700,Present,0,512,26600,1920,1080,000002AB2830A6F0
1793,210354768818,12.029497900,6.556000,Present,0,512,26600,1920,1080,000002AB2830A6F0
1794,210354832216,12.035837700,6.339800,Present,0,512,26600,1920,1080,000002AB2830A6F0
1795,210354891107,12.041726800,5.889100,Present,0,512,26600,1920,1080,000002AB2830A6F0
1796,210354954575,12.048073600,6.346800,Present,0,512,26600,1920,1080,000002AB2830A6F0
1797,210355015397,12.054155800,6.082200,Present,0,512,26600,1920,1080,000002AB2830A6F0
1798,210355088039,12.061420000,7.264200,Present,0,512,26600,1920,1080,000002AB2830A6F0
1799,210355151605,12.067776600,6.356600,Present,0,512,26600,1920,1080,000002AB2830A6F0
1800,210355218944,12.074510500,6.733900,Present,0,512,26600,1920,1080,000002AB2830A6F0
1801,210355283368,12.080952900,6.442400,Present,0,512,26600,1920,1080,000002AB2830A6F0
1802,210355348016,12.087417700,6.464800,Present,0,512,26600,1920,1080,000002AB2830A6F0
1803,210355430471,12.095663200,8.245500,Present,0,512,26600,1920,1080,000002AB2830A6F0
1804,210355494013,12.102017400,6.354200,Present,0,512,26600,1920,1080,000002AB2830A6F0
1805,210355563058,12.108921900,6.904500,Present,0,512,26600,1920,1080,000002AB2830A6F0
1806,210355637402,12.116356300,7.434400,Present,0,512,26600,1920,1080,000002AB2830A6F0
1807,210355744591,12.127075200,10.718900,Present,0,512,26600,1920,1080,000002AB2830A6F0
1808,210356231252,12.175741300,48.666100,Present,0,512,26600,1920,1080,000002AB2830A6F0
1809,210356329615,12.185577600,9.836300,Present,0,512,26600,1920,1080,000002AB2830A6F0
1810,210356405512,12.193167300,7.589700,Present,0,512,26600,1920,1080,000002AB2830A6F0
1811,210356483737,12.200989800,7.822500,Present,0,512,26600,1920,1080,000002AB2830A6F0
1812,210356553504,12.207966500,6.976700,Present,0,512,26600,1920,1080,000002AB2830A6F0
1813,210356615988,12.214214900,6.248400,Present,0,512,26600,1920,1080,000002AB2830A6F0
1814,210356681099,12.220726000,6.511100,Present,0,512,26600,1920,1080,000002AB2830A6F0
1815,210356750227,12.227638800,6.912800,Present,0,512,26600,1920,1080,000002AB2830A6F0
1816,210356825061,12.235122200,7.483400,Present,0,512,26600,1920,1080,000002AB2830A6F0
1817,210356898166,12.242432700,7.310500,Present,0,512,26600,1920,1080,000002AB2830A6F0
1818,210356956546,12.248270700,5.838000,Present,0,512,26600,1920,1080,000002AB2830A6F0
1819,210357027556,12.255371700,7.101000,Present,0,512,26600,1920,1080,000002AB2830A6F0
1820,210357102100,12.262826100,7.454400,Present,0,512,26600,1920,1080,000002AB2830A6F0
1821,210357179571,12.270573200,7.747100,Present,0,512,26600,1920,1080,000002AB2830A6F0
1822,210357259777,12.278593800,8.020600,Present,0,512,26600,1920,1080,000002AB2830A6F0
1823,210357334432,12.286059300,7.465500,Present,0,512,26600,1920,1080,000002AB2830A6F0
1824,210357397375,12.292353600,6.294300,Present,0,512,26600,1920,1080,000002AB2830A6F0
1825,210357482920,12.300908100,8.554500,Present,0,512,26600,1920,1080,000002AB2830A6F0
1826,210357541176,12.306733700,5.825600,Present,0,512,26600,1920,1080,000002AB2830A6F0
1827,210357610105,12.313626600,6.892900,Present,0,512,26600,1920,1080,000002AB2830A6F0
1828,210357672962,12.319912300,6.285700,Present,0,512,26600,1920,1080,000002AB2830A6F0
1829,210357738428,12.326458900,6.546600,Present,0,512,26600,1920,1080,000002AB2830A6F0
1830,210357865469,12.339163000,12.704100,Present,0,512,26600,1920,1080,000002AB2830A6F0
1831,210357935294,12.346145500,6.982500,Present,0,512,26600,1920,1080,000002AB2830A6F0
1832,210358008065,12.353422600,7.277100,Present,0,512,26600,1920,1080,000002AB2830A6F0
1833,210358096217,12.362237800,8.815200,Present,0,512,26600,1920,1080,000002AB2830A6F0
1834,210358168022,12.369418300,7.180500,Present,0,512,26600,1920,1080,000002AB2830A6F0
1835,210358241941,12.376810200,7.391900,Present,0,512,26600,1920,1080,000002AB2830A6F0
1836,210358304552,12.383071300,6.261100,Present,0,512,26600,1920,1080,000002AB2830A6F0
1837,210358371747,12.389790800,6.719500,Present,0,512,26600,1920,1080,000002AB2830A6F0
1838,210358443355,12.396951600,7.160800,Present,0,512,26600,1920,1080,000002AB2830A6F0
1839,210358502956,12.402911700,5.960100,Present,0,512,26600,1920,1080,000002AB2830A6F0
1840,210358566518,12.409267900,6.356200,Present,0,512,26600,1920,1080,000002AB2830A6F0
1841,210358622954,12.414911500,5.643600,Present,0,512,26600,1920,1080,000002AB2830A6F0
1842,210358683308,12.420946900,6.035400,Present,0,512,26600,1920,1080,000002AB2830A6F0
1843,210358742786,12.426894700,5.947800,Present,0,512,26600,1920,1080,000002AB2830A6F0
1844,210358813386,12.433954700,7.060000,Present,0,512,26600,1920,1080,000002AB2830A6F0
1845,210358880514,12.440667500,6.712800,Present,0,512,26600,1920,1080,000002AB2830A6F0
1846,210358939971,12.446613200,5.945700,Present,0,512,26600,1920,1080,000002AB2830A6F0
1847,210359003238,12.452939900,6.326700,Present,0,512,26600,1920,1080,000002AB2830A6F0
1848,210359057291,12.458345200,5.405300,Present,0,512,26600,1920,1080,000002AB2830A6F0
1849,210359129998,12.465615900,7.270700,Present,0,512,26600,1920,1080,000002AB2830A6F0
1850,210359202831,12.472899200,7.283300,Present,0,512,26600,1920,1080,000002AB2830A6F0
1851,210359260240,12.478640100,5.740900,Present,0,512,26600,1920,1080,000002AB2830A6F0
1852,210359323170,12.484933100,6.293000,Present,0,512,26600,1920,1080,000002AB2830A6F0
1853,210359388599,12.491476000,6.542900,Present,0,512,26600,1920,1080,000002AB2830A6F0
1854,210359461381,12.498754200,7.278200,Present,0,512,26600,1920,1080,000002AB2830A6F0
1855,210359531059,12.505722000,6.967800,Present,0,512,26600,1920,1080,000002AB2830A6F0
1856,210359586110,12.511227100,5.505100,Present,0,512,26600,1920,1080,000002AB2830A6F0
1857,210359660718,12.518687900,7.460800,Present,0,512,26600,1920,1080,000002AB2830A6F0
1858,210359719966,12.524612700,5.924800,Present,0,512,26600,1920,1080,000002AB2830A6F0
1859,210359785746,12.531190700,6.578000,Present,0,512,26600,1920,1080,000002AB2830A6F0
1860,210359856385,12.538254600,7.063900,Present,0,512,26600,1920,1080,000002AB2830A6F0
1861,210359926052,12.545221300,6.966700,Present,0,512,26600,1920,1080,000002AB2830A6F0
1862,210359993888,12.552004900,6.783600,Present,0,512,26600,1920,1080,000002AB2830A6F0
1863,210360056510,12.558267100,6.262200,Present,0,512,26600,1920,1080,000002AB2830A6F0
1864,210360134043,12.566020400,7.753300,Present,0,512,26600,1920,1080,000002AB2830A6F0
1865,210360196659,12.572282000,6.261600,Present,0,512,26600,1920,1080,000002AB2830A6F0
1866,210360259209,12.578537000,6.255000,Present,0,512,26600,1920,1080,000002AB2830A6F0
1867,210360329537,12.585569800,7.032800,Present,0,512,26600,1920,1080,000002AB2830A6F0
1868,210360392701,12.591886200,6.316400,Present,0,512,26600,1920,1080,000002AB2830A6F0
1869,210360457351,12.598351200,6.465000,Present,0,512,26600,1920,1080,000002AB2830A6F0
1870,210360527585,12.605374600,7.023400,Present,0,512,26600,1920,1080,000002AB2830A6F0
1871,210360595966,12.612212700,6.838100,Present,0,512,26600,1920,1080,000002AB2830A6F0
1872,210360660648,12.618680900,6.468200,Present,0,512,26600,1920,1080,000002AB2830A6F0
1873,210360722043,12.624820400,6.139500,Present,0,512,26600,1920,1080,000002AB2830A6F0
1874,210360789794,12.631595500,6.775100,Present,0,512,26600,1920,1080,000002AB2830A6F0
1875,210360853533,12.637969400,6.373900,Present,0,512,26600,1920,1080,000002AB2830A6F0
1876,210360918315,12.644447600,6.478200,Present,0,512,26600,1920,1080,000002AB2830A6F0
1877,210360980347,12.650650800,6.203200,Present,0,512,26600,1920,1080,000002AB2830A6F0
1878,210361050022,12.657618300,6.967500,Present,0,512,26600,1920,1080,000002AB2830A6F0
1879,210361106719,12.663288000,5.669700,Present,0,512,26600,1920,1080,000002AB2830A6F0
1880,210361182646,12.670880700,7.592700,Present,0,512,26600,1920,1080,000002AB2830A6F0
1881,210361242571,12.676873200,5.992500,Present,0,512,26600,1920,1080,000002AB2830A6F0
1882,210361297823,12.682398400,5.525200,Present,0,512,26600,1920,1080,000002AB2830A6F0
1883,210361366791,12.689295200,6.896800,Present,0,512,26600,1920,1080,000002AB2830A6F0
1884,210361437383,12.696354400,7.059200,Present,0,512,26600,1920,1080,000002AB2830A6F0
1885,210361503201,12.702936200,6.581800,Present,0,512,26600,1920,1080,000002AB2830A6F0
1886,210361559348,12.708550900,5.614700,Present,0,512,26600,1920,1080,000002AB2830A6F0
1887,210361620796,12.714695700,6.144800,Present,0,512,26600,1920,1080,000002AB2830A6F0
1888,210361959473,12.748563400,33.867700,Present,0,512,26600,1920,1080,000002AB2830A6F0
1889,210362082667,12.760882800,12.319400,Present,0,512,26600,1920,1080,000002AB2830A6F0
1890,210362173866,12.770002700,9.119900,Present,0,512,26600,1920,1080,000002AB2830A6F0
1891,210362277841,12.780400200,10.397500,Present,0,512,26600,1920,1080,000002AB2830A6F0
1892,210362368211,12.789437200,9.037000,Present,0,512,26600,1920,1080,000002AB2830A6F0
1893,210362445700,12.797186100,7.748900,Present,0,512,26600,1920,1080,000002AB2830A6F0
1894,210362515541,12.804170200,6.984100,Present,0,512,26600,1920,1080,000002AB2830A6F0
1895,210362591470,12.811763100,7.592900,Present,0,512,26600,1920,1080,000002AB2830A6F0
1896,210362667794,12.819395500,7.632400,Present,0,512,26600,1920,1080,000002AB2830A6F0
1897,210362809507,12.833566800,14.171300,Present,0,512,26600,1920,1080,000002AB2830A6F0
1898,210363858694,12.938485500,104.918700,Present,0,512,26600,1920,1080,000002AB2830A6F0
1899,210364012736,12.953889700,15.404200,Present,0,512,26600,1920,1080,000002AB2830A6F0
1900,210364103093,12.962925400,9.035700,Present,0,512,26600,1920,1080,000002AB2830A6F0
1901,210364186399,12.971256000,8.330600,Present,0,512,26600,1920,1080,000002AB2830A6F0
1902,210364268938,12.979509900,8.253900,Present,0,512,26600,1920,1080,000002AB2830A6F0
1903,210364367973,12.989413400,9.903500,Present,0,512,26600,1920,1080,000002AB2830A6F0
1904,210364449742,12.997590300,8.176900,Present,0,512,26600,1920,1080,000002AB2830A6F0
1905,210364525239,13.005140000,7.549700,Present,0,512,26600,1920,1080,000002AB2830A6F0
1906,210364588032,13.011419300,6.279300,Present,0,512,26600,1920,1080,000002AB2830A6F0
1907,210364662877,13.018903800,7.484500,Present,0,512,26600,1920,1080,000002AB2830A6F0
1908,210364739689,13.026585000,7.681200,Present,0,512,26600,1920,1080,000002AB2830A6F0
1909,210364817023,13.034318400,7.733400,Present,0,512,26600,1920,1080,000002AB2830A6F0
1910,210364891547,13.041770800,7.452400,Present,0,512,26600,1920,1080,000002AB2830A6F0
1911,210364969716,13.049587700,7.816900,Present,0,512,26600,1920,1080,000002AB2830A6F0
1912,210365060235,13.058639600,9.051900,Present,0,512,26600,1920,1080,000002AB2830A6F0
1913,210365125472,13.065163300,6.523700,Present,0,512,26600,1920,1080,000002AB2830A6F0
1914,210365203999,13.073016000,7.852700,Present,0,512,26600,1920,1080,000002AB2830A6F0
1915,210365274056,13.080021700,7.005700,Present,0,512,26600,1920,1080,000002AB2830A6F0
1916,210365335444,13.086160500,6.138800,Present,0,512,26600,1920,1080,000002AB2830A6F0
1917,210365407917,13.093407800,7.247300,Present,0,512,26600,1920,1080,000002AB2830A6F0
1918,210365481750,13.100791100,7.383300,Present,0,512,26600,1920,1080,000002AB2830A6F0
1919,210365548771,13.107493200,6.702100,Present,0,512,26600,1920,1080,000002AB2830A6F0
1920,210365643451,13.116961200,9.468000,Present,0,512,26600,1920,1080,000002AB2830A6F0
1921,210365715458,13.124161900,7.200700,Present,0,512,26600,1920,1080,000002AB2830A6F0
1922,210365788178,13.131433900,7.272000,Present,0,512,26600,1920,1080,000002AB2830A6F0
1923,210365921670,13.144783100,13.349200,Present,0,512,26600,1920,1080,000002AB2830A6F0
1924,210365990932,13.151709300,6.926200,Present,0,512,26600,1920,1080,000002AB2830A6F0
1925,210366063327,13.158948800,7.239500,Present,0,512,26600,1920,1080,000002AB2830A6F0
1926,210366144306,13.167046700,8.097900,Present,0,512,26600,1920,1080,000002AB2830A6F0
1927,210366211847,13.173800800,6.754100,Present,0,512,26600,1920,1080,000002AB2830A6F0
1928,210366289713,13.181587400,7.786600,Present,0,512,26600,1920,1080,000002AB2830A6F0
1929,210366361384,13.188754500,7.167100,Present,0,512,26600,1920,1080,000002AB2830A6F0
1930,210366435593,13.196175400,7.420900,Present,0,512,26600,1920,1080,000002AB2830A6F0
1931,210366514108,13.204026900,7.851500,Present,0,512,26600,1920,1080,000002AB2830A6F0
1932,210366596034,13.212219500,8.192600,Present,0,512,26600,1920,1080,000002AB2830A6F0
1933,210366676584,13.220274500,8.055000,Present,0,512,26600,1920,1080,000002AB2830A6F0
1934,210366749200,13.227536100,7.261600,Present,0,512,26600,1920,1080,000002AB2830A6F0
1935,210366818259,13.234442000,6.905900,Present,0,512,26600,1920,1080,000002AB2830A6F0
1936,210366887653,13.241381400,6.939400,Present,0,512,26600,1920,1080,000002AB2830A6F0
1937,210366956117,13.248227800,6.846400,Present,0,512,26600,1920,1080,000002AB2830A6F0
1938,210367022976,13.254913700,6.685900,Present,0,512,26600,1920,1080,000002AB2830A6F0
1939,210367095154,13.262131500,7.217800,Present,0,512,26600,1920,1080,000002AB2830A6F0
1940,210367173270,13.269943100,7.811600,Present,0,512,26600,1920,1080,000002AB2830A6F0
1941,210367239190,13.276535100,6.592000,Present,0,512,26600,1920,1080,000002AB2830A6F0
1942,210367310877,13.283703800,7.168700,Present,0,512,26600,1920,1080,000002AB2830A6F0
1943,210367392435,13.291859600,8.155800,Present,0,512,26600,1920,1080,000002AB2830A6F0
1944,210367470416,13.299657700,7.798100,Present,0,512,26600,1920,1080,000002AB2830A6F0
1945,210367753767,13.327992800,28.335100,Present,0,512,26600,1920,1080,000002AB2830A6F0
1946,210367832617,13.335877800,7.885000,Present,0,512,26600,1920,1080,000002AB2830A6F0
1947,210367964303,13.349046400,13.168600,Present,0,512,26600,1920,1080,000002AB2830A6F0
1948,210368212601,13.373876200,24.829800,Present,0,512,26600,1920,1080,000002AB2830A6F0
1949,210368287249,13.381341000,7.464800,Present,0,512,26600,1920,1080,000002AB2830A6F0
1950,210368361451,13.388761200,7.420200,Present,0,512,26600,1920,1080,000002AB2830A6F0
1951,210368445114,13.397127500,8.366300,Present,0,512,26600,1920,1080,000002AB2830A6F0
1952,210368532588,13.405874900,8.747400,Present,0,512,26600,1920,1080,000002AB2830A6F0
1953,210368601219,13.412738000,6.863100,Present,0,512,26600,1920,1080,000002AB2830A6F0
1954,210368677701,13.420386200,7.648200,Present,0,512,26600,1920,1080,000002AB2830A6F0
1955,210368765117,13.429127800,8.741600,Present,0,512,26600,1920,1080,000002AB2830A6F0
1956,210368837737,13.436389800,7.262000,Present,0,512,26600,1920,1080,000002AB2830A6F0
1957,210368924834,13.445099500,8.709700,Present,0,512,26600,1920,1080,000002AB2830A6F0
1958,210368997827,13.452398800,7.299300,Present,0,512,26600,1920,1080,000002AB2830A6F0
1959,210369088959,13.461512000,9.113200,Present,0,512,26600,1920,1080,000002AB2830A6F0
1960,210369157543,13.468370400,6.858400,Present,0,512,26600,1920,1080,000002AB2830A6F0
1961,210369235970,13.476213100,7.842700,Present,0,512,26600,1920,1080,000002AB2830A6F0
1962,210369313977,13.484013800,7.800700,Present,0,512,26600,1920,1080,000002AB2830A6F0
1963,210369389140,13.491530100,7.516300,Present,0,512,26600,1920,1080,000002AB2830A6F0
1964,210369477612,13.500377300,8.847200,Present,0,512,26600,1920,1080,000002AB2830A6F0
1965,210369551404,13.507756500,7.379200,Present,0,512,26600,1920,1080,000002AB2830A6F0
1966,210369618833,13.514499400,6.742900,Present,0,512,26600,1920,1080,000002AB2830A6F0
1967,210369692009,13.521817000,7.317600,Present,0,512,26600,1920,1080,000002AB2830A6F0
1968,210369760619,13.528678000,6.861000,Present,0,512,26600,1920,1080,000002AB2830A6F0
1969,210369837274,13.536343500,7.665500,Present,0,512,26600,1920,1080,000002AB2830A6F0
1970,210369959629,13.548579000,12.235500,Present,0,512,26600,1920,1080,000002AB2830A6F0
1971,210370019178,13.554533900,5.954900,Present,0,512,26600,1920,1080,000002AB2830A6F0
1972,210370099745,13.562590600,8.056700,Present,0,512,26600,1920,1080,000002AB2830A6F0
1973,210370175672,13.570183300,7.592700,Present,0,512,26600,1920,1080,000002AB2830A6F0
1974,210370389965,13.591612600,21.429300,Present,0,512,26600,1920,1080,000002AB2830A6F0
1975,210370466244,13.599240500,7.627900,Present,0,512,26600,1920,1080,000002AB2830A6F0
1976,210370574429,13.610059000,10.818500,Present,0,512,26600,1920,1080,000002AB2830A6F0
1977,210370865315,13.639147600,29.088600,Present,0,512,26600,1920,1080,000002AB2830A6F0
1978,210370962069,13.648823000,9.675400,Present,0,512,26600,1920,1080,000002AB2830A6F0
1979,210371041286,13.656744700,7.921700,Present,0,512,26600,1920,1080,000002AB2830A6F0
1980,210371112669,13.663883000,7.138300,Present,0,512,26600,1920,1080,000002AB2830A6F0
1981,210371194428,13.672058900,8.175900,Present,0,512,26600,1920,1080,000002AB2830A6F0
1982,210371284863,13.681102400,9.043500,Present,0,512,26600,1920,1080,000002AB2830A6F0
1983,210371361561,13.688772200,7.669800,Present,0,512,26600,1920,1080,000002AB2830A6F0
1984,210371433409,13.695957000,7.184800,Present,0,512,26600,1920,1080,000002AB2830A6F0
1985,210371501373,13.702753400,6.796400,Present,0,512,26600,1920,1080,000002AB2830A6F0
1986,210371566891,13.709305200,6.551800,Present,0,512,26600,1920,1080,000002AB2830A6F0
1987,210371639568,13.716572900,7.267700,Present,0,512,26600,1920,1080,000002AB2830A6F0
1988,210371703978,13.723013900,6.441000,Present,0,512,26600,1920,1080,000002AB2830A6F0
1989,210371829619,13.735578000,12.564100,Present,0,512,26600,1920,1080,000002AB2830A6F0
1990,210371899296,13.742545700,6.967700,Present,0,512,26600,1920,1080,000002AB2830A6F0
1991,210371998772,13.752493300,9.947600,Present,0,512,26600,1920,1080,000002AB2830A6F0
1992,210372079093,13.760525400,8.032100,Present,0,512,26600,1920,1080,000002AB2830A6F0
1993,210372158015,13.768417600,7.892200,Present,0,512,26600,1920,1080,000002AB2830A6F0
1994,210372231101,13.775726200,7.308600,Present,0,512,26600,1920,1080,000002AB2830A6F0
1995,210372309058,13.783521900,7.795700,Present,0,512,26600,1920,1080,000002AB2830A6F0
1996,210372379463,13.790562400,7.040500,Present,0,512,26600,1920,1080,000002AB2830A6F0
1997,210372481339,13.800750000,10.187600,Present,0,512,26600,1920,1080,000002AB2830A6F0
1998,210372564404,13.809056500,8.306500,Present,0,512,26600,1920,1080,000002AB2830A6F0
1999,210372679002,13.820516300,11.459800,Present,0,512,26600,1920,1080,000002AB2830A6F0
2000,210372745463,13.827162400,6.646100,Present,0,512,26600,1920,1080,000002AB2830A6F0
2001,210372838166,13.836432700,9.270300,Present,0,512,26600,1920,1080,000002AB2830A6F0
2002,210372938233,13.846439400,10.006700,Present,0,512,26600,1920,1080,000002AB2830A6F0
2003,210373027206,13.855336700,8.897300,Present,0,512,26600,1920,1080,000002AB2830A6F0
2004,210373139460,13.866562100,11.225400,Present,0,512,26600,1920,1080,000002AB2830A6F0
2005,210373219929,13.874609000,8.046900,Present,0,512,26600,1920,1080,000002AB2830A6F0
2006,210373350205,13.887636600,13.027600,Present,0,512,26600,1920,1080,000002AB2830A6F0
2007,210373427008,13.895316900,7.680300,Present,0,512,26600,1920,1080,000002AB2830A6F0
2008,210373508114,13.903427500,8.110600,Present,0,512,26600,1920,1080,000002AB2830A6F0
2009,210373590026,13.911618700,8.191200,Present,0,512,26600,1920,1080,000002AB2830A6F0
2010,210373665449,13.919161000,7.542300,Present,0,512,26600,1920,1080,000002AB2830A6F0
2011,210373738836,13.926499700,7.338700,Present,0,512,26600,1920,1080,000002AB2830A6F0
2012,210373802015,13.932817600,6.317900,Present,0,512,26600,1920,1080,000002AB2830A6F0
2013,210373867526,13.939368700,6.551100,Present,0,512,26600,1920,1080,000002AB2830A6F0
2014,210373933823,13.945998400,6.629700,Present,0,512,26600,1920,1080,000002AB2830A6F0
2015,210374007725,13.953388600,7.390200,Present,0,512,26600,1920,1080,000002AB2830A6F0
2016,210374113341,13.963950200,10.561600,Present,0,512,26600,1920,1080,000002AB2830A6F0
2017,210374192729,13.971889000,7.938800,Present,0,512,26600,1920,1080,000002AB2830A6F0
2018,210374279665,13.980582600,8.693600,Present,0,512,26600,1920,1080,000002AB2830A6F0
2019,210374360587,13.988674800,8.092200,Present,0,512,26600,1920,1080,000002AB2830A6F0
2020,210374429592,13.995575300,6.900500,Present,0,512,26600,1920,1080,000002AB2830A6F0
2021,210374501873,14.002803400,7.228100,Present,0,512,26600,1920,1080,000002AB2830A6F0
2022,210374564722,14.009088300,6.284900,Present,0,512,26600,1920,1080,000002AB2830A6F0
2023,210374633976,14.016013700,6.925400,Present,0,512,26600,1920,1080,000002AB2830A6F0
2024,210374709798,14.023595900,7.582200,Present,0,512,26600,1920,1080,000002AB2830A6F0
2025,210374790003,14.031616400,8.020500,Present,0,512,26600,1920,1080,000002AB2830A6F0
2026,210374879206,14.040536700,8.920300,Present,0,512,26600,1920,1080,000002AB2830A6F0
2027,210374951249,14.047741000,7.204300,Present,0,512,26600,1920,1080,000002AB2830A6F0
2028,210375033970,14.056013100,8.272100,Present,0,512,26600,1920,1080,000002AB2830A6F0
2029,210375108046,14.063420700,7.407600,Present,0,512,26600,1920,1080,000002AB2830A6F0
2030,210375182529,14.070869000,7.448300,Present,0,512,26600,1920,1080,000002AB2830A6F0
2031,210375270499,14.079666000,8.797000,Present,0,512,26600,1920,1080,000002AB2830A6F0
2032,210375345569,14.087173000,7.507000,Present,0,512,26600,1920,1080,000002AB2830A6F0
2033,210375423483,14.094964400,7.791400,Present,0,512,26600,1920,1080,000002AB2830A6F0
2034,210375501753,14.102791400,7.827000,Present,0,512,26600,1920,1080,000002AB2830A6F0
2035,210375576080,14.110224100,7.432700,Present,0,512,26600,1920,1080,000002AB2830A6F0
2036,210375647659,14.117382000,7.157900,Present,0,512,26600,1920,1080,000002AB2830A6F0
2037,210375717445,14.124360600,6.978600,Present,0,512,26600,1920,1080,000002AB2830A6F0
2038,210375789839,14.131600000,7.239400,Present,0,512,26600,1920,1080,000002AB2830A6F0
2039,210375856218,14.138237900,6.637900,Present,0,512,26600,1920,1080,000002AB2830A6F0
2040,210375933023,14.145918400,7.680500,Present,0,512,26600,1920,1080,000002AB2830A6F0
2041,210376006744,14.153290500,7.372100,Present,0,512,26600,1920,1080,000002AB2830A6F0
2042,210376077011,14.160317200,7.026700,Present,0,512,26600,1920,1080,000002AB2830A6F0
2043,210376157235,14.168339600,8.022400,Present,0,512,26600,1920,1080,000002AB2830A6F0
2044,210376224251,14.175041200,6.701600,Present,0,512,26600,1920,1080,000002AB2830A6F0
2045,210376298412,14.182457300,7.416100,Present,0,512,26600,1920,1080,000002AB2830A6F0
2046,210376360189,14.188635000,6.177700,Present,0,512,26600,1920,1080,000002AB2830A6F0
2047,210376426030,14.195219100,6.584100,Present,0,512,26600,1920,1080,000002AB2830A6F0
2048,210376510753,14.203691400,8.472300,Present,0,512,26600,1920,1080,000002AB2830A6F0
2049,210376591526,14.211768700,8.077300,Present,0,512,26600,1920,1080,000002AB2830A6F0
2050,210376662876,14.218903700,7.135000,Present,0,512,26600,1920,1080,000002AB2830A6F0
2051,210376733686,14.225984700,7.081000,Present,0,512,26600,1920,1080,000002AB2830A6F0
2052,210376800911,14.232707200,6.722500,Present,0,512,26600,1920,1080,000002AB2830A6F0
2053,210376876769,14.240293000,7.585800,Present,0,512,26600,1920,1080,000002AB2830A6F0
2054,210376944147,14.247030800,6.737800,Present,0,512,26600,1920,1080,000002AB2830A6F0
2055,210377012526,14.253868700,6.837900,Present,0,512,26600,1920,1080,000002AB2830A6F0
2056,210377081517,14.260767800,6.899100,Present,0,512,26600,1920,1080,000002AB2830A6F0
2057,210377150058,14.267621900,6.854100,Present,0,512,26600,1920,1080,000002AB2830A6F0
2058,210377222077,14.274823800,7.201900,Present,0,512,26600,1920,1080,000002AB2830A6F0
2059,210377426972,14.295313300,20.489500,Present,0,512,26600,1920,1080,000002AB2830A6F0
2060,210377499854,14.302601500,7.288200,Present,0,512,26600,1920,1080,000002AB2830A6F0
2061,210377607712,14.313387300,10.785800,Present,0,512,26600,1920,1080,000002AB2830A6F0
2062,210377818856,14.334501700,21.114400,Present,0,512,26600,1920,1080,000002AB2830A6F0
2063,210378035419,14.356158000,21.656300,Present,0,512,26600,1920,1080,000002AB2830A6F0
2064,210378097486,14.362364700,6.206700,Present,0,512,26600,1920,1080,000002AB2830A6F0
2065,210378155734,14.368189500,5.824800,Present,0,512,26600,1920,1080,000002AB2830A6F0
2066,210378215440,14.374160100,5.970600,Present,0,512,26600,1920,1080,000002AB2830A6F0
2067,210378279767,14.380592800,6.432700,Present,0,512,26600,1920,1080,000002AB2830A6F0
2068,210378342373,14.386853400,6.260600,Present,0,512,26600,1920,1080,000002AB2830A6F0
2069,210378410523,14.393668400,6.815000,Present,0,512,26600,1920,1080,000002AB2830A6F0
2070,210378469825,14.399598600,5.930200,Present,0,512,26600,1920,1080,000002AB2830A6F0
2071,210378532057,14.405821800,6.223200,Present,0,512,26600,1920,1080,000002AB2830A6F0
2072,210378600298,14.412645900,6.824100,Present,0,512,26600,1920,1080,000002AB2830A6F0
2073,210378660296,14.418645700,5.999800,Present,0,512,26600,1920,1080,000002AB2830A6F0
2074,210378725950,14.425211100,6.565400,Present,0,512,26600,1920,1080,000002AB2830A6F0
2075,210378788084,14.431424500,6.213400,Present,0,512,26600,1920,1080,000002AB2830A6F0
2076,210378855375,14.438153600,6.729100,Present,0,512,26600,1920,1080,000002AB2830A6F0
2077,210378934597,14.446075800,7.922200,Present,0,512,26600,1920,1080,000002AB2830A6F0
2078,210379011380,14.453754100,7.678300,Present,0,512,26600,1920,1080,000002AB2830A6F0
2079,210379078211,14.460437200,6.683100,Present,0,512,26600,1920,1080,000002AB2830A6F0
2080,210379136747,14.466290800,5.853600,Present,0,512,26600,1920,1080,000002AB2830A6F0
2081,210379204166,14.473032700,6.741900,Present,0,512,26600,1920,1080,000002AB2830A6F0
2082,210379265157,14.479131800,6.099100,Present,0,512,26600,1920,1080,000002AB2830A6F0
2083,210379331704,14.485786500,6.654700,Present,0,512,26600,1920,1080,000002AB2830A6F0
2084,210379430094,14.495625500,9.839000,Present,0,512,26600,1920,1080,000002AB2830A6F0
2085,210379496324,14.502248500,6.623000,Present,0,512,26600,1920,1080,000002AB2830A6F0
2086,210379561891,14.508805200,6.556700,Present,0,512,26600,1920,1080,000002AB2830A6F0
2087,210379629689,14.515585000,6.779800,Present,0,512,26600,1920,1080,000002AB2830A6F0
2088,210379705766,14.523192700,7.607700,Present,0,512,26600,1920,1080,000002AB2830A6F0
2089,210379764357,14.529051800,5.859100,Present,0,512,26600,1920,1080,000002AB2830A6F0
2090,210379833690,14.535985100,6.933300,Present,0,512,26600,1920,1080,000002AB2830A6F0
2091,210379902651,14.542881200,6.896100,Present,0,512,26600,1920,1080,000002AB2830A6F0
2092,210379966029,14.549219000,6.337800,Present,0,512,26600,1920,1080,000002AB2830A6F0
2093,210380038866,14.556502700,7.283700,Present,0,512,26600,1920,1080,000002AB2830A6F0
2094,210380100120,14.562628100,6.125400,Present,0,512,26600,1920,1080,000002AB2830A6F0
2095,210380155456,14.568161700,5.533600,Present,0,512,26600,1920,1080,000002AB2830A6F0
2096,210380210614,14.573677500,5.515800,Present,0,512,26600,1920,1080,000002AB2830A6F0
2097,210380281398,14.580755900,7.078400,Present,0,512,26600,1920,1080,000002AB2830A6F0
2098,210380342641,14.586880200,6.124300,Present,0,512,26600,1920,1080,000002AB2830A6F0
2099,210380401180,14.592734100,5.853900,Present,0,512,26600,1920,1080,000002AB2830A6F0
2100,210380474921,14.600108200,7.374100,Present,0,512,26600,1920,1080,000002AB2830A6F0
2101,210380530075,14.605623600,5.515400,Present,0,512,26600,1920,1080,000002AB2830A6F0
2102,210380614730,14.614089100,8.465500,Present,0,512,26600,1920,1080,000002AB2830A6F0
2103,210380675062,14.620122300,6.033200,Present,0,512,26600,1920,1080,000002AB2830A6F0
2104,210380741566,14.626772700,6.650400,Present,0,512,26600,1920,1080,000002AB2830A6F0
2105,210380800217,14.632637800,5.865100,Present,0,512,26600,1920,1080,000002AB2830A6F0
2106,210380860145,14.638630600,5.992800,Present,0,512,26600,1920,1080,000002AB2830A6F0
2107,210380932120,14.645828100,7.197500,Present,0,512,26600,1920,1080,000002AB2830A6F0
2108,210380988380,14.651454100,5.626000,Present,0,512,26600,1920,1080,000002AB2830A6F0
2109,210381045748,14.657190900,5.736800,Present,0,512,26600,1920,1080,000002AB2830A6F0
2110,210381104957,14.663111800,5.920900,Present,0,512,26600,1920,1080,000002AB2830A6F0
2111,210381161233,14.668739400,5.627600,Present,0,512,26600,1920,1080,000002AB2830A6F0
2112,210381375519,14.690168000,21.428600,Present,0,512,26600,1920,1080,000002AB2830A6F0
2113,210381472680,14.699884100,9.716100,Present,0,512,26600,1920,1080,000002AB2830A6F0
2114,210381573584,14.709974500,10.090400,Present,0,512,26600,1920,1080,000002AB2830A6F0
2115,210382033243,14.755940400,45.965900,Present,0,512,26600,1920,1080,000002AB2830A6F0
2116,210382174465,14.770062600,14.122200,Present,0,512,26600,1920,1080,000002AB2830A6F0
2117,210382259640,14.778580100,8.517500,Present,0,512,26600,1920,1080,000002AB2830A6F0
2118,210382367268,14.789342900,10.762800,Present,0,512,26600,1920,1080,000002AB2830A6F0
2119,210382503613,14.802977400,13.634500,Present,0,512,26600,1920,1080,000002AB2830A6F0
2120,210382583748,14.810990900,8.013500,Present,0,512,26600,1920,1080,000002AB2830A6F0
2121,210382668056,14.819421700,8.430800,Present,0,512,26600,1920,1080,000002AB2830A6F0
2122,210382747067,14.827322800,7.901100,Present,0,512,26600,1920,1080,000002AB2830A6F0
2123,210382815129,14.834129000,6.806200,Present,0,512,26600,1920,1080,000002AB2830A6F0
2124,210382882635,14.840879600,6.750600,Present,0,512,26600,1920,1080,000002AB2830A6F0
2125,210382958496,14.848465700,7.586100,Present,0,512,26600,1920,1080,000002AB2830A6F0
2126,210383031685,14.855784600,7.318900,Present,0,512,26600,1920,1080,000002AB2830A6F0
2127,210383107438,14.863359900,7.575300,Present,0,512,26600,1920,1080,000002AB2830A6F0
2128,210383180922,14.870708300,7.348400,Present,0,512,26600,1920,1080,000002AB2830A6F0
2129,210383255927,14.878208800,7.500500,Present,0,512,26600,1920,1080,000002AB2830A6F0
2130,210383367469,14.889363000,11.154200,Present,0,512,26600,1920,1080,000002AB2830A6F0
2131,210383449398,14.897555900,8.192900,Present,0,512,26600,1920,1080,000002AB2830A6F0
2132,210383551765,14.907792600,10.236700,Present,0,512,26600,1920,1080,000002AB2830A6F0
2133,210383654095,14.918025600,10.233000,Present,0,512,26600,1920,1080,000002AB2830A6F0
2134,210383719778,14.924593900,6.568300,Present,0,512,26600,1920,1080,000002AB2830A6F0
2135,210383799169,14.932533000,7.939100,Present,0,512,26600,1920,1080,000002AB2830A6F0
2136,210383876578,14.940273900,7.740900,Present,0,512,26600,1920,1080,000002AB2830A6F0
2137,210384005082,14.953124300,12.850400,Present,0,512,26600,1920,1080,000002AB2830A6F0
2138,210384088002,14.961416300,8.292000,Present,0,512,26600,1920,1080,000002AB2830A6F0
2139,210384188808,14.971496900,10.080600,Present,0,512,26600,1920,1080,000002AB2830A6F0
2140,210384269164,14.979532500,8.035600,Present,0,512,26600,1920,1080,000002AB2830A6F0
2141,210384358871,14.988503200,8.970700,Present,0,512,26600,1920,1080,000002AB2830A6F0
2142,210384445412,14.997157300,8.654100,Present,0,512,26600,1920,1080,000002AB2830A6F0
2143,210384514173,15.004033400,6.876100,Present,0,512,26600,1920,1080,000002AB2830A6F0
2144,210384588982,15.011514300,7.480900,Present,0,512,26600,1920,1080,000002AB2830A6F0
2145,210384655201,15.018136200,6.621900,Present,0,512,26600,1920,1080,000002AB2830A6F0
2146,210384724708,15.025086900,6.950700,Present,0,512,26600,1920,1080,000002AB2830A6F0
2147,210384794023,15.032018400,6.931500,Present,0,512,26600,1920,1080,000002AB2830A6F0
2148,210384857302,15.038346300,6.327900,Present,0,512,26600,1920,1080,000002AB2830A6F0
2149,210384927547,15.045370800,7.024500,Present,0,512,26600,1920,1080,000002AB2830A6F0
2150,210384994801,15.052096200,6.725400,Present,0,512,26600,1920,1080,000002AB2830A6F0
2151,210385065189,15.059135000,7.038800,Present,0,512,26600,1920,1080,000002AB2830A6F0
2152,210385134364,15.066052500,6.917500,Present,0,512,26600,1920,1080,000002AB2830A6F0
2153,210385204355,15.073051600,6.999100,Present,0,512,26600,1920,1080,000002AB2830A6F0
2154,210385271603,15.079776400,6.724800,Present,0,512,26600,1920,1080,000002AB2830A6F0
2155,210385334507,15.086066800,6.290400,Present,0,512,26600,1920,1080,000002AB2830A6F0
2156,210385391408,15.091756900,5.690100,Present,0,512,26600,1920,1080,000002AB2830A6F0
2157,210385459060,15.098522100,6.765200,Present,0,512,26600,1920,1080,000002AB2830A6F0
2158,210385519520,15.104568100,6.046000,Present,0,512,26600,1920,1080,000002AB2830A6F0
2159,210385582684,15.110884500,6.316400,Present,0,512,26600,1920,1080,000002AB2830A6F0
2160,210385635626,15.116178700,5.294200,Present,0,512,26600,1920,1080,000002AB2830A6F0
2161,210385688115,15.121427600,5.248900,Present,0,512,26600,1920,1080,000002AB2830A6F0
2162,210385753283,15.127944400,6.516800,Present,0,512,26600,1920,1080,000002AB2830A6F0
2163,210385820963,15.134712400,6.768000,Present,0,512,26600,1920,1080,000002AB2830A6F0
2164,210385902696,15.142885700,8.173300,Present,0,512,26600,1920,1080,000002AB2830A6F0
2165,210385966182,15.149234300,6.348600,Present,0,512,26600,1920,1080,000002AB2830A6F0
2166,210386030880,15.155704100,6.469800,Present,0,512,26600,1920,1080,000002AB2830A6F0
2167,210386091703,15.161786400,6.082300,Present,0,512,26600,1920,1080,000002AB2830A6F0
2168,210386318749,15.184491000,22.704600,Present,0,512,26600,1920,1080,000002AB2830A6F0
2169,210386405862,15.193202300,8.711300,Present,0,512,26600,1920,1080,000002AB2830A6F0
2170,210386506792,15.203295300,10.093000,Present,0,512,26600,1920,1080,000002AB2830A6F0
2171,210386876216,15.240237700,36.942400,Present,0,512,26600,1920,1080,000002AB2830A6F0
2172,210386977732,15.250389300,10.151600,Present,0,512,26600,1920,1080,000002AB2830A6F0
2173,210387056865,15.258302600,7.913300,Present,0,512,26600,1920,1080,000002AB2830A6F0
2174,210387121230,15.264739100,6.436500,Present,0,512,26600,1920,1080,000002AB2830A6F0
2175,210387187240,15.271340100,6.601000,Present,0,512,26600,1920,1080,000002AB2830A6F0
2176,210387251054,15.277721500,6.381400,Present,0,512,26600,1920,1080,000002AB2830A6F0
2177,210387331836,15.285799700,8.078200,Present,0,512,26600,1920,1080,000002AB2830A6F0
2178,210387395949,15.292211000,6.411300,Present,0,512,26600,1920,1080,000002AB2830A6F0
2179,210387457190,15.298335100,6.124100,Present,0,512,26600,1920,1080,000002AB2830A6F0
2180,210387516368,15.304252900,5.917800,Present,0,512,26600,1920,1080,000002AB2830A6F0
2181,210387578682,15.310484300,6.231400,Present,0,512,26600,1920,1080,000002AB2830A6F0
2182,210387657568,15.318372900,7.888600,Present,0,512,26600,1920,1080,000002AB2830A6F0
2183,210387730625,15.325678600,7.305700,Present,0,512,26600,1920,1080,000002AB2830A6F0
2184,210387803699,15.332986000,7.307400,Present,0,512,26600,1920,1080,000002AB2830A6F0
2185,210387889586,15.341574700,8.588700,Present,0,512,26600,1920,1080,000002AB2830A6F0
2186,210387967642,15.349380300,7.805600,Present,0,512,26600,1920,1080,000002AB2830A6F0
2187,210388028810,15.355497100,6.116800,Present,0,512,26600,1920,1080,000002AB2830A6F0
2188,210388109188,15.363534900,8.037800,Present,0,512,26600,1920,1080,000002AB2830A6F0
2189,210388171462,15.369762300,6.227400,Present,0,512,26600,1920,1080,000002AB2830A6F0
2190,210388240030,15.376619100,6.856800,Present,0,512,26600,1920,1080,000002AB2830A6F0
2191,210388300510,15.382667100,6.048000,Present,0,512,26600,1920,1080,000002AB2830A6F0
2192,210388356881,15.388304200,5.637100,Present,0,512,26600,1920,1080,000002AB2830A6F0
2193,210388462133,15.398829400,10.525200,Present,0,512,26600,1920,1080,000002AB2830A6F0
2194,210388514404,15.404056500,5.227100,Present,0,512,26600,1920,1080,000002AB2830A6F0
2195,210388578888,15.410504900,6.448400,Present,0,512,26600,1920,1080,000002AB2830A6F0
2196,210388649099,15.417526000,7.021100,Present,0,512,26600,1920,1080,000002AB2830A6F0
2197,210388716868,15.424302900,6.776900,Present,0,512,26600,1920,1080,000002AB2830A6F0
2198,210388781939,15.430810000,6.507100,Present,0,512,26600,1920,1080,000002AB2830A6F0
2199,210388859070,15.438523100,7.713100,Present,0,512,26600,1920,1080,000002AB2830A6F0
2200,210388922506,15.444866700,6.343600,Present,0,512,26600,1920,1080,000002AB2830A6F0
2201,210388982595,15.450875600,6.008900,Present,0,512,26600,1920,1080,000002AB2830A6F0
2202,210389050857,15.457701800,6.826200,Present,0,512,26600,1920,1080,000002AB2830A6F0
2203,210389109531,15.463569200,5.867400,Present,0,512,26600,1920,1080,000002AB2830A6F0
2204,210389172565,15.469872600,6.303400,Present,0,512,26600,1920,1080,000002AB2830A6F0
2205,210389238106,15.476426700,6.554100,Present,0,512,26600,1920,1080,000002AB2830A6F0
2206,210389292725,15.481888600,5.461900,Present,0,512,26600,1920,1080,000002AB2830A6F0
2207,210389348714,15.487487500,5.598900,Present,0,512,26600,1920,1080,000002AB2830A6F0
2208,210389414639,15.494080000,6.592500,Present,0,512,26600,1920,1080,000002AB2830A6F0
2209,210389483083,15.500924400,6.844400,Present,0,512,26600,1920,1080,000002AB2830A6F0
2210,210389547588,15.507374900,6.450500,Present,0,512,26600,1920,1080,000002AB2830A6F0
2211,210389614007,15.514016800,6.641900,Present,0,512,26600,1920,1080,000002AB2830A6F0
2212,210389682189,15.520835000,6.818200,Present,0,512,26600,1920,1080,000002AB2830A6F0
2213,210389741122,15.526728300,5.893300,Present,0,512,26600,1920,1080,000002AB2830A6F0
2214,210389805212,15.533137300,6.409000,Present,0,512,26600,1920,1080,000002AB2830A6F0
2215,210389863473,15.538963400,5.826100,Present,0,512,26600,1920,1080,000002AB2830A6F0
2216,210389935076,15.546123700,7.160300,Present,0,512,26600,1920,1080,000002AB2830A6F0
2217,210390001218,15.552737900,6.614200,Present,0,512,26600,1920,1080,000002AB2830A6F0
2218,210390060481,15.558664200,5.926300,Present,0,512,26600,1920,1080,000002AB2830A6F0
2219,210390122437,15.564859800,6.195600,Present,0,512,26600,1920,1080,000002AB2830A6F0
2220,210390188448,15.571460900,6.601100,Present,0,512,26600,1920,1080,000002AB2830A6F0
2221,210390259858,15.578601900,7.141000,Present,0,512,26600,1920,1080,000002AB2830A6F0
2222,210390317459,15.584362000,5.760100,Present,0,512,26600,1920,1080,000002AB2830A6F0
2223,210390373996,15.590015700,5.653700,Present,0,512,26600,1920,1080,000002AB2830A6F0
2224,210390433017,15.595917800,5.902100,Present,0,512,26600,1920,1080,000002AB2830A6F0
2225,210390506042,15.603220300,7.302500,Present,0,512,26600,1920,1080,000002AB2830A6F0
2226,210390569861,15.609602200,6.381900,Present,0,512,26600,1920,1080,000002AB2830A6F0
2227,210390632616,15.615877700,6.275500,Present,0,512,26600,1920,1080,000002AB2830A6F0
2228,210390700912,15.622707300,6.829600,Present,0,512,26600,1920,1080,000002AB2830A6F0
2229,210390767004,15.629316500,6.609200,Present,0,512,26600,1920,1080,000002AB2830A6F0
2230,210390824205,15.635036600,5.720100,Present,0,512,26600,1920,1080,000002AB2830A6F0
2231,210390898533,15.642469400,7.432800,Present,0,512,26600,1920,1080,000002AB2830A6F0
2232,210390961420,15.648758100,6.288700,Present,0,512,26600,1920,1080,000002AB2830A6F0
2233,210391020793,15.654695400,5.937300,Present,0,512,26600,1920,1080,000002AB2830A6F0
2234,210391081604,15.660776500,6.081100,Present,0,512,26600,1920,1080,000002AB2830A6F0
2235,210391150198,15.667635900,6.859400,Present,0,512,26600,1920,1080,000002AB2830A6F0
2236,210391216741,15.674290200,6.654300,Present,0,512,26600,1920,1080,000002AB2830A6F0
2237,210391277455,15.680361600,6.071400,Present,0,512,26600,1920,1080,000002AB2830A6F0
2238,210391331079,15.685724000,5.362400,Present,0,512,26600,1920,1080,000002AB2830A6F0
2239,210391401840,15.692800100,7.076100,Present,0,512,26600,1920,1080,000002AB2830A6F0
2240,210391465183,15.699134400,6.334300,Present,0,512,26600,1920,1080,000002AB2830A6F0
2241,210391698132,15.722429300,23.294900,Present,0,512,26600,1920,1080,000002AB2830A6F0
2242,210391755538,15.728169900,5.740600,Present,0,512,26600,1920,1080,000002AB2830A6F0
2243,210391856272,15.738243300,10.073400,Present,0,512,26600,1920,1080,000002AB2830A6F0
2244,210392599450,15.812561100,74.317800,Present,0,512,26600,1920,1080,000002AB2830A6F0
2245,210392701342,15.822750300,10.189200,Present,0,512,26600,1920,1080,000002AB2830A6F0
2246,210392766704,15.829286500,6.536200,Present,0,512,26600,1920,1080,000002AB2830A6F0
2247,210392845816,15.837197700,7.911200,Present,0,512,26600,1920,1080,000002AB2830A6F0
2248,210392917968,15.844412900,7.215200,Present,0,512,26600,1920,1080,000002AB2830A6F0
2249,210392986394,15.851255500,6.842600,Present,0,512,26600,1920,1080,000002AB2830A6F0
2250,210393047186,15.857334700,6.079200,Present,0,512,26600,1920,1080,000002AB2830A6F0
2251,210393136764,15.866292500,8.957800,Present,0,512,26600,1920,1080,000002AB2830A6F0
2252,210393197374,15.872353500,6.061000,Present,0,512,26600,1920,1080,000002AB2830A6F0
2253,210393272490,15.879865100,7.511600,Present,0,512,26600,1920,1080,000002AB2830A6F0
2254,210393373350,15.889951100,10.086000,Present,0,512,26600,1920,1080,000002AB2830A6F0
2255,210393454276,15.898043700,8.092600,Present,0,512,26600,1920,1080,000002AB2830A6F0
2256,210393602514,15.912867500,14.823800,Present,0,512,26600,1920,1080,000002AB2830A6F0
2257,210393684517,15.921067800,8.200300,Present,0,512,26600,1920,1080,000002AB2830A6F0
2258,210393781987,15.930814800,9.747000,Present,0,512,26600,1920,1080,000002AB2830A6F0
2259,210394180992,15.970715300,39.900500,Present,0,512,26600,1920,1080,000002AB2830A6F0
2260,210394445663,15.997182400,26.467100,Present,0,512,26600,1920,1080,000002AB2830A6F0
2261,210394619972,16.014613300,17.430900,Present,0,512,26600,1920,1080,000002AB2830A6F0
2262,210394815005,16.034116600,19.503300,Present,0,512,26600,1920,1080,000002AB2830A6F0
2263,210394949659,16.047582000,13.465400,Present,0,512,26600,1920,1080,000002AB2830A6F0
2264,210395099141,16.062530200,14.948200,Present,0,512,26600,1920,1080,000002AB2830A6F0
2265,210395234888,16.076104900,13.574700,Present,0,512,26600,1920,1080,000002AB2830A6F0
2266,210395353941,16.088010200,11.905300,Present,0,512,26600,1920,1080,000002AB2830A6F0
2267,210395553488,16.107964900,19.954700,Present,0,512,26600,1920,1080,000002AB2830A6F0
2268,210395656600,16.118276100,10.311200,Present,0,512,26600,1920,1080,000002AB2830A6F0
2269,210395776205,16.130236600,11.960500,Present,0,512,26600,1920,1080,000002AB2830A6F0
2270,210395948080,16.147424100,17.187500,Present,0,512,26600,1920,1080,000002AB2830A6F0
2271,210396078348,16.160450900,13.026800,Present,0,512,26600,1920,1080,000002AB2830A6F0
2272,210396271917,16.179807800,19.356900,Present,0,512,26600,1920,1080,000002AB2830A6F0
2273,210396346719,16.187288000,7.480200,Present,0,512,26600,1920,1080,000002AB2830A6F0
2274,210396468220,16.199438100,12.150100,Present,0,512,26600,1920,1080,000002AB2830A6F0
2275,210396633716,16.215987700,16.549600,Present,0,512,26600,1920,1080,000002AB2830A6F0
2276,210396865329,16.239149000,23.161300,Present,0,512,26600,1920,1080,000002AB2830A6F0
2277,210396970335,16.249649600,10.500600,Present,0,512,26600,1920,1080,000002AB2830A6F0
2278,210397080194,16.260635500,10.985900,Present,0,512,26600,1920,1080,000002AB2830A6F0
2279,210397191534,16.271769500,11.134000,Present,0,512,26600,1920,1080,000002AB2830A6F0
2280,210397442129,16.296829000,25.059500,Present,0,512,26600,1920,1080,000002AB2830A6F0
2281,210397607124,16.313328500,16.499500,Present,0,512,26600,1920,1080,000002AB2830A6F0
2282,210397795848,16.332200900,18.872400,Present,0,512,26600,1920,1080,000002AB2830A6F0
2283,210397955203,16.348136400,15.935500,Present,0,512,26600,1920,1080,000002AB2830A6F0
2284,210398122598,16.364875900,16.739500,Present,0,512,26600,1920,1080,000002AB2830A6F0
2285,210398272261,16.379842200,14.966300,Present,0,512,26600,1920,1080,000002AB2830A6F0
2286,210398383978,16.391013900,11.171700,Present,0,512,26600,1920,1080,000002AB2830A6F0
2287,210398505623,16.403178400,12.164500,Present,0,512,26600,1920,1080,000002AB2830A6F0
2288,210398613635,16.413979600,10.801200,Present,0,512,26600,1920,1080,000002AB2830A6F0
2289,210398746288,16.427244900,13.265300,Present,0,512,26600,1920,1080,000002AB2830A6F0
2290,210398859356,16.438551700,11.306800,Present,0,512,26600,1920,1080,000002AB2830A6F0
2291,210398951734,16.447789500,9.237800,Present,0,512,26600,1920,1080,000002AB2830A6F0
2292,210399065950,16.459211100,11.421600,Present,0,512,26600,1920,1080,000002AB2830A6F0
2293,210399208397,16.473455800,14.244700,Present,0,512,26600,1920,1080,000002AB2830A6F0
2294,210399341103,16.486726400,13.270600,Present,0,512,26600,1920,1080,000002AB2830A6F0
2295,210399430688,16.495684900,8.958500,Present,0,512,26600,1920,1080,000002AB2830A6F0
2296,210399596917,16.512307800,16.622900,Present,0,512,26600,1920,1080,000002AB2830A6F0
2297,210399678347,16.520450800,8.143000,Present,0,512,26600,1920,1080,000002AB2830A6F0
2298,210399788358,16.531451900,11.001100,Present,0,512,26600,1920,1080,000002AB2830A6F0
2299,210399904793,16.543095400,11.643500,Present,0,512,26600,1920,1080,000002AB2830A6F0
2300,210400018877,16.554503800,11.408400,Present,0,512,26600,1920,1080,000002AB2830A6F0
2301,210400139849,16.566601000,12.097200,Present,0,512,26600,1920,1080,000002AB2830A6F0
2302,210400255651,16.578181200,11.580200,Present,0,512,26600,1920,1080,000002AB2830A6F0
2303,210400381312,16.590747300,12.566100,Present,0,512,26600,1920,1080,000002AB2830A6F0
2304,210400518615,16.604477600,13.730300,Present,0,512,26600,1920,1080,000002AB2830A6F0
2305,210400614054,16.614021500,9.543900,Present,0,512,26600,1920,1080,000002AB2830A6F0
2306,210400734281,16.626044200,12.022700,Present,0,512,26600,1920,1080,000002AB2830A6F0
2307,210400857665,16.638382600,12.338400,Present,0,512,26600,1920,1080,000002AB2830A6F0
2308,210401007868,16.653402900,15.020300,Present,0,512,26600,1920,1080,000002AB2830A6F0
2309,210401134174,16.666033500,12.630600,Present,0,512,26600,1920,1080,000002AB2830A6F0
2310,210401262208,16.678836900,12.803400,Present,0,512,26600,1920,1080,000002AB2830A6F0
2311,210401335091,16.686125200,7.288300,Present,0,512,26600,1920,1080,000002AB2830A6F0
2312,210401443159,16.696932000,10.806800,Present,0,512,26600,1920,1080,000002AB2830A6F0
2313,210401631240,16.715740100,18.808100,Present,0,512,26600,1920,1080,000002AB2830A6F0
2314,210401722817,16.724897800,9.157700,Present,0,512,26600,1920,1080,000002AB2830A6F0
2315,210401890239,16.741640000,16.742200,Present,0,512,26600,1920,1080,000002AB2830A6F0
2316,210401968393,16.749455400,7.815400,Present,0,512,26600,1920,1080,000002AB2830A6F0
2317,210402088778,16.761493900,12.038500,Present,0,512,26600,1920,1080,000002AB2830A6F0
2318,210402281418,16.780757900,19.264000,Present,0,512,26600,1920,1080,000002AB2830A6F0
2319,210402383160,16.790932100,10.174200,Present,0,512,26600,1920,1080,000002AB2830A6F0
2320,210402490079,16.801624000,10.691900,Present,0,512,26600,1920,1080,000002AB2830A6F0
2321,210402581343,16.810750400,9.126400,Present,0,512,26600,1920,1080,000002AB2830A6F0
2322,210402716843,16.824300400,13.550000,Present,0,512,26600,1920,1080,000002AB2830A6F0
2323,210402876613,16.840277400,15.977000,Present,0,512,26600,1920,1080,000002AB2830A6F0
2324,210402972779,16.849894000,9.616600,Present,0,512,26600,1920,1080,000002AB2830A6F0
2325,210403100765,16.862692600,12.798600,Present,0,512,26600,1920,1080,000002AB2830A6F0
2326,210403185073,16.871123400,8.430800,Present,0,512,26600,1920,1080,000002AB2830A6F0
2327,210403310491,16.883665200,12.541800,Present,0,512,26600,1920,1080,000002AB2830A6F0
2328,210403455529,16.898169000,14.503800,Present,0,512,26600,1920,1080,000002AB2830A6F0
2329,210403541047,16.906720800,8.551800,Present,0,512,26600,1920,1080,000002AB2830A6F0
2330,210403681830,16.920799100,14.078300,Present,0,512,26600,1920,1080,000002AB2830A6F0
2331,210403792788,16.931894900,11.095800,Present,0,512,26600,1920,1080,000002AB2830A6F0
2332,210403931590,16.945775100,13.880200,Present,0,512,26600,1920,1080,000002AB2830A6F0
2333,210404022253,16.954841400,9.066300,Present,0,512,26600,1920,1080,000002AB2830A6F0
2334,210404151828,16.967798900,12.957500,Present,0,512,26600,1920,1080,000002AB2830A6F0
2335,210404252441,16.977860200,10.061300,Present,0,512,26600,1920,1080,000002AB2830A6F0
2336,210404393843,16.992000400,14.140200,Present,0,512,26600,1920,1080,000002AB2830A6F0
2337,210404510441,17.003660200,11.659800,Present,0,512,26600,1920,1080,000002AB2830A6F0
2338,210404633549,17.015971000,12.310800,Present,0,512,26600,1920,1080,000002AB2830A6F0
2339,210404760228,17.028638900,12.667900,Present,0,512,26600,1920,1080,000002AB2830A6F0
2340,210404857781,17.038394200,9.755300,Present,0,512,26600,1920,1080,000002AB2830A6F0
2341,210404996194,17.052235500,13.841300,Present,0,512,26600,1920,1080,000002AB2830A6F0
2342,210405077224,17.060338500,8.103000,Present,0,512,26600,1920,1080,000002AB2830A6F0
2343,210405223005,17.074916600,14.578100,Present,0,512,26600,1920,1080,000002AB2830A6F0
2344,210405430977,17.095713800,20.797200,Present,0,512,26600,1920,1080,000002AB2830A6F0
2345,210405537418,17.106357900,10.644100,Present,0,512,26600,1920,1080,000002AB2830A6F0
2346,210405617121,17.114328200,7.970300,Present,0,512,26600,1920,1080,000002AB2830A6F0
2347,210405747189,17.127335000,13.006800,Present,0,512,26600,1920,1080,000002AB2830A6F0
2348,210405858977,17.138513800,11.178800,Present,0,512,26600,1920,1080,000002AB2830A6F0
2349,210406000307,17.152646800,14.133000,Present,0,512,26600,1920,1080,000002AB2830A6F0
2350,210406122799,17.164896000,12.249200,Present,0,512,26600,1920,1080,000002AB2830A6F0
2351,210406247329,17.177349000,12.453000,Present,0,512,26600,1920,1080,000002AB2830A6F0
2352,210406351841,17.187800200,10.451200,Present,0,512,26600,1920,1080,000002AB2830A6F0
2353,210406449774,17.197593500,9.793300,Present,0,512,26600,1920,1080,000002AB2830A6F0
2354,210406590401,17.211656200,14.062700,Present,0,512,26600,1920,1080,000002AB2830A6F0
2355,210406705552,17.223171300,11.515100,Present,0,512,26600,1920,1080,000002AB2830A6F0
2356,210406820606,17.234676700,11.505400,Present,0,512,26600,1920,1080,000002AB2830A6F0
2357,210406969324,17.249548500,14.871800,Present,0,512,26600,1920,1080,000002AB2830A6F0
2358,210407076328,17.260248900,10.700400,Present,0,512,26600,1920,1080,000002AB2830A6F0
2359,210407204134,17.273029500,12.780600,Present,0,512,26600,1920,1080,000002AB2830A6F0
2360,210407847087,17.337324800,64.295300,Present,0,512,26600,1920,1080,000002AB2830A6F0
2361,210407988288,17.351444900,14.120100,Present,0,512,26600,1920,1080,000002AB2830A6F0
2362,210408074329,17.360049000,8.604100,Present,0,512,26600,1920,1080,000002AB2830A6F0
2363,210408178720,17.370488100,10.439100,Present,0,512,26600,1920,1080,000002AB2830A6F0
2364,210408343273,17.386943400,16.455300,Present,0,512,26600,1920,1080,000002AB2830A6F0
2365,210408464003,17.399016400,12.073000,Present,0,512,26600,1920,1080,000002AB2830A6F0
2366,210408582888,17.410904900,11.888500,Present,0,512,26600,1920,1080,000002AB2830A6F0
2367,210408667906,17.419406700,8.501800,Present,0,512,26600,1920,1080,000002AB2830A6F0
2368,210408804072,17.433023300,13.616600,Present,0,512,26600,1920,1080,000002AB2830A6F0
2369,210408936581,17.446274200,13.250900,Present,0,512,26600,1920,1080,000002AB2830A6F0
2370,210409041398,17.456755900,10.481700,Present,0,512,26600,1920,1080,000002AB2830A6F0
2371,210409201118,17.472727900,15.972000,Present,0,512,26600,1920,1080,000002AB2830A6F0
2372,210409279285,17.480544600,7.816700,Present,0,512,26600,1920,1080,000002AB2830A6F0
2373,210409393347,17.491950800,11.406200,Present,0,512,26600,1920,1080,000002AB2830A6F0
2374,210409604561,17.513072200,21.121400,Present,0,512,26600,1920,1080,000002AB2830A6F0
2375,210409712654,17.523881500,10.809300,Present,0,512,26600,1920,1080,000002AB2830A6F0
2376,210409848540,17.537470100,13.588600,Present,0,512,26600,1920,1080,000002AB2830A6F0
2377,210409978952,17.550511300,13.041200,Present,0,512,26600,1920,1080,000002AB2830A6F0
2378,210410091467,17.561762800,11.251500,Present,0,512,26600,1920,1080,000002AB2830A6F0
2379,210410210555,17.573671600,11.908800,Present,0,512,26600,1920,1080,000002AB2830A6F0
2380,210410372130,17.589829100,16.157500,Present,0,512,26600,1920,1080,000002AB2830A6F0
2381,210410562062,17.608822300,18.993200,Present,0,512,26600,1920,1080,000002AB2830A6F0
2382,210410681879,17.620804000,11.981700,Present,0,512,26600,1920,1080,000002AB2830A6F0
2383,210410794945,17.632110600,11.306600,Present,0,512,26600,1920,1080,000002AB2830A6F0
2384,210411126334,17.665249500,33.138900,Present,0,512,26600,1920,1080,000002AB2830A6F0
2385,210411214447,17.674060800,8.811300,Present,0,512,26600,1920,1080,000002AB2830A6F0
2386,210411351689,17.687785000,13.724200,Present,0,512,26600,1920,1080,000002AB2830A6F0
2387,210411503053,17.702921400,15.136400,Present,0,512,26600,1920,1080,000002AB2830A6F0
2388,210411674248,17.720040900,17.119500,Present,0,512,26600,1920,1080,000002AB2830A6F0
2389,210411801131,17.732729200,12.688300,Present,0,512,26600,1920,1080,000002AB2830A6F0
2390,210411925719,17.745188000,12.458800,Present,0,512,26600,1920,1080,000002AB2830A6F0
2391,210412099523,17.762568400,17.380400,Present,0,512,26600,1920,1080,000002AB2830A6F0
2392,210412192065,17.771822600,9.254200,Present,0,512,26600,1920,1080,000002AB2830A6F0
2393,210412317557,17.784371800,12.549200,Present,0,512,26600,1920,1080,000002AB2830A6F0
2394,210412440534,17.796669500,12.297700,Present,0,512,26600,1920,1080,000002AB2830A6F0
2395,210412551626,17.807778700,11.109200,Present,0,512,26600,1920,1080,000002AB2830A6F0
2396,210412695753,17.822191400,14.412700,Present,0,512,26600,1920,1080,000002AB2830A6F0
2397,210412913042,17.843920300,21.728900,Present,0,512,26600,1920,1080,000002AB2830A6F0
2398,210413011955,17.853811600,9.891300,Present,0,512,26600,1920,1080,000002AB2830A6F0
2399,210413103394,17.862955500,9.143900,Present,0,512,26600,1920,1080,000002AB2830A6F0
2400,210413230035,17.875619600,12.664100,Present,0,512,26600,1920,1080,000002AB2830A6F0
2401,210413359120,17.888528100,12.908500,Present,0,512,26600,1920,1080,000002AB2830A6F0
2402,210413597347,17.912350800,23.822700,Present,0,512,26600,1920,1080,000002AB2830A6F0
2403,210413678233,17.920439400,8.088600,Present,0,512,26600,1920,1080,000002AB2830A6F0
2404,210413914655,17.944081600,23.642200,Present,0,512,26600,1920,1080,000002AB2830A6F0
2405,210414134615,17.966077600,21.996000,Present,0,512,26600,1920,1080,000002AB2830A6F0
2406,210414207578,17.973373900,7.296300,Present,0,512,26600,1920,1080,000002AB2830A6F0
2407,210414350573,17.987673400,14.299500,Present,0,512,26600,1920,1080,000002AB2830A6F0
2408,210414487290,18.001345100,13.671700,Present,0,512,26600,1920,1080,000002AB2830A6F0
2409,210415990659,18.151682000,150.336900,Present,0,512,26600,1920,1080,000002AB2830A6F0
2410,210416939400,18.246556100,94.874100,Present,0,512,26600,1920,1080,000002AB2830A6F0
2411,210417352575,18.287873600,41.317500,Present,0,512,26600,1920,1080,000002AB2830A6F0
2412,210417527545,18.305370600,17.497000,Present,0,512,26600,1920,1080,000002AB2830A6F0
2413,210417884671,18.341083200,35.712600,Present,0,512,26600,1920,1080,000002AB2830A6F0
2414,210418069243,18.359540400,18.457200,Present,0,512,26600,1920,1080,000002AB2830A6F0
2415,210418210491,18.373665200,14.124800,Present,0,512,26600,1920,1080,000002AB2830A6F0
2416,210418394295,18.392045600,18.380400,Present,0,512,26600,1920,1080,000002AB2830A6F0
2417,210418567710,18.409387100,17.341500,Present,0,512,26600,1920,1080,000002AB2830A6F0
2418,210418693009,18.421917000,12.529900,Present,0,512,26600,1920,1080,000002AB2830A6F0
2419,210418754453,18.428061400,6.144400,Present,0,512,26600,1920,1080,000002AB2830A6F0
2420,210418875770,18.440193100,12.131700,Present,0,512,26600,1920,1080,000002AB2830A6F0
2421,210419014101,18.454026200,13.833100,Present,0,512,26600,1920,1080,000002AB2830A6F0
2422,210419146596,18.467275700,13.249500,Present,0,512,26600,1920,1080,000002AB2830A6F0
2423,210419260711,18.478687200,11.411500,Present,0,512,26600,1920,1080,000002AB2830A6F0
2424,210419422469,18.494863000,16.175800,Present,0,512,26600,1920,1080,000002AB2830A6F0
2425,210419526691,18.505285200,10.422200,Present,0,512,26600,1920,1080,000002AB2830A6F0
2426,210419666789,18.519295000,14.009800,Present,0,512,26600,1920,1080,000002AB2830A6F0
2427,210419775051,18.530121200,10.826200,Present,0,512,26600,1920,1080,000002AB2830A6F0
2428,210419953198,18.547935900,17.814700,Present,0,512,26600,1920,1080,000002AB2830A6F0
2429,210420047792,18.557395300,9.459400,Present,0,512,26600,1920,1080,000002AB2830A6F0
2430,210420171526,18.569768700,12.373400,Present,0,512,26600,1920,1080,000002AB2830A6F0
2431,210420321642,18.584780300,15.011600,Present,0,512,26600,1920,1080,000002AB2830A6F0
2432,210420444186,18.597034700,12.254400,Present,0,512,26600,1920,1080,000002AB2830A6F0
2433,210420576171,18.610233200,13.198500,Present,0,512,26600,1920,1080,000002AB2830A6F0
2434,210420675564,18.620172500,9.939300,Present,0,512,26600,1920,1080,000002AB2830A6F0
2435,210420805765,18.633192600,13.020100,Present,0,512,26600,1920,1080,000002AB2830A6F0
2436,210421050803,18.657696400,24.503800,Present,0,512,26600,1920,1080,000002AB2830A6F0
2437,210421114528,18.664068900,6.372500,Present,0,512,26600,1920,1080,000002AB2830A6F0
2438,210421242524,18.676868500,12.799600,Present,0,512,26600,1920,1080,000002AB2830A6F0
2439,210421377756,18.690391700,13.523200,Present,0,512,26600,1920,1080,000002AB2830A6F0
2440,210421508028,18.703418900,13.027200,Present,0,512,26600,1920,1080,000002AB2830A6F0
2441,210421643136,18.716929700,13.510800,Present,0,512,26600,1920,1080,000002AB2830A6F0
2442,210421768396,18.729455700,12.526000,Present,0,512,26600,1920,1080,000002AB2830A6F0
2443,210421898011,18.742417200,12.961500,Present,0,512,26600,1920,1080,000002AB2830A6F0
2444,210422027733,18.755389400,12.972200,Present,0,512,26600,1920,1080,000002AB2830A6F0
2445,210422151162,18.767732300,12.342900,Present,0,512,26600,1920,1080,000002AB2830A6F0
2446,210422274096,18.780025700,12.293400,Present,0,512,26600,1920,1080,000002AB2830A6F0
2447,210422405504,18.793166500,13.140800,Present,0,512,26600,1920,1080,000002AB2830A6F0
2448,210422531474,18.805763500,12.597000,Present,0,512,26600,1920,1080,000002AB2830A6F0
2449,210422657821,18.818398200,12.634700,Present,0,512,26600,1920,1080,000002AB2830A6F0
2450,210422788780,18.831494100,13.095900,Present,0,512,26600,1920,1080,000002AB2830A6F0
2451,210422917109,18.844327000,12.832900,Present,0,512,26600,1920,1080,000002AB2830A6F0
2452,210423317442,18.884360300,40.033300,Present,0,512,26600,1920,1080,000002AB2830A6F0
2453,210423409970,18.893613100,9.252800,Present,0,512,26600,1920,1080,000002AB2830A6F0
2454,210423571668,18.909782900,16.169800,Present,0,512,26600,1920,1080,000002AB2830A6F0
2455,210424062772,18.958893300,49.110400,Present,0,512,26600,1920,1080,000002AB2830A6F0
2456,210424151652,18.967781300,8.888000,Present,0,512,26600,1920,1080,000002AB2830A6F0
2457,210424285718,18.981187900,13.406600,Present,0,512,26600,1920,1080,000002AB2830A6F0
2458,210424435389,18.996155000,14.967100,Present,0,512,26600,1920,1080,000002AB2830A6F0
2459,210424552432,19.007859300,11.704300,Present,0,512,26600,1920,1080,000002AB2830A6F0
2460,210424820029,19.034619000,26.759700,Present,0,512,26600,1920,1080,000002AB2830A6F0
2461,210424891156,19.041731700,7.112700,Present,0,512,26600,1920,1080,000002AB2830A6F0
2462,210425026599,19.055276000,13.544300,Present,0,512,26600,1920,1080,000002AB2830A6F0
2463,210425218735,19.074489600,19.213600,Present,0,512,26600,1920,1080,000002AB2830A6F0
2464,210425314283,19.084044400,9.554800,Present,0,512,26600,1920,1080,000002AB2830A6F0
2465,210425513466,19.103962700,19.918300,Present,0,512,26600,1920,1080,000002AB2830A6F0
2466,210425682378,19.120853900,16.891200,Present,0,512,26600,1920,1080,000002AB2830A6F0
2467,210425841424,19.136758500,15.904600,Present,0,512,26600,1920,1080,000002AB2830A6F0
2468,210425951807,19.147796800,11.038300,Present,0,512,26600,1920,1080,000002AB2830A6F0
2469,210428025570,19.355173100,207.376300,Present,0,512,26600,1920,1080,000002AB2830A6F0
2470,210429521282,19.504744300,149.571200,Present,0,512,26600,1920,1080,000002AB2830A6F0
2471,210430062146,19.558830700,54.086400,Present,0,512,26600,1920,1080,000002AB2830A6F0
2472,210430420976,19.594713700,35.883000,Present,0,512,26600,1920,1080,000002AB2830A6F0
2473,210430891254,19.641741500,47.027800,Present,0,512,26600,1920,1080,000002AB2830A6F0
2474,210437157472,20.268363300,626.621800,Present,0,512,26600,1920,1080,000002AB2830A6F0
2475,210439571899,20.509806000,241.442700,Present,0,512,26600,1920,1080,000002AB2830A6F0
2476,210440105143,20.563130400,53.324400,Present,0,512,26600,1920,1080,000002AB2830A6F0
2477,210440916150,20.644231100,81.100700,Present,0,512,26600,1920,1080,000002AB2830A6F0
2478,210441652691,20.717885200,73.654100,Present,0,512,26600,1920,1080,000002AB2830A6F0
2479,210442098718,20.762487900,44.602700,Present,0,512,26600,1920,1080,000002AB2830A6F0
2480,210443127112,20.865327300,102.839400,Present,0,512,26600,1920,1080,000002AB2830A6F0
2481,210444620278,21.014643900,149.316600,Present,0,512,26600,1920,1080,000002AB2830A6F0
2482,210447363923,21.289008400,274.364500,Present,0,512,26600,1920,1080,000002AB2830A6F0
2483,210449842058,21.536821900,247.813500,Present,0,512,26600,1920,1080,000002AB2830A6F0
2484,210451169369,21.669553000,132.731100,Present,0,512,26600,1920,1080,000002AB2830A6F0
2485,210451552325,21.707848600,38.295600,Present,0,512,26600,1920,1080,000002AB2830A6F0
2486,210451992469,21.751863000,44.014400,Present,0,512,26600,1920,1080,000002AB2830A6F0
2487,210452611566,21.813772700,61.909700,Present,0,512,26600,1920,1080,000002AB2830A6F0
2488,210453174907,21.870106800,56.334100,Present,0,512,26600,1920,1080,000002AB2830A6F0
2489,210453886174,21.941233500,71.126700,Present,0,512,26600,1920,1080,000002AB2830A6F0
2490,210454394492,21.992065300,50.831800,Present,0,512,26600,1920,1080,000002AB2830A6F0
2491,210455002059,22.052822000,60.756700,Present,0,512,26600,1920,1080,000002AB2830A6F0
2492,210455549252,22.107541300,54.719300,Present,0,512,26600,1920,1080,000002AB2830A6F0
2493,210456150785,22.167694600,60.153300,Present,0,512,26600,1920,1080,000002AB2830A6F0
2494,210456704773,22.223093400,55.398800,Present,0,512,26600,1920,1080,000002AB2830A6F0
2495,210457303533,22.282969400,59.876000,Present,0,512,26600,1920,1080,000002AB2830A6F0
2496,210457926545,22.345270600,62.301200,Present,0,512,26600,1920,1080,000002AB2830A6F0
2497,210458527441,22.405360200,60.089600,Present,0,512,26600,1920,1080,000002AB2830A6F0
2498,210459070789,22.459695000,54.334800,Present,0,512,26600,1920,1080,000002AB2830A6F0
2499,210459655507,22.518166800,58.471800,Present,0,512,26600,1920,1080,000002AB2830A6F0
2500,210460247286,22.577344700,59.177900,Present,0,512,26600,1920,1080,000002AB2830A6F0
2501,210460823288,22.634944900,57.600200,Present,0,512,26600,1920,1080,000002AB2830A6F0
2502,210461441903,22.696806400,61.861500,Present,0,512,26600,1920,1080,000002AB2830A6F0
2503,210462022797,22.754895800,58.089400,Present,0,512,26600,1920,1080,000002AB2830A6F0
2504,210462770361,22.829652200,74.756400,Present,0,512,26600,1920,1080,000002AB2830A6F0
2505,210463184612,22.871077300,41.425100,Present,0,512,26600,1920,1080,000002AB2830A6F0
2506,210463768742,22.929490300,58.413000,Present,0,512,26600,1920,1080,000002AB2830A6F0
2507,210464330050,22.985621100,56.130800,Present,0,512,26600,1920,1080,000002AB2830A6F0
2508,210464908665,23.043482600,57.861500,Present,0,512,26600,1920,1080,000002AB2830A6F0
2509,210465516743,23.104290400,60.807800,Present,0,512,26600,1920,1080,000002AB2830A6F0
2510,210466153159,23.167932000,63.641600,Present,0,512,26600,1920,1080,000002AB2830A6F0
2511,210466721426,23.224758700,56.826700,Present,0,512,26600,1920,1080,000002AB2830A6F0
2512,210467313627,23.283978800,59.220100,Present,0,512,26600,1920,1080,000002AB2830A6F0
2513,210467849138,23.337529900,53.551100,Present,0,512,26600,1920,1080,000002AB2830A6F0
2514,210468403856,23.393001700,55.471800,Present,0,512,26600,1920,1080,000002AB2830A6F0
2515,210469018988,23.454514900,61.513200,Present,0,512,26600,1920,1080,000002AB2830A6F0
2516,210469601910,23.512807100,58.292200,Present,0,512,26600,1920,1080,000002AB2830A6F0
2517,210470198055,23.572421600,59.614500,Present,0,512,26600,1920,1080,000002AB2830A6F0
2518,210470785986,23.631214700,58.793100,Present,0,512,26600,1920,1080,000002AB2830A6F0
2519,210471374774,23.690093500,58.878800,Present,0,512,26600,1920,1080,000002AB2830A6F0
2520,210471969111,23.749527200,59.433700,Present,0,512,26600,1920,1080,000002AB2830A6F0
2521,210472576243,23.810240400,60.713200,Present,0,512,26600,1920,1080,000002AB2830A6F0
2522,210473151731,23.867789200,57.548800,Present,0,512,26600,1920,1080,000002AB2830A6F0
2523,210473790704,23.931686500,63.897300,Present,0,512,26600,1920,1080,000002AB2830A6F0
2524,210474337358,23.986351900,54.665400,Present,0,512,26600,1920,1080,000002AB2830A6F0
2525,210475026009,24.055217000,68.865100,Present,0,512,26600,1920,1080,000002AB2830A6F0
2526,210475527692,24.105385300,50.168300,Present,0,512,26600,1920,1080,000002AB2830A6F0
2527,210476126607,24.165276800,59.891500,Present,0,512,26600,1920,1080,000002AB2830A6F0
2528,210476673495,24.219965600,54.688800,Present,0,512,26600,1920,1080,000002AB2830A6F0
2529,210477286026,24.281218700,61.253100,Present,0,512,26600,1920,1080,000002AB2830A6F0
2530,210477823599,24.334976000,53.757300,Present,0,512,26600,1920,1080,000002AB2830A6F0
2531,210478433370,24.395953100,60.977100,Present,0,512,26600,1920,1080,000002AB2830A6F0
2532,210478996327,24.452248800,56.295700,Present,0,512,26600,1920,1080,000002AB2830A6F0
2533,210479575818,24.510197900,57.949100,Present,0,512,26600,1920,1080,000002AB2830A6F0
2534,210480190128,24.571628900,61.431000,Present,0,512,26600,1920,1080,000002AB2830A6F0
2535,210480802272,24.632843300,61.214400,Present,0,512,26600,1920,1080,000002AB2830A6F0
2536,210481356544,24.688270500,55.427200,Present,0,512,26600,1920,1080,000002AB2830A6F0
2537,210481942920,24.746908100,58.637600,Present,0,512,26600,1920,1080,000002AB2830A6F0
2538,210482548921,24.807508200,60.600100,Present,0,512,26600,1920,1080,000002AB2830A6F0
2539,210483109477,24.863563800,56.055600,Present,0,512,26600,1920,1080,000002AB2830A6F0
2540,210483717728,24.924388900,60.825100,Present,0,512,26600,1920,1080,000002AB2830A6F0
2541,210484314132,24.984029300,59.640400,Present,0,512,26600,1920,1080,000002AB2830A6F0
2542,210484903986,25.043014700,58.985400,Present,0,512,26600,1920,1080,000002AB2830A6F0
2543,210485505453,25.103161400,60.146700,Present,0,512,26600,1920,1080,000002AB2830A6F0
2544,210486079276,25.160543700,57.382300,Present,0,512,26600,1920,1080,000002AB2830A6F0
2545,210486661269,25.218743000,58.199300,Present,0,512,26600,1920,1080,000002AB2830A6F0
2546,210487229033,25.275519400,56.776400,Present,0,512,26600,1920,1080,000002AB2830A6F0
2547,210487803865,25.333002600,57.483200,Present,0,512,26600,1920,1080,000002AB2830A6F0
2548,210488391835,25.391799600,58.797000,Present,0,512,26600,1920,1080,000002AB2830A6F0
2549,210489005439,25.453160000,61.360400,Present,0,512,26600,1920,1080,000002AB2830A6F0
2550,210489598934,25.512509500,59.349500,Present,0,512,26600,1920,1080,000002AB2830A6F0
2551,210490182437,25.570859800,58.350300,Present,0,512,26600,1920,1080,000002AB2830A6F0
2552,210490742825,25.626898600,56.038800,Present,0,512,26600,1920,1080,000002AB2830A6F0
2553,210491321681,25.684784200,57.885600,Present,0,512,26600,1920,1080,000002AB2830A6F0
2554,210491920965,25.744712600,59.928400,Present,0,512,26600,1920,1080,000002AB2830A6F0
2555,210492606932,25.813309300,68.596700,Present,0,512,26600,1920,1080,000002AB2830A6F0
2556,210493184922,25.871108300,57.799000,Present,0,512,26600,1920,1080,000002AB2830A6F0
2557,210493733518,25.925967900,54.859600,Present,0,512,26600,1920,1080,000002AB2830A6F0
2558,210496251714,26.177787500,251.819600,Present,0,512,26600,1920,1080,000002AB2830A6F0
2559,210496842842,26.236900300,59.112800,Present,0,512,26600,1920,1080,000002AB2830A6F0
2560,210497582384,26.310854500,73.954200,Present,0,512,26600,1920,1080,000002AB2830A6F0
2561,210498357221,26.388338200,77.483700,Present,0,512,26600,1920,1080,000002AB2830A6F0
2562,210499101822,26.462798300,74.460100,Present,0,512,26600,1920,1080,000002AB2830A6F0
2563,210499852192,26.537835300,75.037000,Present,0,512,26600,1920,1080,000002AB2830A6F0
2564,210500582647,26.610880800,73.045500,Present,0,512,26600,1920,1080,000002AB2830A6F0
2565,210501270627,26.679678800,68.798000,Present,0,512,26600,1920,1080,000002AB2830A6F0
2566,210501992654,26.751881500,72.202700,Present,0,512,26600,1920,1080,000002AB2830A6F0
2567,210502813706,26.833986700,82.105200,Present,0,512,26600,1920,1080,000002AB2830A6F0
2568,210503441750,26.896791100,62.804400,Present,0,512,26600,1920,1080,000002AB2830A6F0
2569,210504104984,26.963114500,66.323400,Present,0,512,26600,1920,1080,000002AB2830A6F0
2570,210504892282,27.041844300,78.729800,Present,0,512,26600,1920,1080,000002AB2830A6F0
2571,210505802058,27.132821900,90.977600,Present,0,512,26600,1920,1080,000002AB2830A6F0
2572,210506400948,27.192710900,59.889000,Present,0,512,26600,1920,1080,000002AB2830A6F0
2573,210507057657,27.258381800,65.670900,Present,0,512,26600,1920,1080,000002AB2830A6F0
2574,210507784040,27.331020100,72.638300,Present,0,512,26600,1920,1080,000002AB2830A6F0
2575,210508510159,27.403632000,72.611900,Present,0,512,26600,1920,1080,000002AB2830A6F0
2576,210509241895,27.476805600,73.173600,Present,0,512,26600,1920,1080,000002AB2830A6F0
2577,210509899816,27.542597700,65.792100,Present,0,512,26600,1920,1080,000002AB2830A6F0
2578,210510652609,27.617877000,75.279300,Present,0,512,26600,1920,1080,000002AB2830A6F0
2579,210511375655,27.690181600,72.304600,Present,0,512,26600,1920,1080,000002AB2830A6F0
2580,210512078350,27.760451100,70.269500,Present,0,512,26600,1920,1080,000002AB2830A6F0
2581,210512831328,27.835748900,75.297800,Present,0,512,26600,1920,1080,000002AB2830A6F0
2582,210513593559,27.911972000,76.223100,Present,0,512,26600,1920,1080,000002AB2830A6F0
2583,210514323336,27.984949700,72.977700,Present,0,512,26600,1920,1080,000002AB2830A6F0
2584,210515014226,28.054038700,69.089000,Present,0,512,26600,1920,1080,000002AB2830A6F0
2585,210515728086,28.125424700,71.386000,Present,0,512,26600,1920,1080,000002AB2830A6F0
2586,210516434067,28.196022800,70.598100,Present,0,512,26600,1920,1080,000002AB2830A6F0
2587,210517165832,28.269199300,73.176500,Present,0,512,26600,1920,1080,000002AB2830A6F0
2588,210517865103,28.339126400,69.927100,Present,0,512,26600,1920,1080,000002AB2830A6F0
2589,210518599188,28.412534900,73.408500,Present,0,512,26600,1920,1080,000002AB2830A6F0
2590,210519316061,28.484222200,71.687300,Present,0,512,26600,1920,1080,000002AB2830A6F0
2591,210520041229,28.556739000,72.516800,Present,0,512,26600,1920,1080,000002AB2830A6F0
2592,210520746514,28.627267500,70.528500,Present,0,512,26600,1920,1080,000002AB2830A6F0
2593,210521478232,28.700439300,73.171800,Present,0,512,26600,1920,1080,000002AB2830A6F0
2594,210522171281,28.769744200,69.304900,Present,0,512,26600,1920,1080,000002AB2830A6F0
2595,210522926001,28.845216200,75.472000,Present,0,512,26600,1920,1080,000002AB2830A6F0
2596,210523647421,28.917358200,72.142000,Present,0,512,26600,1920,1080,000002AB2830A6F0
2597,210524370660,28.989682100,72.323900,Present,0,512,26600,1920,1080,000002AB2830A6F0
2598,210525135232,29.066139300,76.457200,Present,0,512,26600,1920,1080,000002AB2830A6F0
2599,210525907169,29.143333000,77.193700,Present,0,512,26600,1920,1080,000002AB2830A6F0
2600,210526579772,29.210593300,67.260300,Present,0,512,26600,1920,1080,000002AB2830A6F0
2601,210527262738,29.278889900,68.296600,Present,0,512,26600,1920,1080,000002AB2830A6F0
2602,210527972660,29.349882100,70.992200,Present,0,512,26600,1920,1080,000002AB2830A6F0
2603,210528758124,29.428428500,78.546400,Present,0,512,26600,1920,1080,000002AB2830A6F0
2604,210529446845,29.497300600,68.872100,Present,0,512,26600,1920,1080,000002AB2830A6F0
2605,210530168262,29.569442300,72.141700,Present,0,512,26600,1920,1080,000002AB2830A6F0
2606,210530885548,29.641170900,71.728600,Present,0,512,26600,1920,1080,000002AB2830A6F0
2607,210531613163,29.713932400,72.761500,Present,0,512,26600,1920,1080,000002AB2830A6F0
2608,210532322383,29.784854400,70.922000,Present,0,512,26600,1920,1080,000002AB2830A6F0
2609,210533049389,29.857555000,72.700600,Present,0,512,26600,1920,1080,000002AB2830A6F0
2610,210533769039,29.929520000,71.965000,Present,0,512,26600,1920,1080,000002AB2830A6F0
2611,210534469757,29.999591800,70.071800,Present,0,512,26600,1920,1080,000002AB2830A6F0
2612,210535169371,30.069553200,69.961400,Present,0,512,26600,1920,1080,000002AB2830A6F0
2613,210536003881,30.153004200,83.451000,Present,0,512,26600,1920,1080,000002AB2830A6F0
2614,210536751959,30.227812000,74.807800,Present,0,512,26600,1920,1080,000002AB2830A6F0
2615,210537412919,30.293908000,66.096000,Present,0,512,26600,1920,1080,000002AB2830A6F0
2616,210538077408,30.360356900,66.448900,Present,0,512,26600,1920,1080,000002AB2830A6F0
2617,210538773333,30.429949400,69.592500,Present,0,512,26600,1920,1080,000002AB2830A6F0
2618,210539491732,30.501789300,71.839900,Present,0,512,26600,1920,1080,000002AB2830A6F0
2619,210540199343,30.572550400,70.761100,Present,0,512,26600,1920,1080,000002AB2830A6F0
2620,210540941410,30.646757100,74.206700,Present,0,512,26600,1920,1080,000002AB2830A6F0
2621,210541642777,30.716893800,70.136700,Present,0,512,26600,1920,1080,000002AB2830A6F0
2622,210542373388,30.789954900,73.061100,Present,0,512,26600,1920,1080,000002AB2830A6F0
2623,210543104736,30.863089700,73.134800,Present,0,512,26600,1920,1080,000002AB2830A6F0
2624,210543796461,30.932262200,69.172500,Present,0,512,26600,1920,1080,000002AB2830A6F0
2625,210544483008,31.000916900,68.654700,Present,0,512,26600,1920,1080,000002AB2830A6F0
2626,210545204813,31.073097400,72.180500,Present,0,512,26600,1920,1080,000002AB2830A6F0
2627,210545955671,31.148183200,75.085800,Present,0,512,26600,1920,1080,000002AB2830A6F0
2628,210546663634,31.218979500,70.796300,Present,0,512,26600,1920,1080,000002AB2830A6F0
2629,210547376675,31.290283600,71.304100,Present,0,512,26600,1920,1080,000002AB2830A6F0
2630,210548128655,31.365481600,75.198000,Present,0,512,26600,1920,1080,000002AB2830A6F0
2631,210548819406,31.434556700,69.075100,Present,0,512,26600,1920,1080,000002AB2830A6F0
2632,210549554789,31.508095000,73.538300,Present,0,512,26600,1920,1080,000002AB2830A6F0
2633,210550286767,31.581292800,73.197800,Present,0,512,26600,1920,1080,000002AB2830A6F0
2634,210550977793,31.650395400,69.102600,Present,0,512,26600,1920,1080,000002AB2830A6F0
2635,210551709897,31.723605800,73.210400,Present,0,512,26600,1920,1080,000002AB2830A6F0
2636,210552436551,31.796271200,72.665400,Present,0,512,26600,1920,1080,000002AB2830A6F0
2637,210553219835,31.874599600,78.328400,Present,0,512,26600,1920,1080,000002AB2830A6F0
2638,210553934073,31.946023400,71.423800,Present,0,512,26600,1920,1080,000002AB2830A6F0
2639,210554597253,32.012341400,66.318000,Present,0,512,26600,1920,1080,000002AB2830A6F0
2640,210555314882,32.084104300,71.762900,Present,0,512,26600,1920,1080,000002AB2830A6F0
2641,210556026894,32.155305500,71.201200,Present,0,512,26600,1920,1080,000002AB2830A6F0
2642,210556713664,32.223982500,68.677000,Present,0,512,26600,1920,1080,000002AB2830A6F0
2643,210557441697,32.296785800,72.803300,Present,0,512,26600,1920,1080,000002AB2830A6F0
2644,210558135298,32.366145900,69.360100,Present,0,512,26600,1920,1080,000002AB2830A6F0
2645,210558876215,32.440237600,74.091700,Present,0,512,26600,1920,1080,000002AB2830A6F0
2646,210559667832,32.519399300,79.161700,Present,0,512,26600,1920,1080,000002AB2830A6F0
2647,210560367780,32.589394100,69.994800,Present,0,512,26600,1920,1080,000002AB2830A6F0
2648,210561113295,32.663945600,74.551500,Present,0,512,26600,1920,1080,000002AB2830A6F0
2649,210561824137,32.735029800,71.084200,Present,0,512,26600,1920,1080,000002AB2830A6F0
2650,210562536520,32.806268100,71.238300,Present,0,512,26600,1920,1080,000002AB2830A6F0
2651,210563250610,32.877677100,71.409000,Present,0,512,26600,1920,1080,000002AB2830A6F0
2652,210563958665,32.948482600,70.805500,Present,0,512,26600,1920,1080,000002AB2830A6F0
2653,210564716537,33.024269800,75.787200,Present,0,512,26600,1920,1080,000002AB2830A6F0
2654,210565525215,33.105137600,80.867800,Present,0,512,26600,1920,1080,000002AB2830A6F0
2655,210566210107,33.173626800,68.489200,Present,0,512,26600,1920,1080,000002AB2830A6F0
2656,210566916288,33.244244900,70.618100,Present,0,512,26600,1920,1080,000002AB2830A6F0
2657,210567624693,33.315085400,70.840500,Present,0,512,26600,1920,1080,000002AB2830A6F0
2658,210568326034,33.385219500,70.134100,Present,0,512,26600,1920,1080,000002AB2830A6F0
2659,210569116141,33.464230200,79.010700,Present,0,512,26600,1920,1080,000002AB2830A6F0
2660,210569777120,33.530328100,66.097900,Present,0,512,26600,1920,1080,000002AB2830A6F0
2661,210570485696,33.601185700,70.857600,Present,0,512,26600,1920,1080,000002AB2830A6F0
2662,210571209016,33.673517700,72.332000,Present,0,512,26600,1920,1080,000002AB2830A6F0
2663,210571931319,33.745748000,72.230300,Present,0,512,26600,1920,1080,000002AB2830A6F0
2664,210572631291,33.815745200,69.997200,Present,0,512,26600,1920,1080,000002AB2830A6F0
2665,210573353172,33.887933300,72.188100,Present,0,512,26600,1920,1080,000002AB2830A6F0
2666,210574069116,33.959527700,71.594400,Present,0,512,26600,1920,1080,000002AB2830A6F0
2667,210574809899,34.033606000,74.078300,Present,0,512,26600,1920,1080,000002AB2830A6F0
2668,210575517037,34.104319800,70.713800,Present,0,512,26600,1920,1080,000002AB2830A6F0
2669,210576252985,34.177914600,73.594800,Present,0,512,26600,1920,1080,000002AB2830A6F0
2670,210576996594,34.252275500,74.360900,Present,0,512,26600,1920,1080,000002AB2830A6F0
2671,210577706749,34.323291000,71.015500,Present,0,512,26600,1920,1080,000002AB2830A6F0
2672,210578420538,34.394669900,71.378900,Present,0,512,26600,1920,1080,000002AB2830A6F0
2673,210579134853,34.466101400,71.431500,Present,0,512,26600,1920,1080,000002AB2830A6F0
2674,210579838630,34.536479100,70.377700,Present,0,512,26600,1920,1080,000002AB2830A6F0
2675,210580574125,34.610028600,73.549500,Present,0,512,26600,1920,1080,000002AB2830A6F0
2676,210581303421,34.682958200,72.929600,Present,0,512,26600,1920,1080,000002AB2830A6F0
2677,210582068419,34.759458000,76.499800,Present,0,512,26600,1920,1080,000002AB2830A6F0
2678,210582827386,34.835354700,75.896700,Present,0,512,26600,1920,1080,000002AB2830A6F0
2679,210583556385,34.908254600,72.899900,Present,0,512,26600,1920,1080,000002AB2830A6F0
2680,210584256415,34.978257600,70.003000,Present,0,512,26600,1920,1080,000002AB2830A6F0
2681,210584982537,35.050869800,72.612200,Present,0,512,26600,1920,1080,000002AB2830A6F0
2682,210585674406,35.120056700,69.186900,Present,0,512,26600,1920,1080,000002AB2830A6F0
2683,210586403062,35.192922300,72.865600,Present,0,512,26600,1920,1080,000002AB2830A6F0
2684,210587112210,35.263837100,70.914800,Present,0,512,26600,1920,1080,000002AB2830A6F0
2685,210587865579,35.339174000,75.336900,Present,0,512,26600,1920,1080,000002AB2830A6F0
2686,210588580249,35.410641000,71.467000,Present,0,512,26600,1920,1080,000002AB2830A6F0
2687,210589325712,35.485187300,74.546300,Present,0,512,26600,1920,1080,000002AB2830A6F0
2688,210590052911,35.557907200,72.719900,Present,0,512,26600,1920,1080,000002AB2830A6F0
2689,210590782743,35.630890400,72.983200,Present,0,512,26600,1920,1080,000002AB2830A6F0
2690,210591514504,35.704066500,73.176100,Present,0,512,26600,1920,1080,000002AB2830A6F0
2691,210592273220,35.779938100,75.871600,Present,0,512,26600,1920,1080,000002AB2830A6F0
2692,210593022101,35.854826200,74.888100,Present,0,512,26600,1920,1080,000002AB2830A6F0
2693,210593745302,35.927146300,72.320100,Present,0,512,26600,1920,1080,000002AB2830A6F0
2694,210594434268,35.996042900,68.896600,Present,0,512,26600,1920,1080,000002AB2830A6F0
2695,210595155886,36.068204700,72.161800,Present,0,512,26600,1920,1080,000002AB2830A6F0
2696,210595857504,36.138366500,70.161800,Present,0,512,26600,1920,1080,000002AB2830A6F0
2697,210596582735,36.210889600,72.523100,Present,0,512,26600,1920,1080,000002AB2830A6F0
2698,210597311670,36.283783100,72.893500,Present,0,512,26600,1920,1080,000002AB2830A6F0
2699,210598031523,36.355768400,71.985300,Present,0,512,26600,1920,1080,000002AB2830A6F0
2700,210598761356,36.428751700,72.983300,Present,0,512,26600,1920,1080,000002AB2830A6F0
2701,210599466128,36.499228900,70.477200,Present,0,512,26600,1920,1080,000002AB2830A6F0
2702,210600186447,36.571260800,72.031900,Present,0,512,26600,1920,1080,000002AB2830A6F0
2703,210600949500,36.647566100,76.305300,Present,0,512,26600,1920,1080,000002AB2830A6F0
2704,210601647507,36.717366800,69.800700,Present,0,512,26600,1920,1080,000002AB2830A6F0
2705,210602364699,36.789086000,71.719200,Present,0,512,26600,1920,1080,000002AB2830A6F0
2706,210603065105,36.859126600,70.040600,Present,0,512,26600,1920,1080,000002AB2830A6F0
2707,210603793765,36.931992600,72.866000,Present,0,512,26600,1920,1080,000002AB2830A6F0
2708,210604522890,37.004905100,72.912500,Present,0,512,26600,1920,1080,000002AB2830A6F0
2709,210605247577,37.077373800,72.468700,Present,0,512,26600,1920,1080,000002AB2830A6F0
2710,210606036614,37.156277500,78.903700,Present,0,512,26600,1920,1080,000002AB2830A6F0
2711,210606756381,37.228254200,71.976700,Present,0,512,26600,1920,1080,000002AB2830A6F0
2712,210607465418,37.299157900,70.903700,Present,0,512,26600,1920,1080,000002AB2830A6F0
2713,210608198341,37.372450200,73.292300,Present,0,512,26600,1920,1080,000002AB2830A6F0
2714,210608881508,37.440766900,68.316700,Present,0,512,26600,1920,1080,000002AB2830A6F0
2715,210609660556,37.518671700,77.904800,Present,0,512,26600,1920,1080,000002AB2830A6F0
2716,210610403647,37.592980800,74.309100,Present,0,512,26600,1920,1080,000002AB2830A6F0
2717,210611109530,37.663569100,70.588300,Present,0,512,26600,1920,1080,000002AB2830A6F0
2718,210611842670,37.736883100,73.314000,Present,0,512,26600,1920,1080,000002AB2830A6F0
2719,210612570755,37.809691600,72.808500,Present,0,512,26600,1920,1080,000002AB2830A6F0
2720,210613290773,37.881693400,72.001800,Present,0,512,26600,1920,1080,000002AB2830A6F0
2721,210614010554,37.953671500,71.978100,Present,0,512,26600,1920,1080,000002AB2830A6F0
2722,210614703216,38.022937700,69.266200,Present,0,512,26600,1920,1080,000002AB2830A6F0
2723,210615435264,38.096142500,73.204800,Present,0,512,26600,1920,1080,000002AB2830A6F0
2724,210616139059,38.166522000,70.379500,Present,0,512,26600,1920,1080,000002AB2830A6F0
2725,210616874053,38.240021400,73.499400,Present,0,512,26600,1920,1080,000002AB2830A6F0
2726,210617595368,38.312152900,72.131500,Present,0,512,26600,1920,1080,000002AB2830A6F0
2727,210618378812,38.390497300,78.344400,Present,0,512,26600,1920,1080,000002AB2830A6F0
2728,210619060149,38.458631000,68.133700,Present,0,512,26600,1920,1080,000002AB2830A6F0
2729,210619760448,38.528660900,70.029900,Present,0,512,26600,1920,1080,000002AB2830A6F0
2730,210620488708,38.601486900,72.826000,Present,0,512,26600,1920,1080,000002AB2830A6F0
2731,210621201953,38.672811400,71.324500,Present,0,512,26600,1920,1080,000002AB2830A6F0
2732,210621938574,38.746473500,73.662100,Present,0,512,26600,1920,1080,000002AB2830A6F0
2733,210622673290,38.819945100,73.471600,Present,0,512,26600,1920,1080,000002AB2830A6F0
2734,210623391630,38.891779100,71.834000,Present,0,512,26600,1920,1080,000002AB2830A6F0
2735,210624177169,38.970333000,78.553900,Present,0,512,26600,1920,1080,000002AB2830A6F0
2736,210624843619,39.036978000,66.645000,Present,0,512,26600,1920,1080,000002AB2830A6F0
2737,210625543113,39.106927400,69.949400,Present,0,512,26600,1920,1080,000002AB2830A6F0
2738,210626270398,39.179655900,72.728500,Present,0,512,26600,1920,1080,000002AB2830A6F0
2739,210626986627,39.251278800,71.622900,Present,0,512,26600,1920,1080,000002AB2830A6F0
2740,210627805821,39.333198200,81.919400,Present,0,512,26600,1920,1080,000002AB2830A6F0
2741,210628478523,39.400468400,67.270200,Present,0,512,26600,1920,1080,000002AB2830A6F0
2742,210629197079,39.472324000,71.855600,Present,0,512,26600,1920,1080,000002AB2830A6F0
2743,210629912387,39.543854800,71.530800,Present,0,512,26600,1920,1080,000002AB2830A6F0
2744,210630606255,39.613241600,69.386800,Present,0,512,26600,1920,1080,000002AB2830A6F0
2745,210631334587,39.686074800,72.833200,Present,0,512,26600,1920,1080,000002AB2830A6F0
2746,210632010833,39.753699400,67.624600,Present,0,512,26600,1920,1080,000002AB2830A6F0
2747,210632717492,39.824365300,70.665900,Present,0,512,26600,1920,1080,000002AB2830A6F0
2748,210633456372,39.898253300,73.888000,Present,0,512,26600,1920,1080,000002AB2830A6F0
2749,210634179182,39.970534300,72.281000,Present,0,512,26600,1920,1080,000002AB2830A6F0
2750,210634922966,40.044912700,74.378400,Present,0,512,26600,1920,1080,000002AB2830A6F0
2751,210635614005,40.114016600,69.103900,Present,0,512,26600,1920,1080,000002AB2830A6F0
2752,210636303296,40.182945700,68.929100,Present,0,512,26600,1920,1080,000002AB2830A6F0
2753,210637030077,40.255623800,72.678100,Present,0,512,26600,1920,1080,000002AB2830A6F0
2754,210637710323,40.323648400,68.024600,Present,0,512,26600,1920,1080,000002AB2830A6F0
2755,210638441698,40.396785900,73.137500,Present,0,512,26600,1920,1080,000002AB2830A6F0
2756,210639159268,40.468542900,71.757000,Present,0,512,26600,1920,1080,000002AB2830A6F0
2757,210639869434,40.539559500,71.016600,Present,0,512,26600,1920,1080,000002AB2830A6F0
2758,210640636018,40.616217900,76.658400,Present,0,512,26600,1920,1080,000002AB2830A6F0
2759,210641369843,40.689600400,73.382500,Present,0,512,26600,1920,1080,000002AB2830A6F0
2760,210642089832,40.761599300,71.998900,Present,0,512,26600,1920,1080,000002AB2830A6F0
2761,210642797844,40.832400500,70.801200,Present,0,512,26600,1920,1080,000002AB2830A6F0
2762,210643500190,40.902635100,70.234600,Present,0,512,26600,1920,1080,000002AB2830A6F0
2763,210644236391,40.976255200,73.620100,Present,0,512,26600,1920,1080,000002AB2830A6F0
2764,210644945995,41.047215600,70.960400,Present,0,512,26600,1920,1080,000002AB2830A6F0
2765,210645680164,41.120632500,73.416900,Present,0,512,26600,1920,1080,000002AB2830A6F0
2766,210646397754,41.192391500,71.759000,Present,0,512,26600,1920,1080,000002AB2830A6F0
2767,210647111602,41.263776300,71.384800,Present,0,512,26600,1920,1080,000002AB2830A6F0
2768,210647862594,41.338875500,75.099200,Present,0,512,26600,1920,1080,000002AB2830A6F0
2769,210648569249,41.409541000,70.665500,Present,0,512,26600,1920,1080,000002AB2830A6F0
2770,210649301625,41.482778600,73.237600,Present,0,512,26600,1920,1080,000002AB2830A6F0
2771,210650004554,41.553071500,70.292900,Present,0,512,26600,1920,1080,000002AB2830A6F0
2772,210650745156,41.627131700,74.060200,Present,0,512,26600,1920,1080,000002AB2830A6F0
2773,210651488681,41.701484200,74.352500,Present,0,512,26600,1920,1080,000002AB2830A6F0
2774,210652251102,41.777726300,76.242100,Present,0,512,26600,1920,1080,000002AB2830A6F0
2775,210652955447,41.848160800,70.434500,Present,0,512,26600,1920,1080,000002AB2830A6F0
2776,210653653330,41.917949100,69.788300,Present,0,512,26600,1920,1080,000002AB2830A6F0
2777,210654368420,41.989458100,71.509000,Present,0,512,26600,1920,1080,000002AB2830A6F0
2778,210655081097,42.060725800,71.267700,Present,0,512,26600,1920,1080,000002AB2830A6F0
2779,210655798321,42.132448200,71.722400,Present,0,512,26600,1920,1080,000002AB2830A6F0
2780,210656522782,42.204894300,72.446100,Present,0,512,26600,1920,1080,000002AB2830A6F0
2781,210657281293,42.280745400,75.851100,Present,0,512,26600,1920,1080,000002AB2830A6F0
2782,210658149893,42.367605400,86.860000,Present,0,512,26600,1920,1080,000002AB2830A6F0
2783,210658763665,42.428982600,61.377200,Present,0,512,26600,1920,1080,000002AB2830A6F0
2784,210659866585,42.539274600,110.292000,Present,0,512,26600,1920,1080,000002AB2830A6F0
2785,210660465431,42.599159200,59.884600,Present,0,512,26600,1920,1080,000002AB2830A6F0
2786,210661171040,42.669720100,70.560900,Present,0,512,26600,1920,1080,000002AB2830A6F0
2787,210661928203,42.745436400,75.716300,Present,0,512,26600,1920,1080,000002AB2830A6F0
2788,210662638432,42.816459300,71.022900,Present,0,512,26600,1920,1080,000002AB2830A6F0
2789,210663369355,42.889551600,73.092300,Present,0,512,26600,1920,1080,000002AB2830A6F0
2790,210664094486,42.962064700,72.513100,Present,0,512,26600,1920,1080,000002AB2830A6F0
2791,210664836924,43.036308500,74.243800,Present,0,512,26600,1920,1080,000002AB2830A6F0
2792,210665565076,43.109123700,72.815200,Present,0,512,26600,1920,1080,000002AB2830A6F0
2793,210666298262,43.182442300,73.318600,Present,0,512,26600,1920,1080,000002AB2830A6F0
2794,210666988844,43.251500500,69.058200,Present,0,512,26600,1920,1080,000002AB2830A6F0
2795,210667703406,43.322956700,71.456200,Present,0,512,26600,1920,1080,000002AB2830A6F0
2796,210668432137,43.395829800,72.873100,Present,0,512,26600,1920,1080,000002AB2830A6F0
2797,210669139456,43.466561700,70.731900,Present,0,512,26600,1920,1080,000002AB2830A6F0
2798,210669856622,43.538278300,71.716600,Present,0,512,26600,1920,1080,000002AB2830A6F0
2799,210670576843,43.610300400,72.022100,Present,0,512,26600,1920,1080,000002AB2830A6F0
2800,210671287995,43.681415600,71.115200,Present,0,512,26600,1920,1080,000002AB2830A6F0
2801,210671999221,43.752538200,71.122600,Present,0,512,26600,1920,1080,000002AB2830A6F0
2802,210672707810,43.823397100,70.858900,Present,0,512,26600,1920,1080,000002AB2830A6F0
2803,210673491793,43.901795400,78.398300,Present,0,512,26600,1920,1080,000002AB2830A6F0
2804,210674164992,43.969115300,67.319900,Present,0,512,26600,1920,1080,000002AB2830A6F0
2805,210674906251,44.043241200,74.125900,Present,0,512,26600,1920,1080,000002AB2830A6F0
2806,210675602192,44.112835300,69.594100,Present,0,512,26600,1920,1080,000002AB2830A6F0
2807,210676338442,44.186460300,73.625000,Present,0,512,26600,1920,1080,000002AB2830A6F0
2808,210677072982,44.259914300,73.454000,Present,0,512,26600,1920,1080,000002AB2830A6F0
2809,210677771812,44.329797300,69.883000,Present,0,512,26600,1920,1080,000002AB2830A6F0
2810,210678497561,44.402372200,72.574900,Present,0,512,26600,1920,1080,000002AB2830A6F0
2811,210679199528,44.472568900,70.196700,Present,0,512,26600,1920,1080,000002AB2830A6F0
2812,210679928002,44.545416300,72.847400,Present,0,512,26600,1920,1080,000002AB2830A6F0
2813,210680733204,44.625936500,80.520200,Present,0,512,26600,1920,1080,000002AB2830A6F0
2814,210681404776,44.693093700,67.157200,Present,0,512,26600,1920,1080,000002AB2830A6F0
2815,210682094074,44.762023500,68.929800,Present,0,512,26600,1920,1080,000002AB2830A6F0
2816,210682781984,44.830814500,68.791000,Present,0,512,26600,1920,1080,000002AB2830A6F0
2817,210683514832,44.904099300,73.284800,Present,0,512,26600,1920,1080,000002AB2830A6F0
2818,210684238279,44.976444000,72.344700,Present,0,512,26600,1920,1080,000002AB2830A6F0
2819,210684921312,45.044747300,68.303300,Present,0,512,26600,1920,1080,000002AB2830A6F0
2820,210685663134,45.118929500,74.182200,Present,0,512,26600,1920,1080,000002AB2830A6F0
2821,210686441567,45.196772800,77.843300,Present,0,512,26600,1920,1080,000002AB2830A6F0
2822,210687152898,45.267905900,71.133100,Present,0,512,26600,1920,1080,000002AB2830A6F0
2823,210687865632,45.339179300,71.273400,Present,0,512,26600,1920,1080,000002AB2830A6F0
2824,210688726026,45.425218700,86.039400,Present,0,512,26600,1920,1080,000002AB2830A6F0
2825,210689336705,45.486286600,61.067900,Present,0,512,26600,1920,1080,000002AB2830A6F0
2826,210690001268,45.552742900,66.456300,Present,0,512,26600,1920,1080,000002AB2830A6F0
2827,210690725003,45.625116400,72.373500,Present,0,512,26600,1920,1080,000002AB2830A6F0
2828,210691447467,45.697362800,72.246400,Present,0,512,26600,1920,1080,000002AB2830A6F0
2829,210692249683,45.777584400,80.221600,Present,0,512,26600,1920,1080,000002AB2830A6F0
2830,210692941446,45.846760700,69.176300,Present,0,512,26600,1920,1080,000002AB2830A6F0
2831,210693643179,45.916934000,70.173300,Present,0,512,26600,1920,1080,000002AB2830A6F0
2832,210694341737,45.986789800,69.855800,Present,0,512,26600,1920,1080,000002AB2830A6F0
2833,210695035928,46.056208900,69.419100,Present,0,512,26600,1920,1080,000002AB2830A6F0
2834,210695725767,46.125192800,68.983900,Present,0,512,26600,1920,1080,000002AB2830A6F0
2835,210696451757,46.197791800,72.599000,Present,0,512,26600,1920,1080,000002AB2830A6F0
2836,210697199918,46.272607900,74.816100,Present,0,512,26600,1920,1080,000002AB2830A6F0
2837,210697932196,46.345835700,73.227800,Present,0,512,26600,1920,1080,000002AB2830A6F0
2838,210698648626,46.417478700,71.643000,Present,0,512,26600,1920,1080,000002AB2830A6F0
2839,210699366815,46.489297600,71.818900,Present,0,512,26600,1920,1080,000002AB2830A6F0
2840,210700086894,46.561305500,72.007900,Present,0,512,26600,1920,1080,000002AB2830A6F0
2841,210700790776,46.631693700,70.388200,Present,0,512,26600,1920,1080,000002AB2830A6F0
2842,210701516666,46.704282700,72.589000,Present,0,512,26600,1920,1080,000002AB2830A6F0
2843,210702367060,46.789322100,85.039400,Present,0,512,26600,1920,1080,000002AB2830A6F0
2844,210703019655,46.854581600,65.259500,Present,0,512,26600,1920,1080,000002AB2830A6F0
2845,210703724324,46.925048500,70.466900,Present,0,512,26600,1920,1080,000002AB2830A6F0
2846,210704446657,46.997281800,72.233300,Present,0,512,26600,1920,1080,000002AB2830A6F0
2847,210705189287,47.071544800,74.263000,Present,0,512,26600,1920,1080,000002AB2830A6F0
2848,210705894250,47.142041100,70.496300,Present,0,512,26600,1920,1080,000002AB2830A6F0
2849,210706593161,47.211932200,69.891100,Present,0,512,26600,1920,1080,000002AB2830A6F0
2850,210707325617,47.285177800,73.245600,Present,0,512,26600,1920,1080,000002AB2830A6F0
2851,210708032286,47.355844700,70.666900,Present,0,512,26600,1920,1080,000002AB2830A6F0
2852,210708790417,47.431657800,75.813100,Present,0,512,26600,1920,1080,000002AB2830A6F0
2853,210709496497,47.502265800,70.608000,Present,0,512,26600,1920,1080,000002AB2830A6F0
2854,210710330253,47.585641400,83.375600,Present,0,512,26600,1920,1080,000002AB2830A6F0
2855,210711050469,47.657663000,72.021600,Present,0,512,26600,1920,1080,000002AB2830A6F0
2856,210711820156,47.734631700,76.968700,Present,0,512,26600,1920,1080,000002AB2830A6F0
2857,210712544079,47.807024000,72.392300,Present,0,512,26600,1920,1080,000002AB2830A6F0
2858,210713288051,47.881421200,74.397200,Present,0,512,26600,1920,1080,000002AB2830A6F0
2859,210714044944,47.957110500,75.689300,Present,0,512,26600,1920,1080,000002AB2830A6F0
2860,210714784256,48.031041700,73.931200,Present,0,512,26600,1920,1080,000002AB2830A6F0
2861,210715490261,48.101642200,70.600500,Present,0,512,26600,1920,1080,000002AB2830A6F0
2862,210716241196,48.176735700,75.093500,Present,0,512,26600,1920,1080,000002AB2830A6F0
2863,210716957655,48.248381600,71.645900,Present,0,512,26600,1920,1080,000002AB2830A6F0
2864,210717695491,48.322165200,73.783600,Present,0,512,26600,1920,1080,000002AB2830A6F0
2865,210718406087,48.393224800,71.059600,Present,0,512,26600,1920,1080,000002AB2830A6F0
2866,210719183387,48.470954800,77.730000,Present,0,512,26600,1920,1080,000002AB2830A6F0
2867,210719874357,48.540051800,69.097000,Present,0,512,26600,1920,1080,000002AB2830A6F0
2868,210720547585,48.607374600,67.322800,Present,0,512,26600,1920,1080,000002AB2830A6F0
2869,210721320354,48.684651500,77.276900,Present,0,512,26600,1920,1080,000002AB2830A6F0
2870,210722073912,48.760007300,75.355800,Present,0,512,26600,1920,1080,000002AB2830A6F0
2871,210722789917,48.831607800,71.600500,Present,0,512,26600,1920,1080,000002AB2830A6F0
2872,210723467370,48.899353100,67.745300,Present,0,512,26600,1920,1080,000002AB2830A6F0
2873,210724166151,48.969231200,69.878100,Present,0,512,26600,1920,1080,000002AB2830A6F0
2874,210724861596,49.038775700,69.544500,Present,0,512,26600,1920,1080,000002AB2830A6F0
2875,210725665526,49.119168700,80.393000,Present,0,512,26600,1920,1080,000002AB2830A6F0
2876,210726408232,49.193439300,74.270600,Present,0,512,26600,1920,1080,000002AB2830A6F0
2877,210727128660,49.265482100,72.042800,Present,0,512,26600,1920,1080,000002AB2830A6F0
2878,210727862133,49.338829400,73.347300,Present,0,512,26600,1920,1080,000002AB2830A6F0
2879,210728529383,49.405554400,66.725000,Present,0,512,26600,1920,1080,000002AB2830A6F0
2880,210729235301,49.476146200,70.591800,Present,0,512,26600,1920,1080,000002AB2830A6F0
2881,210729960192,49.548635300,72.489100,Present,0,512,26600,1920,1080,000002AB2830A6F0
2882,210730679039,49.620520000,71.884700,Present,0,512,26600,1920,1080,000002AB2830A6F0
2883,210731437861,49.696402200,75.882200,Present,0,512,26600,1920,1080,000002AB2830A6F0
2884,210732160662,49.768682300,72.280100,Present,0,512,26600,1920,1080,000002AB2830A6F0
2885,210732852520,49.837868100,69.185800,Present,0,512,26600,1920,1080,000002AB2830A6F0
2886,210733619088,49.914524900,76.656800,Present,0,512,26600,1920,1080,000002AB2830A6F0
2887,210734309780,49.983594100,69.069200,Present,0,512,26600,1920,1080,000002AB2830A6F0
2888,210735014630,50.054079100,70.485000,Present,0,512,26600,1920,1080,000002AB2830A6F0
2889,210735715761,50.124192200,70.113100,Present,0,512,26600,1920,1080,000002AB2830A6F0
2890,210736487713,50.201387400,77.195200,Present,0,512,26600,1920,1080,000002AB2830A6F0
2891,210737190336,50.271649700,70.262300,Present,0,512,26600,1920,1080,000002AB2830A6F0
2892,210737918216,50.344437700,72.788000,Present,0,512,26600,1920,1080,000002AB2830A6F0
2893,210738640467,50.416662800,72.225100,Present,0,512,26600,1920,1080,000002AB2830A6F0
2894,210739352148,50.487830900,71.168100,Present,0,512,26600,1920,1080,000002AB2830A6F0
2895,210740078735,50.560489600,72.658700,Present,0,512,26600,1920,1080,000002AB2830A6F0
2896,210740849391,50.637555200,77.065600,Present,0,512,26600,1920,1080,000002AB2830A6F0
2897,210741540791,50.706695200,69.140000,Present,0,512,26600,1920,1080,000002AB2830A6F0
2898,210742241446,50.776760700,70.065500,Present,0,512,26600,1920,1080,000002AB2830A6F0
2899,210742951865,50.847802600,71.041900,Present,0,512,26600,1920,1080,000002AB2830A6F0
2900,210743672875,50.919903600,72.101000,Present,0,512,26600,1920,1080,000002AB2830A6F0
2901,210744434868,50.996102900,76.199300,Present,0,512,26600,1920,1080,000002AB2830A6F0
2902,210745153334,51.067949500,71.846600,Present,0,512,26600,1920,1080,000002AB2830A6F0
2903,210745868461,51.139462200,71.512700,Present,0,512,26600,1920,1080,000002AB2830A6F0
2904,210746545946,51.207210700,67.748500,Present,0,512,26600,1920,1080,000002AB2830A6F0
2905,210747277746,51.280390700,73.180000,Present,0,512,26600,1920,1080,000002AB2830A6F0
2906,210748023591,51.354975200,74.584500,Present,0,512,26600,1920,1080,000002AB2830A6F0
2907,210748740760,51.426692100,71.716900,Present,0,512,26600,1920,1080,000002AB2830A6F0
2908,210749573098,51.509925900,83.233800,Present,0,512,26600,1920,1080,000002AB2830A6F0
2909,210750234784,51.576094500,66.168600,Present,0,512,26600,1920,1080,000002AB2830A6F0
2910,210750904348,51.643050900,66.956400,Present,0,512,26600,1920,1080,000002AB2830A6F0
2911,210753105850,51.863201100,220.150200,Present,0,512,26600,1920,1080,000002AB2830A6F0
2912,210753368971,51.889513200,26.312100,Present,0,512,26600,1920,1080,000002AB2830A6F0
2913,210754047973,51.957413400,67.900200,Present,0,512,26600,1920,1080,000002AB2830A6F0
2914,210754781605,52.030776600,73.363200,Present,0,512,26600,1920,1080,000002AB2830A6F0
2915,210755484297,52.101045800,70.269200,Present,0,512,26600,1920,1080,000002AB2830A6F0
2916,210756222917,52.174907800,73.862000,Present,0,512,26600,1920,1080,000002AB2830A6F0
2917,210756947996,52.247415700,72.507900,Present,0,512,26600,1920,1080,000002AB2830A6F0
2918,210757676008,52.320216900,72.801200,Present,0,512,26600,1920,1080,000002AB2830A6F0
2919,210758332285,52.385844600,65.627700,Present,0,512,26600,1920,1080,000002AB2830A6F0
2920,210759054842,52.458100300,72.255700,Present,0,512,26600,1920,1080,000002AB2830A6F0
2921,210759783809,52.530997000,72.896700,Present,0,512,26600,1920,1080,000002AB2830A6F0
2922,210760522545,52.604870600,73.873600,Present,0,512,26600,1920,1080,000002AB2830A6F0
2923,210761234655,52.676081600,71.211000,Present,0,512,26600,1920,1080,000002AB2830A6F0
2924,210761926777,52.745293800,69.212200,Present,0,512,26600,1920,1080,000002AB2830A6F0
2925,210762660138,52.818629900,73.336100,Present,0,512,26600,1920,1080,000002AB2830A6F0
2926,210763392231,52.891839200,73.209300,Present,0,512,26600,1920,1080,000002AB2830A6F0
2927,210764106442,52.963260300,71.421100,Present,0,512,26600,1920,1080,000002AB2830A6F0
2928,210764813102,53.033926300,70.666000,Present,0,512,26600,1920,1080,000002AB2830A6F0
2929,210765601696,53.112785700,78.859400,Present,0,512,26600,1920,1080,000002AB2830A6F0
2930,210766254228,53.178038900,65.253200,Present,0,512,26600,1920,1080,000002AB2830A6F0
2931,210766982656,53.250881700,72.842800,Present,0,512,26600,1920,1080,000002AB2830A6F0
2932,210767671731,53.319789200,68.907500,Present,0,512,26600,1920,1080,000002AB2830A6F0
2933,210768409147,53.393530800,73.741600,Present,0,512,26600,1920,1080,000002AB2830A6F0
2934,210769111588,53.463774900,70.244100,Present,0,512,26600,1920,1080,000002AB2830A6F0
2935,210769840641,53.536680200,72.905300,Present,0,512,26600,1920,1080,000002AB2830A6F0
2936,210770583049,53.610921000,74.240800,Present,0,512,26600,1920,1080,000002AB2830A6F0
2937,210771327527,53.685368800,74.447800,Present,0,512,26600,1920,1080,000002AB2830A6F0
2938,210772079870,53.760603100,75.234300,Present,0,512,26600,1920,1080,000002AB2830A6F0
2939,210772769322,53.829548300,68.945200,Present,0,512,26600,1920,1080,000002AB2830A6F0
2940,210773489984,53.901614500,72.066200,Present,0,512,26600,1920,1080,000002AB2830A6F0
2941,210774236685,53.976284600,74.670100,Present,0,512,26600,1920,1080,000002AB2830A6F0
2942,210774949229,54.047539000,71.254400,Present,0,512,26600,1920,1080,000002AB2830A6F0
2943,210775660533,54.118669400,71.130400,Present,0,512,26600,1920,1080,000002AB2830A6F0
2944,210776385690,54.191185100,72.515700,Present,0,512,26600,1920,1080,000002AB2830A6F0
2945,210777109530,54.263569100,72.384000,Present,0,512,26600,1920,1080,000002AB2830A6F0
2946,210777823408,54.334956900,71.387800,Present,0,512,26600,1920,1080,000002AB2830A6F0
2947,210778550980,54.407714100,72.757200,Present,0,512,26600,1920,1080,000002AB2830A6F0
2948,210779268453,54.479461400,71.747300,Present,0,512,26600,1920,1080,000002AB2830A6F0
2949,210780070496,54.559665700,80.204300,Present,0,512,26600,1920,1080,000002AB2830A6F0
2950,210780777196,54.630335700,70.670000,Present,0,512,26600,1920,1080,000002AB2830A6F0
2951,210781512386,54.703854700,73.519000,Present,0,512,26600,1920,1080,000002AB2830A6F0
2952,210782207714,54.773387500,69.532800,Present,0,512,26600,1920,1080,000002AB2830A6F0
2953,210782911902,54.843806300,70.418800,Present,0,512,26600,1920,1080,000002AB2830A6F0
2954,210783624616,54.915077700,71.271400,Present,0,512,26600,1920,1080,000002AB2830A6F0
2955,210784320993,54.984715400,69.637700,Present,0,512,26600,1920,1080,000002AB2830A6F0
2956,210785039956,55.056611700,71.896300,Present,0,512,26600,1920,1080,000002AB2830A6F0
2957,210785756904,55.128306500,71.694800,Present,0,512,26600,1920,1080,000002AB2830A6F0
2958,210786509051,55.203521200,75.214700,Present,0,512,26600,1920,1080,000002AB2830A6F0
2959,210787224904,55.275106500,71.585300,Present,0,512,26600,1920,1080,000002AB2830A6F0
2960,210787937572,55.346373300,71.266800,Present,0,512,26600,1920,1080,000002AB2830A6F0
2961,210788652460,55.417862100,71.488800,Present,0,512,26600,1920,1080,000002AB2830A6F0
2962,210789364672,55.489083300,71.221200,Present,0,512,26600,1920,1080,000002AB2830A6F0
2963,210790083410,55.560957100,71.873800,Present,0,512,26600,1920,1080,000002AB2830A6F0
2964,210790777086,55.630324700,69.367600,Present,0,512,26600,1920,1080,000002AB2830A6F0
2965,210791516383,55.704254400,73.929700,Present,0,512,26600,1920,1080,000002AB2830A6F0
2966,210792254177,55.778033800,73.779400,Present,0,512,26600,1920,1080,000002AB2830A6F0
2967,210792959399,55.848556000,70.522200,Present,0,512,26600,1920,1080,000002AB2830A6F0
2968,210793689740,55.921590100,73.034100,Present,0,512,26600,1920,1080,000002AB2830A6F0
2969,210794371596,55.989775700,68.185600,Present,0,512,26600,1920,1080,000002AB2830A6F0
2970,210795090387,56.061654800,71.879100,Present,0,512,26600,1920,1080,000002AB2830A6F0
2971,210795799265,56.132542600,70.887800,Present,0,512,26600,1920,1080,000002AB2830A6F0
2972,210796520181,56.204634200,72.091600,Present,0,512,26600,1920,1080,000002AB2830A6F0
2973,210797232274,56.275843500,71.209300,Present,0,512,26600,1920,1080,000002AB2830A6F0
2974,210798005143,56.353130400,77.286900,Present,0,512,26600,1920,1080,000002AB2830A6F0
2975,210798689639,56.421580000,68.449600,Present,0,512,26600,1920,1080,000002AB2830A6F0
2976,210799411580,56.493774100,72.194100,Present,0,512,26600,1920,1080,000002AB2830A6F0
2977,210800101979,56.562814000,69.039900,Present,0,512,26600,1920,1080,000002AB2830A6F0
2978,210800787418,56.631357900,68.543900,Present,0,512,26600,1920,1080,000002AB2830A6F0
2979,210801524080,56.705024100,73.666200,Present,0,512,26600,1920,1080,000002AB2830A6F0
2980,210802248198,56.777435900,72.411800,Present,0,512,26600,1920,1080,000002AB2830A6F0
2981,210802977382,56.850354300,72.918400,Present,0,512,26600,1920,1080,000002AB2830A6F0
2982,210803704405,56.923056600,72.702300,Present,0,512,26600,1920,1080,000002AB2830A6F0
2983,210804401353,56.992751400,69.694800,Present,0,512,26600,1920,1080,000002AB2830A6F0
2984,210805105494,57.063165500,70.414100,Present,0,512,26600,1920,1080,000002AB2830A6F0
2985,210805828706,57.135486700,72.321200,Present,0,512,26600,1920,1080,000002AB2830A6F0
2986,210806584645,57.211080600,75.593900,Present,0,512,26600,1920,1080,000002AB2830A6F0
2987,210807318135,57.284429600,73.349000,Present,0,512,26600,1920,1080,000002AB2830A6F0
2988,210808074638,57.360079900,75.650300,Present,0,512,26600,1920,1080,000002AB2830A6F0
2989,210808764676,57.429083700,69.003800,Present,0,512,26600,1920,1080,000002AB2830A6F0
2990,210809661687,57.518784800,89.701100,Present,0,512,26600,1920,1080,000002AB2830A6F0
2991,210810210662,57.573682300,54.897500,Present,0,512,26600,1920,1080,000002AB2830A6F0
2992,210810927662,57.645382300,71.700000,Present,0,512,26600,1920,1080,000002AB2830A6F0
2993,210811637143,57.716330400,70.948100,Present,0,512,26600,1920,1080,000002AB2830A6F0
2994,210812352529,57.787869000,71.538600,Present,0,512,26600,1920,1080,000002AB2830A6F0
2995,210813074994,57.860115500,72.246500,Present,0,512,26600,1920,1080,000002AB2830A6F0
2996,210813822416,57.934857700,74.742200,Present,0,512,26600,1920,1080,000002AB2830A6F0
2997,210814547150,58.007331100,72.473400,Present,0,512,26600,1920,1080,000002AB2830A6F0
2998,210815256234,58.078239500,70.908400,Present,0,512,26600,1920,1080,000002AB2830A6F0
2999,210815952637,58.147879800,69.640300,Present,0,512,26600,1920,1080,000002AB2830A6F0
3000,210816666256,58.219241700,71.361900,Present,0,512,26600,1920,1080,000002AB2830A6F0
3001,210817377831,58.290399200,71.157500,Present,0,512,26600,1920,1080,000002AB2830A6F0
3002,210818093968,58.362012900,71.613700,Present,0,512,26600,1920,1080,000002AB2830A6F0
3003,210818819783,58.434594400,72.581500,Present,0,512,26600,1920,1080,000002AB2830A6F0
3004,210819520989,58.504715000,70.120600,Present,0,512,26600,1920,1080,000002AB2830A6F0
3005,210820253692,58.577985300,73.270300,Present,0,512,26600,1920,1080,000002AB2830A6F0
3006,210820966673,58.649283400,71.298100,Present,0,512,26600,1920,1080,000002AB2830A6F0
3007,210821773174,58.729933500,80.650100,Present,0,512,26600,1920,1080,000002AB2830A6F0
3008,210822479898,58.800605900,70.672400,Present,0,512,26600,1920,1080,000002AB2830A6F0
3009,210823174198,58.870035900,69.430000,Present,0,512,26600,1920,1080,000002AB2830A6F0
3010,210823904190,58.943035100,72.999200,Present,0,512,26600,1920,1080,000002AB2830A6F0
3011,210824645205,59.017136600,74.101500,Present,0,512,26600,1920,1080,000002AB2830A6F0
3012,210825367500,59.089366100,72.229500,Present,0,512,26600,1920,1080,000002AB2830A6F0
3013,210826076951,59.160311200,70.945100,Present,0,512,26600,1920,1080,000002AB2830A6F0
3014,210826789856,59.231601700,71.290500,Present,0,512,26600,1920,1080,000002AB2830A6F0
3015,210827559576,59.308573700,76.972000,Present,0,512,26600,1920,1080,000002AB2830A6F0
3016,210828267222,59.379338300,70.764600,Present,0,512,26600,1920,1080,000002AB2830A6F0
3017,210828973072,59.449923300,70.585000,Present,0,512,26600,1920,1080,000002AB2830A6F0
3018,210829690658,59.521681900,71.758600,Present,0,512,26600,1920,1080,000002AB2830A6F0
3019,210830403942,59.593010300,71.328400,Present,0,512,26600,1920,1080,000002AB2830A6F0
3020,210831167867,59.669402800,76.392500,Present,0,512,26600,1920,1080,000002AB2830A6F0
3021,210831883218,59.740937900,71.535100,Present,0,512,26600,1920,1080,000002AB2830A6F0
3022,210832594656,59.812081700,71.143800,Present,0,512,26600,1920,1080,000002AB2830A6F0
3023,210833306506,59.883266700,71.185000,Present,0,512,26600,1920,1080,000002AB2830A6F0
3024,210834004165,59.953032600,69.765900,Present,0,512,26600,1920,1080,000002AB2830A6F0
3025,210834729073,60.025523400,72.490800,Present,0,512,26600,1920,1080,000002AB2830A6F0
3026,210835492068,60.101822900,76.299500,Present,0,512,26600,1920,1080,000002AB2830A6F0
3027,210836214450,60.174061100,72.238200,Present,0,512,26600,1920,1080,000002AB2830A6F0
3028,210836904178,60.243033900,68.972800,Present,0,512,26600,1920,1080,000002AB2830A6F0
3029,210837626753,60.315291400,72.257500,Present,0,512,26600,1920,1080,000002AB2830A6F0
3030,210838363854,60.389001500,73.710100,Present,0,512,26600,1920,1080,000002AB2830A6F0
3031,210839042805,60.456896600,67.895100,Present,0,512,26600,1920,1080,000002AB2830A6F0
3032,210839757935,60.528409600,71.513000,Present,0,512,26600,1920,1080,000002AB2830A6F0
3033,210840515431,60.604159200,75.749600,Present,0,512,26600,1920,1080,000002AB2830A6F0
3034,210841200547,60.672670800,68.511600,Present,0,512,26600,1920,1080,000002AB2830A6F0
3035,210841910571,60.743673200,71.002400,Present,0,512,26600,1920,1080,000002AB2830A6F0
3036,210842659689,60.818585000,74.911800,Present,0,512,26600,1920,1080,000002AB2830A6F0
3037,210843367715,60.889387600,70.802600,Present,0,512,26600,1920,1080,000002AB2830A6F0
3038,210844091031,60.961719200,72.331600,Present,0,512,26600,1920,1080,000002AB2830A6F0
3039,210844788082,61.031424300,69.705100,Present,0,512,26600,1920,1080,000002AB2830A6F0
3040,210845554947,61.108110800,76.686500,Present,0,512,26600,1920,1080,000002AB2830A6F0
3041,210846273918,61.180007900,71.897100,Present,0,512,26600,1920,1080,000002AB2830A6F0
3042,210846941740,61.246790100,66.782200,Present,0,512,26600,1920,1080,000002AB2830A6F0
3043,210847663065,61.318922600,72.132500,Present,0,512,26600,1920,1080,000002AB2830A6F0
3044,210848387236,61.391339700,72.417100,Present,0,512,26600,1920,1080,000002AB2830A6F0
3045,210849147957,61.467411800,76.072100,Present,0,512,26600,1920,1080,000002AB2830A6F0
3046,210849957874,61.548403500,80.991700,Present,0,512,26600,1920,1080,000002AB2830A6F0
3047,210850658223,61.618438400,70.034900,Present,0,512,26600,1920,1080,000002AB2830A6F0
3048,210851361470,61.688763100,70.324700,Present,0,512,26600,1920,1080,000002AB2830A6F0
3049,210852068745,61.759490600,70.727500,Present,0,512,26600,1920,1080,000002AB2830A6F0
3050,210852770507,61.829666800,70.176200,Present,0,512,26600,1920,1080,000002AB2830A6F0
3051,210853504763,61.903092400,73.425600,Present,0,512,26600,1920,1080,000002AB2830A6F0
3052,210854235180,61.976134100,73.041700,Present,0,512,26600,1920,1080,000002AB2830A6F0
3053,210855020256,62.054641700,78.507600,Present,0,512,26600,1920,1080,000002AB2830A6F0
3054,210855703480,62.122964100,68.322400,Present,0,512,26600,1920,1080,000002AB2830A6F0
3055,210856434296,62.196045700,73.081600,Present,0,512,26600,1920,1080,000002AB2830A6F0
3056,210857150417,62.267657800,71.612100,Present,0,512,26600,1920,1080,000002AB2830A6F0
3057,210857917060,62.344322100,76.664300,Present,0,512,26600,1920,1080,000002AB2830A6F0
3058,210858581433,62.410759400,66.437300,Present,0,512,26600,1920,1080,000002AB2830A6F0
3059,210859279435,62.480559600,69.800200,Present,0,512,26600,1920,1080,000002AB2830A6F0
3060,210860012652,62.553881300,73.321700,Present,0,512,26600,1920,1080,000002AB2830A6F0
3061,210860759329,62.628549000,74.667700,Present,0,512,26600,1920,1080,000002AB2830A6F0
3062,210861480233,62.700639400,72.090400,Present,0,512,26600,1920,1080,000002AB2830A6F0
3063,210862222597,62.774875800,74.236400,Present,0,512,26600,1920,1080,000002AB2830A6F0
3064,210862947814,62.847397500,72.521700,Present,0,512,26600,1920,1080,000002AB2830A6F0
3065,210863658767,62.918492800,71.095300,Present,0,512,26600,1920,1080,000002AB2830A6F0
3066,210864364529,62.989069000,70.576200,Present,0,512,26600,1920,1080,000002AB2830A6F0
3067,210865081577,63.060773800,71.704800,Present,0,512,26600,1920,1080,000002AB2830A6F0
3068,210865798257,63.132441800,71.668000,Present,0,512,26600,1920,1080,000002AB2830A6F0
3069,210866511853,63.203801400,71.359600,Present,0,512,26600,1920,1080,000002AB2830A6F0
3070,210867293221,63.281938200,78.136800,Present,0,512,26600,1920,1080,000002AB2830A6F0
3071,210868027519,63.355368000,73.429800,Present,0,512,26600,1920,1080,000002AB2830A6F0
3072,210868711370,63.423753100,68.385100,Present,0,512,26600,1920,1080,000002AB2830A6F0
3073,210869439593,63.496575400,72.822300,Present,0,512,26600,1920,1080,000002AB2830A6F0
3074,210870110824,63.563698500,67.123100,Present,0,512,26600,1920,1080,000002AB2830A6F0
3075,210870840411,63.636657200,72.958700,Present,0,512,26600,1920,1080,000002AB2830A6F0
3076,210871615385,63.714154600,77.497400,Present,0,512,26600,1920,1080,000002AB2830A6F0
3077,210872338728,63.786488900,72.334300,Present,0,512,26600,1920,1080,000002AB2830A6F0
3078,210873090379,63.861654000,75.165100,Present,0,512,26600,1920,1080,000002AB2830A6F0
3079,210873789371,63.931553200,69.899200,Present,0,512,26600,1920,1080,000002AB2830A6F0
3080,210874489245,64.001540600,69.987400,Present,0,512,26600,1920,1080,000002AB2830A6F0
3081,210875226067,64.075222800,73.682200,Present,0,512,26600,1920,1080,000002AB2830A6F0
3082,210875922935,64.144909600,69.686800,Present,0,512,26600,1920,1080,000002AB2830A6F0
3083,210876705663,64.223182400,78.272800,Present,0,512,26600,1920,1080,000002AB2830A6F0
3084,210877348732,64.287489300,64.306900,Present,0,512,26600,1920,1080,000002AB2830A6F0
3085,210878079362,64.360552300,73.063000,Present,0,512,26600,1920,1080,000002AB2830A6F0
3086,210878829689,64.435585000,75.032700,Present,0,512,26600,1920,1080,000002AB2830A6F0
3087,210879546019,64.507218000,71.633000,Present,0,512,26600,1920,1080,000002AB2830A6F0
3088,210880246672,64.577283300,70.065300,Present,0,512,26600,1920,1080,000002AB2830A6F0
3089,210880938236,64.646439700,69.156400,Present,0,512,26600,1920,1080,000002AB2830A6F0
3090,210881648443,64.717460400,71.020700,Present,0,512,26600,1920,1080,000002AB2830A6F0
3091,210882386812,64.791297300,73.836900,Present,0,512,26600,1920,1080,000002AB2830A6F0
3092,210883078447,64.860460800,69.163500,Present,0,512,26600,1920,1080,000002AB2830A6F0
3093,210883816192,64.934235300,73.774500,Present,0,512,26600,1920,1080,000002AB2830A6F0
3094,210884596553,65.012271400,78.036100,Present,0,512,26600,1920,1080,000002AB2830A6F0
3095,210885270896,65.079705700,67.434300,Present,0,512,26600,1920,1080,000002AB2830A6F0
3096,210885996941,65.152310200,72.604500,Present,0,512,26600,1920,1080,000002AB2830A6F0
3097,210886695873,65.222203400,69.893200,Present,0,512,26600,1920,1080,000002AB2830A6F0
3098,210887413454,65.293961500,71.758100,Present,0,512,26600,1920,1080,000002AB2830A6F0
3099,210888143376,65.366953700,72.992200,Present,0,512,26600,1920,1080,000002AB2830A6F0
3100,210888836429,65.436259000,69.305300,Present,0,512,26600,1920,1080,000002AB2830A6F0
3101,210889680832,65.520699300,84.440300,Present,0,512,26600,1920,1080,000002AB2830A6F0
3102,210890456485,65.598264600,77.565300,Present,0,512,26600,1920,1080,000002AB2830A6F0
3103,210891307604,65.683376500,85.111900,Present,0,512,26600,1920,1080,000002AB2830A6F0
3104,210900356283,66.588244400,904.867900,Present,0,512,26600,1920,1080,000002AB2830A6F0
3105,210905647718,67.117387900,529.143500,Present,0,512,26600,1920,1080,000002AB2830A6F0
3106,210907690593,67.321675400,204.287500,Present,0,512,26600,1920,1080,000002AB2830A6F0
3107,210909210628,67.473678900,152.003500,Present,0,512,26600,1920,1080,000002AB2830A6F0
3108,210910880433,67.640659400,166.980500,Present,0,512,26600,1920,1080,000002AB2830A6F0
3109,210911873990,67.740015100,99.355700,Present,0,512,26600,1920,1080,000002AB2830A6F0
3110,210912820822,67.834698300,94.683200,Present,0,512,26600,1920,1080,000002AB2830A6F0
3111,210913665693,67.919185400,84.487100,Present,0,512,26600,1920,1080,000002AB2830A6F0
3112,210914751417,68.027757800,108.572400,Present,0,512,26600,1920,1080,000002AB2830A6F0
3113,210915817717,68.134387800,106.630000,Present,0,512,26600,1920,1080,000002AB2830A6F0
3114,210917059555,68.258571600,124.183800,Present,0,512,26600,1920,1080,000002AB2830A6F0
3115,210918334325,68.386048600,127.477000,Present,0,512,26600,1920,1080,000002AB2830A6F0
3116,210919296468,68.482262900,96.214300,Present,0,512,26600,1920,1080,000002AB2830A6F0
3117,210920498900,68.602506100,120.243200,Present,0,512,26600,1920,1080,000002AB2830A6F0
3118,210921745122,68.727128300,124.622200,Present,0,512,26600,1920,1080,000002AB2830A6F0
3119,210922879647,68.840580800,113.452500,Present,0,512,26600,1920,1080,000002AB2830A6F0
3120,210924096166,68.962232700,121.651900,Present,0,512,26600,1920,1080,000002AB2830A6F0
3121,210925214854,69.074101500,111.868800,Present,0,512,26600,1920,1080,000002AB2830A6F0
3122,210926514882,69.204104300,130.002800,Present,0,512,26600,1920,1080,000002AB2830A6F0
3123,210927803175,69.332933600,128.829300,Present,0,512,26600,1920,1080,000002AB2830A6F0
3124,210928749277,69.427543800,94.610200,Present,0,512,26600,1920,1080,000002AB2830A6F0
3125,210930002184,69.552834500,125.290700,Present,0,512,26600,1920,1080,000002AB2830A6F0
3126,210931249581,69.677574200,124.739700,Present,0,512,26600,1920,1080,000002AB2830A6F0
3127,210932271938,69.779809900,102.235700,Present,0,512,26600,1920,1080,000002AB2830A6F0
3128,210933370619,69.889678000,109.868100,Present,0,512,26600,1920,1080,000002AB2830A6F0
3129,210934532829,70.005899000,116.221000,Present,0,512,26600,1920,1080,000002AB2830A6F0
3130,210935674731,70.120089200,114.190200,Present,0,512,26600,1920,1080,000002AB2830A6F0
3131,210936869869,70.239603000,119.513800,Present,0,512,26600,1920,1080,000002AB2830A6F0
3132,210938023900,70.355006100,115.403100,Present,0,512,26600,1920,1080,000002AB2830A6F0
3133,210939138422,70.466458300,111.452200,Present,0,512,26600,1920,1080,000002AB2830A6F0
3134,210940286566,70.581272700,114.814400,Present,0,512,26600,1920,1080,000002AB2830A6F0
3135,210941517435,70.704359600,123.086900,Present,0,512,26600,1920,1080,000002AB2830A6F0
3136,210942710744,70.823690500,119.330900,Present,0,512,26600,1920,1080,000002AB2830A6F0
3137,210943775762,70.930192300,106.501800,Present,0,512,26600,1920,1080,000002AB2830A6F0
3138,210944964155,71.049031600,118.839300,Present,0,512,26600,1920,1080,000002AB2830A6F0
3139,210946356051,71.188221200,139.189600,Present,0,512,26600,1920,1080,000002AB2830A6F0
3140,210947360728,71.288688900,100.467700,Present,0,512,26600,1920,1080,000002AB2830A6F0
3141,210948432690,71.395885100,107.196200,Present,0,512,26600,1920,1080,000002AB2830A6F0
3142,210949586764,71.511292500,115.407400,Present,0,512,26600,1920,1080,000002AB2830A6F0
3143,210951123623,71.664978400,153.685900,Present,0,512,26600,1920,1080,000002AB2830A6F0
3144,210952296286,71.782244700,117.266300,Present,0,512,26600,1920,1080,000002AB2830A6F0
3145,210953086407,71.861256800,79.012100,Present,0,512,26600,1920,1080,000002AB2830A6F0
3146,210954185035,71.971119600,109.862800,Present,0,512,26600,1920,1080,000002AB2830A6F0
3147,210955504620,72.103078100,131.958500,Present,0,512,26600,1920,1080,000002AB2830A6F0
3148,210956612858,72.213901900,110.823800,Present,0,512,26600,1920,1080,000002AB2830A6F0
3149,210957675464,72.320162500,106.260600,Present,0,512,26600,1920,1080,000002AB2830A6F0
3150,210958814768,72.434092900,113.930400,Present,0,512,26600,1920,1080,000002AB2830A6F0
3151,210960292774,72.581893500,147.800600,Present,0,512,26600,1920,1080,000002AB2830A6F0
3152,210961220690,72.674685100,92.791600,Present,0,512,26600,1920,1080,000002AB2830A6F0
3153,210962329447,72.785560800,110.875700,Present,0,512,26600,1920,1080,000002AB2830A6F0
3154,210963433222,72.895938300,110.377500,Present,0,512,26600,1920,1080,000002AB2830A6F0
3155,210964918968,73.044512900,148.574600,Present,0,512,26600,1920,1080,000002AB2830A6F0
3156,210965910572,73.143673300,99.160400,Present,0,512,26600,1920,1080,000002AB2830A6F0
3157,210966941608,73.246776900,103.103600,Present,0,512,26600,1920,1080,000002AB2830A6F0
3158,210968053129,73.357929000,111.152100,Present,0,512,26600,1920,1080,000002AB2830A6F0
3159,210969545493,73.507165400,149.236400,Present,0,512,26600,1920,1080,000002AB2830A6F0
3160,210970535527,73.606168800,99.003400,Present,0,512,26600,1920,1080,000002AB2830A6F0
3161,210971608444,73.713460500,107.291700,Present,0,512,26600,1920,1080,000002AB2830A6F0
3162,210972786335,73.831249600,117.789100,Present,0,512,26600,1920,1080,000002AB2830A6F0
3163,210973945346,73.947150700,115.901100,Present,0,512,26600,1920,1080,000002AB2830A6F0
3164,210975171851,74.069801200,122.650500,Present,0,512,26600,1920,1080,000002AB2830A6F0
3165,210976569972,74.209613300,139.812100,Present,0,512,26600,1920,1080,000002AB2830A6F0
3166,210977606416,74.313257700,103.644400,Present,0,512,26600,1920,1080,000002AB2830A6F0
3167,210978700106,74.422626700,109.369000,Present,0,512,26600,1920,1080,000002AB2830A6F0
3168,210979898587,74.542474800,119.848100,Present,0,512,26600,1920,1080,000002AB2830A6F0
3169,210981312229,74.683839000,141.364200,Present,0,512,26600,1920,1080,000002AB2830A6F0
3170,210982384070,74.791023100,107.184100,Present,0,512,26600,1920,1080,000002AB2830A6F0
3171,210983361417,74.888757800,97.734700,Present,0,512,26600,1920,1080,000002AB2830A6F0
3172,210984636254,75.016241500,127.483700,Present,0,512,26600,1920,1080,000002AB2830A6F0
3173,210985818251,75.134441200,118.199700,Present,0,512,26600,1920,1080,000002AB2830A6F0
3174,210986969641,75.249580200,115.139000,Present,0,512,26600,1920,1080,000002AB2830A6F0
3175,210988367653,75.389381400,139.801200,Present,0,512,26600,1920,1080,000002AB2830A6F0
3176,210989450374,75.497653500,108.272100,Present,0,512,26600,1920,1080,000002AB2830A6F0
3177,210990424131,75.595029200,97.375700,Present,0,512,26600,1920,1080,000002AB2830A6F0
3178,210991643241,75.716940200,121.911000,Present,0,512,26600,1920,1080,000002AB2830A6F0
3179,210992877888,75.840404900,123.464700,Present,0,512,26600,1920,1080,000002AB2830A6F0
3180,210994000392,75.952655300,112.250400,Present,0,512,26600,1920,1080,000002AB2830A6F0
3181,210995114067,76.064022800,111.367500,Present,0,512,26600,1920,1080,000002AB2830A6F0
3182,210996283501,76.180966200,116.943400,Present,0,512,26600,1920,1080,000002AB2830A6F0
3183,210997708574,76.323473500,142.507300,Present,0,512,26600,1920,1080,000002AB2830A6F0
3184,210998731147,76.425730800,102.257300,Present,0,512,26600,1920,1080,000002AB2830A6F0
3185,210999852264,76.537842500,112.111700,Present,0,512,26600,1920,1080,000002AB2830A6F0
3186,211001023276,76.654943700,117.101200,Present,0,512,26600,1920,1080,000002AB2830A6F0
3187,211002592593,76.811875400,156.931700,Present,0,512,26600,1920,1080,000002AB2830A6F0
3188,211003612718,76.913887900,102.012500,Present,0,512,26600,1920,1080,000002AB2830A6F0
3189,211004487168,77.001332900,87.445000,Present,0,512,26600,1920,1080,000002AB2830A6F0
3190,211005717551,77.124371200,123.038300,Present,0,512,26600,1920,1080,000002AB2830A6F0
3191,211007252908,77.277906900,153.535700,Present,0,512,26600,1920,1080,000002AB2830A6F0
3192,211008344554,77.387071500,109.164600,Present,0,512,26600,1920,1080,000002AB2830A6F0
3193,211009243129,77.476929000,89.857500,Present,0,512,26600,1920,1080,000002AB2830A6F0
3194,211010363365,77.588952600,112.023600,Present,0,512,26600,1920,1080,000002AB2830A6F0
3195,211011861271,77.738743200,149.790600,Present,0,512,26600,1920,1080,000002AB2830A6F0
3196,211012918254,77.844441500,105.698300,Present,0,512,26600,1920,1080,000002AB2830A6F0
3197,211013893847,77.942000800,97.559300,Present,0,512,26600,1920,1080,000002AB2830A6F0
3198,211014976409,78.050257000,108.256200,Present,0,512,26600,1920,1080,000002AB2830A6F0
3199,211016282846,78.180900700,130.643700,Present,0,512,26600,1920,1080,000002AB2830A6F0
3200,211017356482,78.288264300,107.363600,Present,0,512,26600,1920,1080,000002AB2830A6F0
3201,211018503431,78.402959200,114.694900,Present,0,512,26600,1920,1080,000002AB2830A6F0
3202,211019758979,78.528514000,125.554800,Present,0,512,26600,1920,1080,000002AB2830A6F0
3203,211020880588,78.640674900,112.160900,Present,0,512,26600,1920,1080,000002AB2830A6F0
3204,211022029885,78.755604600,114.929700,Present,0,512,26600,1920,1080,000002AB2830A6F0
3205,211023261338,78.878749900,123.145300,Present,0,512,26600,1920,1080,000002AB2830A6F0
3206,211024325063,78.985122400,106.372500,Present,0,512,26600,1920,1080,000002AB2830A6F0
3207,211025534772,79.106093300,120.970900,Present,0,512,26600,1920,1080,000002AB2830A6F0
3208,211026583533,79.210969400,104.876100,Present,0,512,26600,1920,1080,000002AB2830A6F0
3209,211027615855,79.314201600,103.232200,Present,0,512,26600,1920,1080,000002AB2830A6F0
3210,211028883632,79.440979300,126.777700,Present,0,512,26600,1920,1080,000002AB2830A6F0
3211,211029794705,79.532086600,91.107300,Present,0,512,26600,1920,1080,000002AB2830A6F0
3212,211030916661,79.644282200,112.195600,Present,0,512,26600,1920,1080,000002AB2830A6F0
3213,211031984778,79.751093900,106.811700,Present,0,512,26600,1920,1080,000002AB2830A6F0
3214,211033275274,79.880143500,129.049600,Present,0,512,26600,1920,1080,000002AB2830A6F0
3215,211034217394,79.974355500,94.212000,Present,0,512,26600,1920,1080,000002AB2830A6F0
3216,211035362867,80.088902800,114.547300,Present,0,512,26600,1920,1080,000002AB2830A6F0
3217,211036447643,80.197380400,108.477600,Present,0,512,26600,1920,1080,000002AB2830A6F0
3218,211037701616,80.322777700,125.397300,Present,0,512,26600,1920,1080,000002AB2830A6F0
3219,211038683366,80.420952700,98.175000,Present,0,512,26600,1920,1080,000002AB2830A6F0
3220,211039759629,80.528579000,107.626300,Present,0,512,26600,1920,1080,000002AB2830A6F0
3221,211040868405,80.639456600,110.877600,Present,0,512,26600,1920,1080,000002AB2830A6F0
3222,211042054826,80.758098700,118.642100,Present,0,512,26600,1920,1080,000002AB2830A6F0
3223,211043064984,80.859114500,101.015800,Present,0,512,26600,1920,1080,000002AB2830A6F0
3224,211044225226,80.975138700,116.024200,Present,0,512,26600,1920,1080,000002AB2830A6F0
3225,211045546821,81.107298200,132.159500,Present,0,512,26600,1920,1080,000002AB2830A6F0
3226,211046534385,81.206054600,98.756400,Present,0,512,26600,1920,1080,000002AB2830A6F0
3227,211047543416,81.306957700,100.903100,Present,0,512,26600,1920,1080,000002AB2830A6F0
3228,211048563285,81.408944600,101.986900,Present,0,512,26600,1920,1080,000002AB2830A6F0
3229,211050237996,81.576415700,167.471100,Present,0,512,26600,1920,1080,000002AB2830A6F0
3230,211051268531,81.679469200,103.053500,Present,0,512,26600,1920,1080,000002AB2830A6F0
3231,211052241461,81.776762200,97.293000,Present,0,512,26600,1920,1080,000002AB2830A6F0
3232,211053126367,81.865252800,88.490600,Present,0,512,26600,1920,1080,000002AB2830A6F0
3233,211054224156,81.975031700,109.778900,Present,0,512,26600,1920,1080,000002AB2830A6F0
3234,211055416480,82.094264100,119.232400,Present,0,512,26600,1920,1080,000002AB2830A6F0
3235,211056580478,82.210663900,116.399800,Present,0,512,26600,1920,1080,000002AB2830A6F0
3236,211057717935,82.324409600,113.745700,Present,0,512,26600,1920,1080,000002AB2830A6F0
3237,211058853623,82.437978400,113.568800,Present,0,512,26600,1920,1080,000002AB2830A6F0
3238,211060002903,82.552906400,114.928000,Present,0,512,26600,1920,1080,000002AB2830A6F0
3239,211061067493,82.659365400,106.459000,Present,0,512,26600,1920,1080,000002AB2830A6F0
3240,211062168065,82.769422600,110.057200,Present,0,512,26600,1920,1080,000002AB2830A6F0
3241,211063284126,82.881028700,111.606100,Present,0,512,26600,1920,1080,000002AB2830A6F0
3242,211064454686,82.998084700,117.056000,Present,0,512,26600,1920,1080,000002AB2830A6F0
3243,211065761496,83.128765700,130.681000,Present,0,512,26600,1920,1080,000002AB2830A6F0
3244,211066757306,83.228346700,99.581000,Present,0,512,26600,1920,1080,000002AB2830A6F0
3245,211068010995,83.353715600,125.368900,Present,0,512,26600,1920,1080,000002AB2830A6F0
3246,211069146288,83.467244900,113.529300,Present,0,512,26600,1920,1080,000002AB2830A6F0
3247,211070089439,83.561560000,94.315100,Present,0,512,26600,1920,1080,000002AB2830A6F0
3248,211071337821,83.686398200,124.838200,Present,0,512,26600,1920,1080,000002AB2830A6F0
3249,211072408488,83.793464900,107.066700,Present,0,512,26600,1920,1080,000002AB2830A6F0
3250,211073687279,83.921344000,127.879100,Present,0,512,26600,1920,1080,000002AB2830A6F0
3251,211074856175,84.038233600,116.889600,Present,0,512,26600,1920,1080,000002AB2830A6F0
3252,211075859216,84.138537700,100.304100,Present,0,512,26600,1920,1080,000002AB2830A6F0
3253,211076947882,84.247404300,108.866600,Present,0,512,26600,1920,1080,000002AB2830A6F0
3254,211078088059,84.361422000,114.017700,Present,0,512,26600,1920,1080,000002AB2830A6F0
3255,211079297845,84.482400600,120.978600,Present,0,512,26600,1920,1080,000002AB2830A6F0
3256,211080351819,84.587798000,105.397400,Present,0,512,26600,1920,1080,000002AB2830A6F0
3257,211081555815,84.708197600,120.399600,Present,0,512,26600,1920,1080,000002AB2830A6F0
3258,211082822803,84.834896400,126.698800,Present,0,512,26600,1920,1080,000002AB2830A6F0
3259,211083939788,84.946594900,111.698500,Present,0,512,26600,1920,1080,000002AB2830A6F0
3260,211084851649,85.037781000,91.186100,Present,0,512,26600,1920,1080,000002AB2830A6F0
3261,211085985886,85.151204700,113.423700,Present,0,512,26600,1920,1080,000002AB2830A6F0
3262,211087066985,85.259314600,108.109900,Present,0,512,26600,1920,1080,000002AB2830A6F0
3263,211088225641,85.375180200,115.865600,Present,0,512,26600,1920,1080,000002AB2830A6F0
3264,211089807050,85.533321100,158.140900,Present,0,512,26600,1920,1080,000002AB2830A6F0
3265,211090584588,85.611074900,77.753800,Present,0,512,26600,1920,1080,000002AB2830A6F0
3266,211091578311,85.710447200,99.372300,Present,0,512,26600,1920,1080,000002AB2830A6F0
3267,211092605304,85.813146500,102.699300,Present,0,512,26600,1920,1080,000002AB2830A6F0
3268,211093951116,85.947727700,134.581200,Present,0,512,26600,1920,1080,000002AB2830A6F0
3269,211094807624,86.033378500,85.650800,Present,0,512,26600,1920,1080,000002AB2830A6F0
3270,211095951756,86.147791700,114.413200,Present,0,512,26600,1920,1080,000002AB2830A6F0
3271,211097028126,86.255428700,107.637000,Present,0,512,26600,1920,1080,000002AB2830A6F0
3272,211098267049,86.379321000,123.892300,Present,0,512,26600,1920,1080,000002AB2830A6F0
3273,211099212772,86.473893300,94.572300,Present,0,512,26600,1920,1080,000002AB2830A6F0
3274,211100366051,86.589221200,115.327900,Present,0,512,26600,1920,1080,000002AB2830A6F0
3275,211101834477,86.736063800,146.842600,Present,0,512,26600,1920,1080,000002AB2830A6F0
3276,211102914132,86.844029300,107.965500,Present,0,512,26600,1920,1080,000002AB2830A6F0
3277,211103791891,86.931805200,87.775900,Present,0,512,26600,1920,1080,000002AB2830A6F0
3278,211104872755,87.039891600,108.086400,Present,0,512,26600,1920,1080,000002AB2830A6F0
3279,211106258368,87.178452900,138.561300,Present,0,512,26600,1920,1080,000002AB2830A6F0
3280,211107303275,87.282943600,104.490700,Present,0,512,26600,1920,1080,000002AB2830A6F0
3281,211108209025,87.373518600,90.575000,Present,0,512,26600,1920,1080,000002AB2830A6F0
3282,211109345764,87.487192500,113.673900,Present,0,512,26600,1920,1080,000002AB2830A6F0
3283,211110589551,87.611571200,124.378700,Present,0,512,26600,1920,1080,000002AB2830A6F0
3284,211111647743,87.717390400,105.819200,Present,0,512,26600,1920,1080,000002AB2830A6F0
3285,211112717544,87.824370500,106.980100,Present,0,512,26600,1920,1080,000002AB2830A6F0
3286,211113907628,87.943378900,119.008400,Present,0,512,26600,1920,1080,000002AB2830A6F0
3287,211114952956,88.047911700,104.532800,Present,0,512,26600,1920,1080,000002AB2830A6F0
3288,211116118907,88.164506800,116.595100,Present,0,512,26600,1920,1080,000002AB2830A6F0
3289,211117461219,88.298738000,134.231200,Present,0,512,26600,1920,1080,000002AB2830A6F0
3290,211118447479,88.397364000,98.626000,Present,0,512,26600,1920,1080,000002AB2830A6F0
3291,211119468903,88.499506400,102.142400,Present,0,512,26600,1920,1080,000002AB2830A6F0
3292,211120585005,88.611116600,111.610200,Present,0,512,26600,1920,1080,000002AB2830A6F0
3293,211121700576,88.722673700,111.557100,Present,0,512,26600,1920,1080,000002AB2830A6F0
3294,211122787209,88.831337000,108.663300,Present,0,512,26600,1920,1080,000002AB2830A6F0
3295,211123965161,88.949132200,117.795200,Present,0,512,26600,1920,1080,000002AB2830A6F0
3296,211125017350,89.054351100,105.218900,Present,0,512,26600,1920,1080,000002AB2830A6F0
3297,211126421117,89.194727800,140.376700,Present,0,512,26600,1920,1080,000002AB2830A6F0
3298,211127344446,89.287060700,92.332900,Present,0,512,26600,1920,1080,000002AB2830A6F0
3299,211128396747,89.392290800,105.230100,Present,0,512,26600,1920,1080,000002AB2830A6F0
3300,211129515101,89.504126200,111.835400,Present,0,512,26600,1920,1080,000002AB2830A6F0
3301,211130601755,89.612791600,108.665400,Present,0,512,26600,1920,1080,000002AB2830A6F0
3302,211131758984,89.728514500,115.722900,Present,0,512,26600,1920,1080,000002AB2830A6F0
3303,211133109719,89.863588000,135.073500,Present,0,512,26600,1920,1080,000002AB2830A6F0
3304,211134195876,89.972203700,108.615700,Present,0,512,26600,1920,1080,000002AB2830A6F0
3305,211135203625,90.072978600,100.774900,Present,0,512,26600,1920,1080,000002AB2830A6F0
3306,211136285565,90.181172600,108.194000,Present,0,512,26600,1920,1080,000002AB2830A6F0
3307,211137501992,90.302815300,121.642700,Present,0,512,26600,1920,1080,000002AB2830A6F0
3308,211138568006,90.409416700,106.601400,Present,0,512,26600,1920,1080,000002AB2830A6F0
3309,211139698899,90.522506000,113.089300,Present,0,512,26600,1920,1080,000002AB2830A6F0
3310,211141050650,90.657681100,135.175100,Present,0,512,26600,1920,1080,000002AB2830A6F0
3311,211141834251,90.736041200,78.360100,Present,0,512,26600,1920,1080,000002AB2830A6F0
3312,211143031574,90.855773500,119.732300,Present,0,512,26600,1920,1080,000002AB2830A6F0
3313,211144109560,90.963572100,107.798600,Present,0,512,26600,1920,1080,000002AB2830A6F0
3314,211145356597,91.088275800,124.703700,Present,0,512,26600,1920,1080,000002AB2830A6F0
3315,211146417152,91.194331300,106.055500,Present,0,512,26600,1920,1080,000002AB2830A6F0
3316,211149322683,91.484884400,290.553100,Present,0,512,26600,1920,1080,000002AB2830A6F0
3317,211150142383,91.566854400,81.970000,Present,0,512,26600,1920,1080,000002AB2830A6F0
3318,211150849158,91.637531900,70.677500,Present,0,512,26600,1920,1080,000002AB2830A6F0
3319,211151928108,91.745426900,107.895000,Present,0,512,26600,1920,1080,000002AB2830A6F0
3320,211153199055,91.872521600,127.094700,Present,0,512,26600,1920,1080,000002AB2830A6F0
3321,211154285271,91.981143200,108.621600,Present,0,512,26600,1920,1080,000002AB2830A6F0
3322,211155300028,92.082618900,101.475700,Present,0,512,26600,1920,1080,000002AB2830A6F0
3323,211156948421,92.247458200,164.839300,Present,0,512,26600,1920,1080,000002AB2830A6F0
3324,211157678621,92.320478200,73.020000,Present,0,512,26600,1920,1080,000002AB2830A6F0
3325,211158791901,92.431806200,111.328000,Present,0,512,26600,1920,1080,000002AB2830A6F0
3326,211159824645,92.535080600,103.274400,Present,0,512,26600,1920,1080,000002AB2830A6F0
3327,211161575744,92.710190500,175.109900,Present,0,512,26600,1920,1080,000002AB2830A6F0
3328,211162341285,92.786744600,76.554100,Present,0,512,26600,1920,1080,000002AB2830A6F0
3329,211163210125,92.873628600,86.884000,Present,0,512,26600,1920,1080,000002AB2830A6F0
3330,211164255151,92.978131200,104.502600,Present,0,512,26600,1920,1080,000002AB2830A6F0
3331,211165694420,93.122058100,143.926900,Present,0,512,26600,1920,1080,000002AB2830A6F0
3332,211166770516,93.229667700,107.609600,Present,0,512,26600,1920,1080,000002AB2830A6F0
3333,211167630066,93.315622700,85.955000,Present,0,512,26600,1920,1080,000002AB2830A6F0
3334,211168709050,93.423521100,107.898400,Present,0,512,26600,1920,1080,000002AB2830A6F0
3335,211169910360,93.543652100,120.131000,Present,0,512,26600,1920,1080,000002AB2830A6F0
3336,211170947706,93.647386700,103.734600,Present,0,512,26600,1920,1080,000002AB2830A6F0
3337,211172488783,93.801494400,154.107700,Present,0,512,26600,1920,1080,000002AB2830A6F0
3338,211173485061,93.901122200,99.627800,Present,0,512,26600,1920,1080,000002AB2830A6F0
3339,211174490620,94.001678100,100.555900,Present,0,512,26600,1920,1080,000002AB2830A6F0
3340,211175401011,94.092717200,91.039100,Present,0,512,26600,1920,1080,000002AB2830A6F0
3341,211176892077,94.241823800,149.106600,Present,0,512,26600,1920,1080,000002AB2830A6F0
3342,211178048488,94.357464900,115.641100,Present,0,512,26600,1920,1080,000002AB2830A6F0
3343,211178839258,94.436541900,79.077000,Present,0,512,26600,1920,1080,000002AB2830A6F0
3344,211179852805,94.537896600,101.354700,Present,0,512,26600,1920,1080,000002AB2830A6F0
3345,211181223464,94.674962500,137.065900,Present,0,512,26600,1920,1080,000002AB2830A6F0
3346,211182251613,94.777777400,102.814900,Present,0,512,26600,1920,1080,000002AB2830A6F0
3347,211183177755,94.870391600,92.614200,Present,0,512,26600,1920,1080,000002AB2830A6F0
3348,211184312256,94.983841700,113.450100,Present,0,512,26600,1920,1080,000002AB2830A6F0
3349,211185449987,95.097614800,113.773100,Present,0,512,26600,1920,1080,000002AB2830A6F0
3350,211186544243,95.207040400,109.425600,Present,0,512,26600,1920,1080,000002AB2830A6F0
3351,211187759132,95.328529300,121.488900,Present,0,512,26600,1920,1080,000002AB2830A6F0
3352,211188775486,95.430164700,101.635400,Present,0,512,26600,1920,1080,000002AB2830A6F0
3353,211189862772,95.538893300,108.728600,Present,0,512,26600,1920,1080,000002AB2830A6F0
3354,211191084657,95.661081800,122.188500,Present,0,512,26600,1920,1080,000002AB2830A6F0
3355,211192154979,95.768114000,107.032200,Present,0,512,26600,1920,1080,000002AB2830A6F0
3356,211193204149,95.873031000,104.917000,Present,0,512,26600,1920,1080,000002AB2830A6F0
3357,211194685447,96.021160800,148.129800,Present,0,512,26600,1920,1080,000002AB2830A6F0
3358,211195604817,96.113097800,91.937000,Present,0,512,26600,1920,1080,000002AB2830A6F0
3359,211196606311,96.213247200,100.149400,Present,0,512,26600,1920,1080,000002AB2830A6F0
3360,211197702158,96.322831900,109.584700,Present,0,512,26600,1920,1080,000002AB2830A6F0
3361,211199053302,96.457946300,135.114400,Present,0,512,26600,1920,1080,000002AB2830A6F0
3362,211200089292,96.561545300,103.599000,Present,0,512,26600,1920,1080,000002AB2830A6F0
3363,211201074704,96.660086500,98.541200,Present,0,512,26600,1920,1080,000002AB2830A6F0
3364,211202135320,96.766148100,106.061600,Present,0,512,26600,1920,1080,000002AB2830A6F0
3365,211203313064,96.883922500,117.774400,Present,0,512,26600,1920,1080,000002AB2830A6F0
3366,211204409448,96.993560900,109.638400,Present,0,512,26600,1920,1080,000002AB2830A6F0
3367,211205779207,97.130536800,136.975900,Present,0,512,26600,1920,1080,000002AB2830A6F0
3368,211206716788,97.224294900,93.758100,Present,0,512,26600,1920,1080,000002AB2830A6F0
3369,211207741184,97.326734500,102.439600,Present,0,512,26600,1920,1080,000002AB2830A6F0
3370,211208817398,97.434355900,107.621400,Present,0,512,26600,1920,1080,000002AB2830A6F0
3371,211210091035,97.561719600,127.363700,Present,0,512,26600,1920,1080,000002AB2830A6F0
3372,211211136193,97.666235400,104.515800,Present,0,512,26600,1920,1080,000002AB2830A6F0
3373,211212166821,97.769298200,103.062800,Present,0,512,26600,1920,1080,000002AB2830A6F0
3374,211213519048,97.904520900,135.222700,Present,0,512,26600,1920,1080,000002AB2830A6F0
3375,211214418263,97.994442400,89.921500,Present,0,512,26600,1920,1080,000002AB2830A6F0
3376,211215467047,98.099320800,104.878400,Present,0,512,26600,1920,1080,000002AB2830A6F0
3377,211216863244,98.238940500,139.619700,Present,0,512,26600,1920,1080,000002AB2830A6F0
3378,211217724471,98.325063200,86.122700,Present,0,512,26600,1920,1080,000002AB2830A6F0
3379,211218795371,98.432153200,107.090000,Present,0,512,26600,1920,1080,000002AB2830A6F0
3380,211219939238,98.546539900,114.386700,Present,0,512,26600,1920,1080,000002AB2830A6F0
3381,211221205242,98.673140300,126.600400,Present,0,512,26600,1920,1080,000002AB2830A6F0
3382,211222161966,98.768812700,95.672400,Present,0,512,26600,1920,1080,000002AB2830A6F0
3383,211223211761,98.873792200,104.979500,Present,0,512,26600,1920,1080,000002AB2830A6F0
3384,211224835420,99.036158100,162.365900,Present,0,512,26600,1920,1080,000002AB2830A6F0
3385,211225645556,99.117171700,81.013600,Present,0,512,26600,1920,1080,000002AB2830A6F0
3386,211226609373,99.213553400,96.381700,Present,0,512,26600,1920,1080,000002AB2830A6F0
3387,211227676017,99.320217800,106.664400,Present,0,512,26600,1920,1080,000002AB2830A6F0
3388,211228751106,99.427726700,107.508900,Present,0,512,26600,1920,1080,000002AB2830A6F0
3389,211229968987,99.549514800,121.788100,Present,0,512,26600,1920,1080,000002AB2830A6F0
3390,211231016864,99.654302500,104.787700,Present,0,512,26600,1920,1080,000002AB2830A6F0
3391,211232365218,99.789137900,134.835400,Present,0,512,26600,1920,1080,000002AB2830A6F0
3392,211233305339,99.883150000,94.012100,Present,0,512,26600,1920,1080,000002AB2830A6F0
3393,211234484701,100.001086200,117.936200,Present,0,512,26600,1920,1080,000002AB2830A6F0
3394,211235556524,100.108268500,107.182300,Present,0,512,26600,1920,1080,000002AB2830A6F0
3395,211236999780,100.252594100,144.325600,Present,0,512,26600,1920,1080,000002AB2830A6F0
3396,211238058792,100.358495300,105.901200,Present,0,512,26600,1920,1080,000002AB2830A6F0
3397,211239002400,100.452856100,94.360800,Present,0,512,26600,1920,1080,000002AB2830A6F0
3398,211240036429,100.556259000,103.402900,Present,0,512,26600,1920,1080,000002AB2830A6F0
3399,211241336523,100.686268400,130.009400,Present,0,512,26600,1920,1080,000002AB2830A6F0
3400,211242262468,100.778862900,92.594500,Present,0,512,26600,1920,1080,000002AB2830A6F0
3401,211243304995,100.883115600,104.252700,Present,0,512,26600,1920,1080,000002AB2830A6F0
3402,211244865418,101.039157900,156.042300,Present,0,512,26600,1920,1080,000002AB2830A6F0
3403,211245770745,101.129690600,90.532700,Present,0,512,26600,1920,1080,000002AB2830A6F0
3404,211246706018,101.223217900,93.527300,Present,0,512,26600,1920,1080,000002AB2830A6F0
3405,211247850193,101.337635400,114.417500,Present,0,512,26600,1920,1080,000002AB2830A6F0
3406,211248927440,101.445360100,107.724700,Present,0,512,26600,1920,1080,000002AB2830A6F0
3407,211250130699,101.565686000,120.325900,Present,0,512,26600,1920,1080,000002AB2830A6F0
3408,211251622941,101.714910200,149.224200,Present,0,512,26600,1920,1080,000002AB2830A6F0
3409,211252727431,101.825359200,110.449000,Present,0,512,26600,1920,1080,000002AB2830A6F0
3410,211253586096,101.911225700,85.866500,Present,0,512,26600,1920,1080,000002AB2830A6F0
3411,211254574488,102.010064900,98.839200,Present,0,512,26600,1920,1080,000002AB2830A6F0
3412,211255861763,102.138792400,128.727500,Present,0,512,26600,1920,1080,000002AB2830A6F0
3413,211256787854,102.231401500,92.609100,Present,0,512,26600,1920,1080,000002AB2830A6F0
3414,211257966177,102.349233800,117.832300,Present,0,512,26600,1920,1080,000002AB2830A6F0
3415,211259353471,102.487963200,138.729400,Present,0,512,26600,1920,1080,000002AB2830A6F0
3416,211260345675,102.587183600,99.220400,Present,0,512,26600,1920,1080,000002AB2830A6F0
3417,211261377660,102.690382100,103.198500,Present,0,512,26600,1920,1080,000002AB2830A6F0
3418,211262483469,102.800963000,110.580900,Present,0,512,26600,1920,1080,000002AB2830A6F0
3419,211264056548,102.958270900,157.307900,Present,0,512,26600,1920,1080,000002AB2830A6F0
3420,211265210325,103.073648600,115.377700,Present,0,512,26600,1920,1080,000002AB2830A6F0
3421,211266062265,103.158842600,85.194000,Present,0,512,26600,1920,1080,000002AB2830A6F0
3422,211266992664,103.251882500,93.039900,Present,0,512,26600,1920,1080,000002AB2830A6F0
3423,211268321589,103.384775000,132.892500,Present,0,512,26600,1920,1080,000002AB2830A6F0
3424,211269390126,103.491628700,106.853700,Present,0,512,26600,1920,1080,000002AB2830A6F0
3425,211270436402,103.596256300,104.627600,Present,0,512,26600,1920,1080,000002AB2830A6F0
3426,211271550053,103.707621400,111.365100,Present,0,512,26600,1920,1080,000002AB2830A6F0
3427,211273065413,103.859157400,151.536000,Present,0,512,26600,1920,1080,000002AB2830A6F0
3428,211274134320,103.966048100,106.890700,Present,0,512,26600,1920,1080,000002AB2830A6F0
3429,211275013392,104.053955300,87.907200,Present,0,512,26600,1920,1080,000002AB2830A6F0
3430,211276091564,104.161772500,107.817200,Present,0,512,26600,1920,1080,000002AB2830A6F0
3431,211277251408,104.277756900,115.984400,Present,0,512,26600,1920,1080,000002AB2830A6F0
3432,211278401147,104.392730800,114.973900,Present,0,512,26600,1920,1080,000002AB2830A6F0
3433,211279758302,104.528446300,135.715500,Present,0,512,26600,1920,1080,000002AB2830A6F0
3434,211280612670,104.613883100,85.436800,Present,0,512,26600,1920,1080,000002AB2830A6F0
3435,211281786507,104.731266800,117.383700,Present,0,512,26600,1920,1080,000002AB2830A6F0
3436,211282931082,104.845724300,114.457500,Present,0,512,26600,1920,1080,000002AB2830A6F0
3437,211284306551,104.983271200,137.546900,Present,0,512,26600,1920,1080,000002AB2830A6F0
3438,211285259731,105.078589200,95.318000,Present,0,512,26600,1920,1080,000002AB2830A6F0
3439,211286287757,105.181391800,102.802600,Present,0,512,26600,1920,1080,000002AB2830A6F0
3440,211287381517,105.290767800,109.376000,Present,0,512,26600,1920,1080,000002AB2830A6F0
3441,211288535137,105.406129800,115.362000,Present,0,512,26600,1920,1080,000002AB2830A6F0
3442,211289672246,105.519840700,113.710900,Present,0,512,26600,1920,1080,000002AB2830A6F0
3443,211290792899,105.631906000,112.065300,Present,0,512,26600,1920,1080,000002AB2830A6F0
3444,211292183777,105.770993800,139.087800,Present,0,512,26600,1920,1080,000002AB2830A6F0
3445,211293140906,105.866706700,95.712900,Present,0,512,26600,1920,1080,000002AB2830A6F0
3446,211294136729,105.966289000,99.582300,Present,0,512,26600,1920,1080,000002AB2830A6F0
3447,211295179910,106.070607100,104.318100,Present,0,512,26600,1920,1080,000002AB2830A6F0
3448,211296455336,106.198149700,127.542600,Present,0,512,26600,1920,1080,000002AB2830A6F0
3449,211297488507,106.301466800,103.317100,Present,0,512,26600,1920,1080,000002AB2830A6F0
3450,211298550142,106.407630300,106.163500,Present,0,512,26600,1920,1080,000002AB2830A6F0
3451,211299656125,106.518228600,110.598300,Present,0,512,26600,1920,1080,000002AB2830A6F0
3452,211300971157,106.649731800,131.503200,Present,0,512,26600,1920,1080,000002AB2830A6F0
3453,211301871483,106.739764400,90.032600,Present,0,512,26600,1920,1080,000002AB2830A6F0
3454,211303010107,106.853626800,113.862400,Present,0,512,26600,1920,1080,000002AB2830A6F0
3455,211304119136,106.964529700,110.902900,Present,0,512,26600,1920,1080,000002AB2830A6F0
3456,211305306939,107.083310000,118.780300,Present,0,512,26600,1920,1080,000002AB2830A6F0
3457,211306469220,107.199538100,116.228100,Present,0,512,26600,1920,1080,000002AB2830A6F0
3458,211307646280,107.317244100,117.706000,Present,0,512,26600,1920,1080,000002AB2830A6F0
3459,211308801937,107.432809800,115.565700,Present,0,512,26600,1920,1080,000002AB2830A6F0
3460,211309884527,107.541068800,108.259000,Present,0,512,26600,1920,1080,000002AB2830A6F0
3461,211311188356,107.671451700,130.382900,Present,0,512,26600,1920,1080,000002AB2830A6F0
3462,211312513423,107.803958400,132.506700,Present,0,512,26600,1920,1080,000002AB2830A6F0
3463,211313383832,107.890999300,87.040900,Present,0,512,26600,1920,1080,000002AB2830A6F0
3464,211314359373,107.988553400,97.554100,Present,0,512,26600,1920,1080,000002AB2830A6F0
3465,211315909603,108.143576400,155.023000,Present,0,512,26600,1920,1080,000002AB2830A6F0
3466,211317058539,108.258470000,114.893600,Present,0,512,26600,1920,1080,000002AB2830A6F0
3467,211317864495,108.339065600,80.595600,Present,0,512,26600,1920,1080,000002AB2830A6F0
3468,211318813028,108.433918900,94.853300,Present,0,512,26600,1920,1080,000002AB2830A6F0
3469,211320018082,108.554424300,120.505400,Present,0,512,26600,1920,1080,000002AB2830A6F0
3470,211321101405,108.662756600,108.332300,Present,0,512,26600,1920,1080,000002AB2830A6F0
3471,211322146452,108.767261300,104.504700,Present,0,512,26600,1920,1080,000002AB2830A6F0
3472,211323347424,108.887358500,120.097200,Present,0,512,26600,1920,1080,000002AB2830A6F0
3473,211324493327,109.001948800,114.590300,Present,0,512,26600,1920,1080,000002AB2830A6F0
3474,211325741443,109.126760400,124.811600,Present,0,512,26600,1920,1080,000002AB2830A6F0
3475,211326777865,109.230402600,103.642200,Present,0,512,26600,1920,1080,000002AB2830A6F0
3476,211327899166,109.342532700,112.130100,Present,0,512,26600,1920,1080,000002AB2830A6F0
3477,211329233525,109.475968600,133.435900,Present,0,512,26600,1920,1080,000002AB2830A6F0
3478,211330605846,109.613200700,137.232100,Present,0,512,26600,1920,1080,000002AB2830A6F0
3479,211331480292,109.700645300,87.444600,Present,0,512,26600,1920,1080,000002AB2830A6F0
3480,211332377707,109.790386800,89.741500,Present,0,512,26600,1920,1080,000002AB2830A6F0
3481,211334087670,109.961383100,170.996300,Present,0,512,26600,1920,1080,000002AB2830A6F0
3482,211334930924,110.045708500,84.325400,Present,0,512,26600,1920,1080,000002AB2830A6F0
3483,211335868239,110.139440000,93.731500,Present,0,512,26600,1920,1080,000002AB2830A6F0
3484,211336941221,110.246738200,107.298200,Present,0,512,26600,1920,1080,000002AB2830A6F0
3485,211338382802,110.390896300,144.158100,Present,0,512,26600,1920,1080,000002AB2830A6F0
3486,211339518332,110.504449300,113.553000,Present,0,512,26600,1920,1080,000002AB2830A6F0
3487,211340334189,110.586035000,81.585700,Present,0,512,26600,1920,1080,000002AB2830A6F0
3488,211341461259,110.698742000,112.707000,Present,0,512,26600,1920,1080,000002AB2830A6F0
3489,211342917189,110.844335000,145.593000,Present,0,512,26600,1920,1080,000002AB2830A6F0
3490,211343924104,110.945026500,100.691500,Present,0,512,26600,1920,1080,000002AB2830A6F0
3491,211344806121,111.033228200,88.201700,Present,0,512,26600,1920,1080,000002AB2830A6F0
3492,211345927132,111.145329300,112.101100,Present,0,512,26600,1920,1080,000002AB2830A6F0
3493,211347503890,111.303005100,157.675800,Present,0,512,26600,1920,1080,000002AB2830A6F0
3494,211348432294,111.395845500,92.840400,Present,0,512,26600,1920,1080,000002AB2830A6F0
3495,211349352298,111.487845900,92.000400,Present,0,512,26600,1920,1080,000002AB2830A6F0
3496,211350462471,111.598863200,111.017300,Present,0,512,26600,1920,1080,000002AB2830A6F0
3497,211351849623,111.737578400,138.715200,Present,0,512,26600,1920,1080,000002AB2830A6F0
3498,211352845223,111.837138400,99.560000,Present,0,512,26600,1920,1080,000002AB2830A6F0
3499,211353844339,111.937050000,99.911600,Present,0,512,26600,1920,1080,000002AB2830A6F0
3500,211354851737,112.037789800,100.739800,Present,0,512,26600,1920,1080,000002AB2830A6F0
3501,211356457167,112.198332800,160.543000,Present,0,512,26600,1920,1080,000002AB2830A6F0
3502,211357368242,112.289440300,91.107500,Present,0,512,26600,1920,1080,000002AB2830A6F0
3503,211358212847,112.373900800,84.460500,Present,0,512,26600,1920,1080,000002AB2830A6F0
3504,211359311642,112.483780300,109.879500,Present,0,512,26600,1920,1080,000002AB2830A6F0
3505,211360659709,112.618587000,134.806700,Present,0,512,26600,1920,1080,000002AB2830A6F0
3506,211361762877,112.728903800,110.316800,Present,0,512,26600,1920,1080,000002AB2830A6F0
3507,211362839093,112.836525400,107.621600,Present,0,512,26600,1920,1080,000002AB2830A6F0
3508,211364166071,112.969223200,132.697800,Present,0,512,26600,1920,1080,000002AB2830A6F0
3509,211365088813,113.061497400,92.274200,Present,0,512,26600,1920,1080,000002AB2830A6F0
3510,211366137519,113.166368000,104.870600,Present,0,512,26600,1920,1080,000002AB2830A6F0
3511,211367230309,113.275647000,109.279000,Present,0,512,26600,1920,1080,000002AB2830A6F0
3512,211368548813,113.407497400,131.850400,Present,0,512,26600,1920,1080,000002AB2830A6F0
3513,211369487458,113.501361900,93.864500,Present,0,512,26600,1920,1080,000002AB2830A6F0
3514,211370563446,113.608960700,107.598800,Present,0,512,26600,1920,1080,000002AB2830A6F0
3515,211371818140,113.734430100,125.469400,Present,0,512,26600,1920,1080,000002AB2830A6F0
3516,211373461350,113.898751100,164.321000,Present,0,512,26600,1920,1080,000002AB2830A6F0
3517,211374536726,114.006288700,107.537600,Present,0,512,26600,1920,1080,000002AB2830A6F0
3518,211375407647,114.093380800,87.092100,Present,0,512,26600,1920,1080,000002AB2830A6F0
3519,211376523856,114.205001700,111.620900,Present,0,512,26600,1920,1080,000002AB2830A6F0
3520,211377720602,114.324676300,119.674600,Present,0,512,26600,1920,1080,000002AB2830A6F0
3521,211378796746,114.432290700,107.614400,Present,0,512,26600,1920,1080,000002AB2830A6F0
3522,211379886694,114.541285500,108.994800,Present,0,512,26600,1920,1080,000002AB2830A6F0
3523,211381409209,114.693537000,152.251500,Present,0,512,26600,1920,1080,000002AB2830A6F0
3524,211382592388,114.811854900,118.317900,Present,0,512,26600,1920,1080,000002AB2830A6F0
3525,211383497590,114.902375100,90.520200,Present,0,512,26600,1920,1080,000002AB2830A6F0
3526,211384467554,114.999371500,96.996400,Present,0,512,26600,1920,1080,000002AB2830A6F0
3527,211385674486,115.120064700,120.693200,Present,0,512,26600,1920,1080,000002AB2830A6F0
3528,211386699563,115.222572400,102.507700,Present,0,512,26600,1920,1080,000002AB2830A6F0
3529,211387864716,115.339087700,116.515300,Present,0,512,26600,1920,1080,000002AB2830A6F0
3530,211389040275,115.456643600,117.555900,Present,0,512,26600,1920,1080,000002AB2830A6F0
3531,211390140698,115.566685900,110.042300,Present,0,512,26600,1920,1080,000002AB2830A6F0
3532,211391270440,115.679660100,112.974200,Present,0,512,26600,1920,1080,000002AB2830A6F0
3533,211392460959,115.798712000,119.051900,Present,0,512,26600,1920,1080,000002AB2830A6F0
3534,211393504484,115.903064500,104.352500,Present,0,512,26600,1920,1080,000002AB2830A6F0
3535,211394619709,116.014587000,111.522500,Present,0,512,26600,1920,1080,000002AB2830A6F0
3536,211395770402,116.129656300,115.069300,Present,0,512,26600,1920,1080,000002AB2830A6F0
3537,211396858917,116.238507800,108.851500,Present,0,512,26600,1920,1080,000002AB2830A6F0
3538,211398126094,116.365225500,126.717700,Present,0,512,26600,1920,1080,000002AB2830A6F0
3539,211399149542,116.467570300,102.344800,Present,0,512,26600,1920,1080,000002AB2830A6F0
3540,211400365280,116.589144100,121.573800,Present,0,512,26600,1920,1080,000002AB2830A6F0
3541,211401417262,116.694342300,105.198200,Present,0,512,26600,1920,1080,000002AB2830A6F0
3542,211402547440,116.807360100,113.017800,Present,0,512,26600,1920,1080,000002AB2830A6F0
3543,211403978492,116.950465300,143.105200,Present,0,512,26600,1920,1080,000002AB2830A6F0
3544,211405061628,117.058778900,108.313600,Present,0,512,26600,1920,1080,000002AB2830A6F0
3545,211405904697,117.143085800,84.306900,Present,0,512,26600,1920,1080,000002AB2830A6F0
3546,211406639482,117.216564300,73.478500,Present,0,512,26600,1920,1080,000002AB2830A6F0
3547,211407689075,117.321523600,104.959300,Present,0,512,26600,1920,1080,000002AB2830A6F0
3548,211408616811,117.414297200,92.773600,Present,0,512,26600,1920,1080,000002AB2830A6F0
3549,211409852490,117.537865100,123.567900,Present,0,512,26600,1920,1080,000002AB2830A6F0
3550,211410545355,117.607151600,69.286500,Present,0,512,26600,1920,1080,000002AB2830A6F0
3551,211411412203,117.693836400,86.684800,Present,0,512,26600,1920,1080,000002AB2830A6F0
3552,211412176283,117.770244400,76.408000,Present,0,512,26600,1920,1080,000002AB2830A6F0
3553,211412840678,117.836683900,66.439500,Present,0,512,26600,1920,1080,000002AB2830A6F0
3554,211413556692,117.908285300,71.601400,Present,0,512,26600,1920,1080,000002AB2830A6F0
3555,211414196597,117.972275800,63.990500,Present,0,512,26600,1920,1080,000002AB2830A6F0
3556,211414999942,118.052610300,80.334500,Present,0,512,26600,1920,1080,000002AB2830A6F0
3557,211415840373,118.136653400,84.043100,Present,0,512,26600,1920,1080,000002AB2830A6F0
3558,211416598084,118.212424500,75.771100,Present,0,512,26600,1920,1080,000002AB2830A6F0
3559,211417402925,118.292908600,80.484100,Present,0,512,26600,1920,1080,000002AB2830A6F0
3560,211418202458,118.372861900,79.953300,Present,0,512,26600,1920,1080,000002AB2830A6F0
3561,211419221506,118.474766700,101.904800,Present,0,512,26600,1920,1080,000002AB2830A6F0
3562,211419925492,118.545165300,70.398600,Present,0,512,26600,1920,1080,000002AB2830A6F0
3563,211420647200,118.617336100,72.170800,Present,0,512,26600,1920,1080,000002AB2830A6F0
3564,211421362106,118.688826700,71.490600,Present,0,512,26600,1920,1080,000002AB2830A6F0
3565,211422188013,118.771417400,82.590700,Present,0,512,26600,1920,1080,000002AB2830A6F0
3566,211423126042,118.865220300,93.802900,Present,0,512,26600,1920,1080,000002AB2830A6F0
3567,211423801665,118.932782600,67.562300,Present,0,512,26600,1920,1080,000002AB2830A6F0
3568,211424589003,119.011516400,78.733800,Present,0,512,26600,1920,1080,000002AB2830A6F0
3569,211425403925,119.093008600,81.492200,Present,0,512,26600,1920,1080,000002AB2830A6F0
3570,211426387418,119.191357900,98.349300,Present,0,512,26600,1920,1080,000002AB2830A6F0
3571,211427166417,119.269257800,77.899900,Present,0,512,26600,1920,1080,000002AB2830A6F0
3572,211427888693,119.341485400,72.227600,Present,0,512,26600,1920,1080,000002AB2830A6F0
3573,211428595320,119.412148100,70.662700,Present,0,512,26600,1920,1080,000002AB2830A6F0
3574,211429419519,119.494568000,82.419900,Present,0,512,26600,1920,1080,000002AB2830A6F0
3575,211430207264,119.573342500,78.774500,Present,0,512,26600,1920,1080,000002AB2830A6F0
3576,211431029425,119.655558600,82.216100,Present,0,512,26600,1920,1080,000002AB2830A6F0
3577,211431824193,119.735035400,79.476800,Present,0,512,26600,1920,1080,000002AB2830A6F0
3578,211432704801,119.823096200,88.060800,Present,0,512,26600,1920,1080,000002AB2830A6F0
3579,211433450612,119.897677300,74.581100,Present,0,512,26600,1920,1080,000002AB2830A6F0
3580,211434365321,119.989148200,91.470900,Present,0,512,26600,1920,1080,000002AB2830A6F0
3581,211435151276,120.067743700,78.595500,Present,0,512,26600,1920,1080,000002AB2830A6F0
3582,211436145265,120.167142600,99.398900,Present,0,512,26600,1920,1080,000002AB2830A6F0
3583,211437030396,120.255655700,88.513100,Present,0,512,26600,1920,1080,000002AB2830A6F0
3584,211437854619,120.338078000,82.422300,Present,0,512,26600,1920,1080,000002AB2830A6F0
3585,211438653126,120.417928700,79.850700,Present,0,512,26600,1920,1080,000002AB2830A6F0
3586,211439440482,120.496664300,78.735600,Present,0,512,26600,1920,1080,000002AB2830A6F0
3587,211440163365,120.568952600,72.288300,Present,0,512,26600,1920,1080,000002AB2830A6F0
3588,211441023498,120.654965900,86.013300,Present,0,512,26600,1920,1080,000002AB2830A6F0
3589,211441769148,120.729530900,74.565000,Present,0,512,26600,1920,1080,000002AB2830A6F0
3590,211442717293,120.824345400,94.814500,Present,0,512,26600,1920,1080,000002AB2830A6F0
3591,211443560024,120.908618500,84.273100,Present,0,512,26600,1920,1080,000002AB2830A6F0
3592,211444301845,120.982800600,74.182100,Present,0,512,26600,1920,1080,000002AB2830A6F0
3593,211445113517,121.063967800,81.167200,Present,0,512,26600,1920,1080,000002AB2830A6F0
3594,211445913369,121.143953000,79.985200,Present,0,512,26600,1920,1080,000002AB2830A6F0
3595,211446781141,121.230730200,86.777200,Present,0,512,26600,1920,1080,000002AB2830A6F0
3596,211447636372,121.316253300,85.523100,Present,0,512,26600,1920,1080,000002AB2830A6F0
3597,211448876632,121.440279300,124.026000,Present,0,512,26600,1920,1080,000002AB2830A6F0
3598,211449676585,121.520274600,79.995300,Present,0,512,26600,1920,1080,000002AB2830A6F0
3599,211450589115,121.611527600,91.253000,Present,0,512,26600,1920,1080,000002AB2830A6F0
3600,211451309078,121.683523900,71.996300,Present,0,512,26600,1920,1080,000002AB2830A6F0
3601,211452049138,121.757529900,74.006000,Present,0,512,26600,1920,1080,000002AB2830A6F0
3602,211452718318,121.824447900,66.918000,Present,0,512,26600,1920,1080,000002AB2830A6F0
3603,211453462875,121.898903600,74.455700,Present,0,512,26600,1920,1080,000002AB2830A6F0
3604,211454163355,121.968951600,70.048000,Present,0,512,26600,1920,1080,000002AB2830A6F0
3605,211454991727,122.051788800,82.837200,Present,0,512,26600,1920,1080,000002AB2830A6F0
3606,211455819799,122.134596000,82.807200,Present,0,512,26600,1920,1080,000002AB2830A6F0
3607,211456643164,122.216932500,82.336500,Present,0,512,26600,1920,1080,000002AB2830A6F0
3608,211457480381,122.300654200,83.721700,Present,0,512,26600,1920,1080,000002AB2830A6F0
3609,211458262138,122.378829900,78.175700,Present,0,512,26600,1920,1080,000002AB2830A6F0
3610,211459121943,122.464810400,85.980500,Present,0,512,26600,1920,1080,000002AB2830A6F0
3611,211459895150,122.542131100,77.320700,Present,0,512,26600,1920,1080,000002AB2830A6F0
3612,211460778202,122.630436300,88.305200,Present,0,512,26600,1920,1080,000002AB2830A6F0
3613,211461615146,122.714130700,83.694400,Present,0,512,26600,1920,1080,000002AB2830A6F0
3614,211462468568,122.799472900,85.342200,Present,0,512,26600,1920,1080,000002AB2830A6F0
3615,211463270839,122.879700000,80.227100,Present,0,512,26600,1920,1080,000002AB2830A6F0
3616,211464131493,122.965765400,86.065400,Present,0,512,26600,1920,1080,000002AB2830A6F0
3617,211464899095,123.042525600,76.760200,Present,0,512,26600,1920,1080,000002AB2830A6F0
3618,211465741402,123.126756300,84.230700,Present,0,512,26600,1920,1080,000002AB2830A6F0
3619,211466600049,123.212621000,85.864700,Present,0,512,26600,1920,1080,000002AB2830A6F0
3620,211467385829,123.291199000,78.578000,Present,0,512,26600,1920,1080,000002AB2830A6F0
3621,211468686107,123.421226800,130.027800,Present,0,512,26600,1920,1080,000002AB2830A6F0
3622,211469511675,123.503783600,82.556800,Present,0,512,26600,1920,1080,000002AB2830A6F0
3623,211470265225,123.579138600,75.355000,Present,0,512,26600,1920,1080,000002AB2830A6F0
3624,211471056956,123.658311700,79.173100,Present,0,512,26600,1920,1080,000002AB2830A6F0
3625,211471739280,123.726544100,68.232400,Present,0,512,26600,1920,1080,000002AB2830A6F0
3626,211472851008,123.837716900,111.172800,Present,0,512,26600,1920,1080,000002AB2830A6F0
3627,211473852010,123.937817100,100.100200,Present,0,512,26600,1920,1080,000002AB2830A6F0
3628,211474738130,124.026429100,88.612000,Present,0,512,26600,1920,1080,000002AB2830A6F0
3629,211475754895,124.128105600,101.676500,Present,0,512,26600,1920,1080,000002AB2830A6F0
3630,211476553071,124.207923200,79.817600,Present,0,512,26600,1920,1080,000002AB2830A6F0
3631,211477383379,124.290954000,83.030800,Present,0,512,26600,1920,1080,000002AB2830A6F0
3632,211478512139,124.403830000,112.876000,Present,0,512,26600,1920,1080,000002AB2830A6F0
3633,211479791700,124.531786100,127.956100,Present,0,512,26600,1920,1080,000002AB2830A6F0
3634,211480535280,124.606144100,74.358000,Present,0,512,26600,1920,1080,000002AB2830A6F0
3635,211481336417,124.686257800,80.113700,Present,0,512,26600,1920,1080,000002AB2830A6F0
3636,211482101588,124.762774900,76.517100,Present,0,512,26600,1920,1080,000002AB2830A6F0
3637,211483132200,124.865836100,103.061200,Present,0,512,26600,1920,1080,000002AB2830A6F0
3638,211484113213,124.963937400,98.101300,Present,0,512,26600,1920,1080,000002AB2830A6F0
3639,211484825362,125.035152300,71.214900,Present,0,512,26600,1920,1080,000002AB2830A6F0
3640,211485747982,125.127414300,92.262000,Present,0,512,26600,1920,1080,000002AB2830A6F0
3641,211487010605,125.253676600,126.262300,Present,0,512,26600,1920,1080,000002AB2830A6F0
3642,211488001446,125.352760700,99.084100,Present,0,512,26600,1920,1080,000002AB2830A6F0
3643,211488826506,125.435266700,82.506000,Present,0,512,26600,1920,1080,000002AB2830A6F0
3644,211489935809,125.546197000,110.930300,Present,0,512,26600,1920,1080,000002AB2830A6F0
3645,211491044499,125.657066000,110.869000,Present,0,512,26600,1920,1080,000002AB2830A6F0
3646,211492042108,125.756826900,99.760900,Present,0,512,26600,1920,1080,000002AB2830A6F0
3647,211492966242,125.849240300,92.413400,Present,0,512,26600,1920,1080,000002AB2830A6F0
3648,211493761750,125.928791100,79.550800,Present,0,512,26600,1920,1080,000002AB2830A6F0
3649,211494711077,126.023723800,94.932700,Present,0,512,26600,1920,1080,000002AB2830A6F0
3650,211495959491,126.148565200,124.841400,Present,0,512,26600,1920,1080,000002AB2830A6F0
3651,211496830645,126.235680600,87.115400,Present,0,512,26600,1920,1080,000002AB2830A6F0
3652,211497668703,126.319486400,83.805800,Present,0,512,26600,1920,1080,000002AB2830A6F0
3653,211498688376,126.421453700,101.967300,Present,0,512,26600,1920,1080,000002AB2830A6F0
3654,211499517387,126.504354800,82.901100,Present,0,512,26600,1920,1080,000002AB2830A6F0
3655,211500281184,126.580734500,76.379700,Present,0,512,26600,1920,1080,000002AB2830A6F0
3656,211501685170,126.721133100,140.398600,Present,0,512,26600,1920,1080,000002AB2830A6F0
3657,211502727888,126.825404900,104.271800,Present,0,512,26600,1920,1080,000002AB2830A6F0
3658,211503588639,126.911480000,86.075100,Present,0,512,26600,1920,1080,000002AB2830A6F0
3659,211504352466,126.987862700,76.382700,Present,0,512,26600,1920,1080,000002AB2830A6F0
3660,211505097566,127.062372700,74.510000,Present,0,512,26600,1920,1080,000002AB2830A6F0
3661,211505881805,127.140796600,78.423900,Present,0,512,26600,1920,1080,000002AB2830A6F0
3662,211506655965,127.218212600,77.416000,Present,0,512,26600,1920,1080,000002AB2830A6F0
3663,211507421867,127.294802800,76.590200,Present,0,512,26600,1920,1080,000002AB2830A6F0
3664,211508680815,127.420697600,125.894800,Present,0,512,26600,1920,1080,000002AB2830A6F0
3665,211509431055,127.495721600,75.024000,Present,0,512,26600,1920,1080,000002AB2830A6F0
3666,211510104868,127.563102900,67.381300,Present,0,512,26600,1920,1080,000002AB2830A6F0
3667,211510864479,127.639064000,75.961100,Present,0,512,26600,1920,1080,000002AB2830A6F0
3668,211511732051,127.725821200,86.757200,Present,0,512,26600,1920,1080,000002AB2830A6F0
3669,211512489051,127.801521200,75.700000,Present,0,512,26600,1920,1080,000002AB2830A6F0
3670,211513401412,127.892757300,91.236100,Present,0,512,26600,1920,1080,000002AB2830A6F0
3671,211514238419,127.976458000,83.700700,Present,0,512,26600,1920,1080,000002AB2830A6F0
3672,211515686393,128.121255400,144.797400,Present,0,512,26600,1920,1080,000002AB2830A6F0
3673,211516787853,128.231401400,110.146000,Present,0,512,26600,1920,1080,000002AB2830A6F0
3674,211517685715,128.321187600,89.786200,Present,0,512,26600,1920,1080,000002AB2830A6F0
3675,211518667996,128.419415700,98.228100,Present,0,512,26600,1920,1080,000002AB2830A6F0
3676,211519813395,128.533955600,114.539900,Present,0,512,26600,1920,1080,000002AB2830A6F0
3677,211520900400,128.642656100,108.700500,Present,0,512,26600,1920,1080,000002AB2830A6F0
3678,211521950127,128.747628800,104.972700,Present,0,512,26600,1920,1080,000002AB2830A6F0
3679,211523086215,128.861237600,113.608800,Present,0,512,26600,1920,1080,000002AB2830A6F0
3680,211524160330,128.968649100,107.411500,Present,0,512,26600,1920,1080,000002AB2830A6F0
3681,211525574584,129.110074500,141.425400,Present,0,512,26600,1920,1080,000002AB2830A6F0
3682,211526610478,129.213663900,103.589400,Present,0,512,26600,1920,1080,000002AB2830A6F0
3683,211527735327,129.326148800,112.484900,Present,0,512,26600,1920,1080,000002AB2830A6F0
3684,211528884864,129.441102500,114.953700,Present,0,512,26600,1920,1080,000002AB2830A6F0
3685,211529883921,129.541008200,99.905700,Present,0,512,26600,1920,1080,000002AB2830A6F0
3686,211530872231,129.639839200,98.831000,Present,0,512,26600,1920,1080,000002AB2830A6F0
3687,211532259037,129.778519800,138.680600,Present,0,512,26600,1920,1080,000002AB2830A6F0
3688,211533319730,129.884589100,106.069300,Present,0,512,26600,1920,1080,000002AB2830A6F0
3689,211534285175,129.981133600,96.544500,Present,0,512,26600,1920,1080,000002AB2830A6F0
3690,211535350947,130.087710800,106.577200,Present,0,512,26600,1920,1080,000002AB2830A6F0
3691,211536831279,130.235744000,148.033200,Present,0,512,26600,1920,1080,000002AB2830A6F0
3692,211537830136,130.335629700,99.885700,Present,0,512,26600,1920,1080,000002AB2830A6F0
3693,211538834852,130.436101300,100.471600,Present,0,512,26600,1920,1080,000002AB2830A6F0
3694,211539949131,130.547529200,111.427900,Present,0,512,26600,1920,1080,000002AB2830A6F0
3695,211541123766,130.664992700,117.463500,Present,0,512,26600,1920,1080,000002AB2830A6F0
3696,211542182203,130.770836400,105.843700,Present,0,512,26600,1920,1080,000002AB2830A6F0
3697,211543203767,130.872992800,102.156400,Present,0,512,26600,1920,1080,000002AB2830A6F0
3698,211544249561,130.977572200,104.579400,Present,0,512,26600,1920,1080,000002AB2830A6F0
3699,211545562705,131.108886600,131.314400,Present,0,512,26600,1920,1080,000002AB2830A6F0
3700,211546405500,131.193166100,84.279500,Present,0,512,26600,1920,1080,000002AB2830A6F0
3701,211547467040,131.299320100,106.154000,Present,0,512,26600,1920,1080,000002AB2830A6F0
3702,211548564491,131.409065200,109.745100,Present,0,512,26600,1920,1080,000002AB2830A6F0
3703,211549812589,131.533875000,124.809800,Present,0,512,26600,1920,1080,000002AB2830A6F0
3704,211550807928,131.633408900,99.533900,Present,0,512,26600,1920,1080,000002AB2830A6F0
3705,211551806183,131.733234400,99.825500,Present,0,512,26600,1920,1080,000002AB2830A6F0
3706,211552882831,131.840899200,107.664800,Present,0,512,26600,1920,1080,000002AB2830A6F0
3707,211554096185,131.962234600,121.335400,Present,0,512,26600,1920,1080,000002AB2830A6F0
3708,211555172669,132.069883000,107.648400,Present,0,512,26600,1920,1080,000002AB2830A6F0
3709,211556184447,132.171060800,101.177800,Present,0,512,26600,1920,1080,000002AB2830A6F0
3710,211557662234,132.318839500,147.778700,Present,0,512,26600,1920,1080,000002AB2830A6F0
3711,211558592772,132.411893300,93.053800,Present,0,512,26600,1920,1080,000002AB2830A6F0
3712,211559489022,132.501518300,89.625000,Present,0,512,26600,1920,1080,000002AB2830A6F0
3713,211560559817,132.608597800,107.079500,Present,0,512,26600,1920,1080,000002AB2830A6F0
3714,211561860312,132.738647300,130.049500,Present,0,512,26600,1920,1080,000002AB2830A6F0
3715,211562830277,132.835643800,96.996500,Present,0,512,26600,1920,1080,000002AB2830A6F0
3716,211563824698,132.935085900,99.442100,Present,0,512,26600,1920,1080,000002AB2830A6F0
3717,211565144867,133.067102800,132.016900,Present,0,512,26600,1920,1080,000002AB2830A6F0
3718,211566041468,133.156762900,89.660100,Present,0,512,26600,1920,1080,000002AB2830A6F0
3719,211567123738,133.264989900,108.227000,Present,0,512,26600,1920,1080,000002AB2830A6F0
3720,211568167018,133.369317900,104.328000,Present,0,512,26600,1920,1080,000002AB2830A6F0
3721,211569466473,133.499263400,129.945500,Present,0,512,26600,1920,1080,000002AB2830A6F0
3722,211570451349,133.597751000,98.487600,Present,0,512,26600,1920,1080,000002AB2830A6F0
3723,211571432539,133.695870000,98.119000,Present,0,512,26600,1920,1080,000002AB2830A6F0
3724,211572566157,133.809231800,113.361800,Present,0,512,26600,1920,1080,000002AB2830A6F0
3725,211573910448,133.943660900,134.429100,Present,0,512,26600,1920,1080,000002AB2830A6F0
3726,211574898437,134.042459800,98.798900,Present,0,512,26600,1920,1080,000002AB2830A6F0
3727,211575844935,134.137109600,94.649800,Present,0,512,26600,1920,1080,000002AB2830A6F0
3728,211576885537,134.241169800,104.060200,Present,0,512,26600,1920,1080,000002AB2830A6F0
3729,211578151207,134.367736800,126.567000,Present,0,512,26600,1920,1080,000002AB2830A6F0
3730,211579044921,134.457108200,89.371400,Present,0,512,26600,1920,1080,000002AB2830A6F0
3731,211580191714,134.571787500,114.679300,Present,0,512,26600,1920,1080,000002AB2830A6F0
3732,211581336378,134.686253900,114.466400,Present,0,512,26600,1920,1080,000002AB2830A6F0
3733,211582561912,134.808807300,122.553400,Present,0,512,26600,1920,1080,000002AB2830A6F0
3734,211583461292,134.898745300,89.938000,Present,0,512,26600,1920,1080,000002AB2830A6F0
3735,211584607690,135.013385100,114.639800,Present,0,512,26600,1920,1080,000002AB2830A6F0
3736,211585779092,135.130525300,117.140200,Present,0,512,26600,1920,1080,000002AB2830A6F0
3737,211586724695,135.225085600,94.560300,Present,0,512,26600,1920,1080,000002AB2830A6F0
3738,211587610938,135.313709900,88.624300,Present,0,512,26600,1920,1080,000002AB2830A6F0
3739,211588358577,135.388473800,74.763900,Present,0,512,26600,1920,1080,000002AB2830A6F0
3740,211589245501,135.477166200,88.692400,Present,0,512,26600,1920,1080,000002AB2830A6F0
3741,211590065315,135.559147600,81.981400,Present,0,512,26600,1920,1080,000002AB2830A6F0
3742,211590911448,135.643760900,84.613300,Present,0,512,26600,1920,1080,000002AB2830A6F0
3743,211591691645,135.721780600,78.019700,Present,0,512,26600,1920,1080,000002AB2830A6F0
3744,211592445888,135.797204900,75.424300,Present,0,512,26600,1920,1080,000002AB2830A6F0
3745,211593209386,135.873554700,76.349800,Present,0,512,26600,1920,1080,000002AB2830A6F0
3746,211594106512,135.963267300,89.712600,Present,0,512,26600,1920,1080,000002AB2830A6F0
3747,211594898508,136.042466900,79.199600,Present,0,512,26600,1920,1080,000002AB2830A6F0
3748,211596441021,136.196718200,154.251300,Present,0,512,26600,1920,1080,000002AB2830A6F0
3749,211597462609,136.298877000,102.158800,Present,0,512,26600,1920,1080,000002AB2830A6F0
3750,211598473274,136.399943500,101.066500,Present,0,512,26600,1920,1080,000002AB2830A6F0
3751,211599435043,136.496120400,96.176900,Present,0,512,26600,1920,1080,000002AB2830A6F0
3752,211600216647,136.574280800,78.160400,Present,0,512,26600,1920,1080,000002AB2830A6F0
3753,211600975119,136.650128000,75.847200,Present,0,512,26600,1920,1080,000002AB2830A6F0
3754,211601720819,136.724698000,74.570000,Present,0,512,26600,1920,1080,000002AB2830A6F0
3755,211602526394,136.805255500,80.557500,Present,0,512,26600,1920,1080,000002AB2830A6F0
3756,211603235882,136.876204300,70.948800,Present,0,512,26600,1920,1080,000002AB2830A6F0
3757,211604030687,136.955684800,79.480500,Present,0,512,26600,1920,1080,000002AB2830A6F0
3758,211604822498,137.034865900,79.181100,Present,0,512,26600,1920,1080,000002AB2830A6F0
3759,211605638106,137.116426700,81.560800,Present,0,512,26600,1920,1080,000002AB2830A6F0
3760,211606932002,137.245816300,129.389600,Present,0,512,26600,1920,1080,000002AB2830A6F0
3761,211608081719,137.360788000,114.971700,Present,0,512,26600,1920,1080,000002AB2830A6F0
3762,211608854548,137.438070900,77.282900,Present,0,512,26600,1920,1080,000002AB2830A6F0
3763,211609588974,137.511513500,73.442600,Present,0,512,26600,1920,1080,000002AB2830A6F0
3764,211610427496,137.595365700,83.852200,Present,0,512,26600,1920,1080,000002AB2830A6F0
3765,211611459111,137.698527200,103.161500,Present,0,512,26600,1920,1080,000002AB2830A6F0
3766,211612454986,137.798114700,99.587500,Present,0,512,26600,1920,1080,000002AB2830A6F0
3767,211613517881,137.904404200,106.289500,Present,0,512,26600,1920,1080,000002AB2830A6F0
3768,211615039466,138.056562700,152.158500,Present,0,512,26600,1920,1080,000002AB2830A6F0
3769,211616094192,138.162035300,105.472600,Present,0,512,26600,1920,1080,000002AB2830A6F0
3770,211616841051,138.236721200,74.685900,Present,0,512,26600,1920,1080,000002AB2830A6F0
3771,211617499445,138.302560600,65.839400,Present,0,512,26600,1920,1080,000002AB2830A6F0
3772,211618091084,138.361724500,59.163900,Present,0,512,26600,1920,1080,000002AB2830A6F0
3773,211619246842,138.477300300,115.575800,Present,0,512,26600,1920,1080,000002AB2830A6F0
3774,211620045303,138.557146400,79.846100,Present,0,512,26600,1920,1080,000002AB2830A6F0
3775,211621133705,138.665986600,108.840200,Present,0,512,26600,1920,1080,000002AB2830A6F0
3776,211622265490,138.779165100,113.178500,Present,0,512,26600,1920,1080,000002AB2830A6F0
3777,211623214626,138.874078700,94.913600,Present,0,512,26600,1920,1080,000002AB2830A6F0
3778,211624000195,138.952635600,78.556900,Present,0,512,26600,1920,1080,000002AB2830A6F0
3779,211624854238,139.038039900,85.404300,Present,0,512,26600,1920,1080,000002AB2830A6F0
3780,211625635196,139.116135700,78.095800,Present,0,512,26600,1920,1080,000002AB2830A6F0
3781,211626453985,139.198014600,81.878900,Present,0,512,26600,1920,1080,000002AB2830A6F0
3782,211627253156,139.277931700,79.917100,Present,0,512,26600,1920,1080,000002AB2830A6F0
3783,211628047855,139.357401600,79.469900,Present,0,512,26600,1920,1080,000002AB2830A6F0
3784,211628855211,139.438137200,80.735600,Present,0,512,26600,1920,1080,000002AB2830A6F0
3785,211629677585,139.520374600,82.237400,Present,0,512,26600,1920,1080,000002AB2830A6F0
3786,211630526447,139.605260800,84.886200,Present,0,512,26600,1920,1080,000002AB2830A6F0
3787,211631369395,139.689555600,84.294800,Present,0,512,26600,1920,1080,000002AB2830A6F0
3788,211632305539,139.783170000,93.614400,Present,0,512,26600,1920,1080,000002AB2830A6F0
3789,211633352198,139.887835900,104.665900,Present,0,512,26600,1920,1080,000002AB2830A6F0
3790,211634375926,139.990208700,102.372800,Present,0,512,26600,1920,1080,000002AB2830A6F0
3791,211635206834,140.073299500,83.090800,Present,0,512,26600,1920,1080,000002AB2830A6F0
3792,211636039088,140.156524900,83.225400,Present,0,512,26600,1920,1080,000002AB2830A6F0
3793,211636760662,140.228682300,72.157400,Present,0,512,26600,1920,1080,000002AB2830A6F0
3794,211637526046,140.305220700,76.538400,Present,0,512,26600,1920,1080,000002AB2830A6F0
3795,211638301433,140.382759400,77.538700,Present,0,512,26600,1920,1080,000002AB2830A6F0
3796,211639020532,140.454669300,71.909900,Present,0,512,26600,1920,1080,000002AB2830A6F0
3797,211639884221,140.541038200,86.368900,Present,0,512,26600,1920,1080,000002AB2830A6F0
3798,211640723936,140.625009700,83.971500,Present,0,512,26600,1920,1080,000002AB2830A6F0
3799,211641503393,140.702955400,77.945700,Present,0,512,26600,1920,1080,000002AB2830A6F0
3800,211642319374,140.784553500,81.598100,Present,0,512,26600,1920,1080,000002AB2830A6F0
3801,211643256304,140.878246500,93.693000,Present,0,512,26600,1920,1080,000002AB2830A6F0
3802,211644155045,140.968120600,89.874100,Present,0,512,26600,1920,1080,000002AB2830A6F0
3803,211644904351,141.043051200,74.930600,Present,0,512,26600,1920,1080,000002AB2830A6F0
3804,211645744680,141.127084100,84.032900,Present,0,512,26600,1920,1080,000002AB2830A6F0
3805,211646501349,141.202751000,75.666900,Present,0,512,26600,1920,1080,000002AB2830A6F0
3806,211647326519,141.285268000,82.517000,Present,0,512,26600,1920,1080,000002AB2830A6F0
3807,211648088713,141.361487400,76.219400,Present,0,512,26600,1920,1080,000002AB2830A6F0
3808,211648814430,141.434059100,72.571700,Present,0,512,26600,1920,1080,000002AB2830A6F0
3809,211649685303,141.521146400,87.087300,Present,0,512,26600,1920,1080,000002AB2830A6F0
3810,211650454681,141.598084200,76.937800,Present,0,512,26600,1920,1080,000002AB2830A6F0
3811,211651279863,141.680602400,82.518200,Present,0,512,26600,1920,1080,000002AB2830A6F0
3812,211652084490,141.761065100,80.462700,Present,0,512,26600,1920,1080,000002AB2830A6F0
3813,211652904615,141.843077600,82.012500,Present,0,512,26600,1920,1080,000002AB2830A6F0
3814,211653732212,141.925837300,82.759700,Present,0,512,26600,1920,1080,000002AB2830A6F0
3815,211654523307,142.004946800,79.109500,Present,0,512,26600,1920,1080,000002AB2830A6F0
3816,211655331780,142.085794100,80.847300,Present,0,512,26600,1920,1080,000002AB2830A6F0
3817,211656251804,142.177796500,92.002400,Present,0,512,26600,1920,1080,000002AB2830A6F0
3818,211657021657,142.254781800,76.985300,Present,0,512,26600,1920,1080,000002AB2830A6F0
3819,211657877847,142.340400800,85.619000,Present,0,512,26600,1920,1080,000002AB2830A6F0
3820,211658635716,142.416187700,75.786900,Present,0,512,26600,1920,1080,000002AB2830A6F0
3821,211659521299,142.504746000,88.558300,Present,0,512,26600,1920,1080,000002AB2830A6F0
3822,211660296901,142.582306200,77.560200,Present,0,512,26600,1920,1080,000002AB2830A6F0
3823,211661172785,142.669894600,87.588400,Present,0,512,26600,1920,1080,000002AB2830A6F0
3824,211661992345,142.751850600,81.956000,Present,0,512,26600,1920,1080,000002AB2830A6F0
3825,211662779285,142.830544600,78.694000,Present,0,512,26600,1920,1080,000002AB2830A6F0
3826,211663640700,142.916686100,86.141500,Present,0,512,26600,1920,1080,000002AB2830A6F0
3827,211664474715,143.000087600,83.401500,Present,0,512,26600,1920,1080,000002AB2830A6F0
3828,211665273960,143.080012100,79.924500,Present,0,512,26600,1920,1080,000002AB2830A6F0
3829,211666113224,143.163938500,83.926400,Present,0,512,26600,1920,1080,000002AB2830A6F0
3830,211666964536,143.249069700,85.131200,Present,0,512,26600,1920,1080,000002AB2830A6F0
3831,211667894372,143.342053300,92.983600,Present,0,512,26600,1920,1080,000002AB2830A6F0
3832,211668875610,143.440177100,98.123800,Present,0,512,26600,1920,1080,000002AB2830A6F0
3833,211669622757,143.514891800,74.714700,Present,0,512,26600,1920,1080,000002AB2830A6F0
3834,211670386801,143.591296200,76.404400,Present,0,512,26600,1920,1080,000002AB2830A6F0
3835,211671109937,143.663609800,72.313600,Present,0,512,26600,1920,1080,000002AB2830A6F0
3836,211671898664,143.742482500,78.872700,Present,0,512,26600,1920,1080,000002AB2830A6F0
3837,211672686196,143.821235700,78.753200,Present,0,512,26600,1920,1080,000002AB2830A6F0
3838,211673530201,143.905636200,84.400500,Present,0,512,26600,1920,1080,000002AB2830A6F0
3839,211674324925,143.985108600,79.472400,Present,0,512,26600,1920,1080,000002AB2830A6F0
3840,211675167579,144.069374000,84.265400,Present,0,512,26600,1920,1080,000002AB2830A6F0
3841,211675989329,144.151549000,82.175000,Present,0,512,26600,1920,1080,000002AB2830A6F0
3842,211676802979,144.232914000,81.365000,Present,0,512,26600,1920,1080,000002AB2830A6F0
3843,211677622103,144.314826400,81.912400,Present,0,512,26600,1920,1080,000002AB2830A6F0
3844,211678441179,144.396734000,81.907600,Present,0,512,26600,1920,1080,000002AB2830A6F0
3845,211679306229,144.483239000,86.505000,Present,0,512,26600,1920,1080,000002AB2830A6F0
3846,211680276933,144.580309400,97.070400,Present,0,512,26600,1920,1080,000002AB2830A6F0
3847,211680953799,144.647996000,67.686600,Present,0,512,26600,1920,1080,000002AB2830A6F0
3848,211681736166,144.726232700,78.236700,Present,0,512,26600,1920,1080,000002AB2830A6F0
3849,211682500837,144.802699800,76.467100,Present,0,512,26600,1920,1080,000002AB2830A6F0
3850,211683636171,144.916233200,113.533400,Present,0,512,26600,1920,1080,000002AB2830A6F0
3851,211684391434,144.991759500,75.526300,Present,0,512,26600,1920,1080,000002AB2830A6F0
3852,211685100352,145.062651300,70.891800,Present,0,512,26600,1920,1080,000002AB2830A6F0
3853,211685763505,145.128966600,66.315300,Present,0,512,26600,1920,1080,000002AB2830A6F0
3854,211686591589,145.211775000,82.808400,Present,0,512,26600,1920,1080,000002AB2830A6F0
3855,211687705143,145.323130400,111.355400,Present,0,512,26600,1920,1080,000002AB2830A6F0
3856,211688696493,145.422265400,99.135000,Present,0,512,26600,1920,1080,000002AB2830A6F0
3857,211689403789,145.492995000,70.729600,Present,0,512,26600,1920,1080,000002AB2830A6F0
3858,211690040991,145.556715200,63.720200,Present,0,512,26600,1920,1080,000002AB2830A6F0
3859,211690592469,145.611863000,55.147800,Present,0,512,26600,1920,1080,000002AB2830A6F0
3860,211691380251,145.690641200,78.778200,Present,0,512,26600,1920,1080,000002AB2830A6F0
3861,211692528795,145.805495600,114.854400,Present,0,512,26600,1920,1080,000002AB2830A6F0
3862,211693150065,145.867622600,62.127000,Present,0,512,26600,1920,1080,000002AB2830A6F0
3863,211693987126,145.951328700,83.706100,Present,0,512,26600,1920,1080,000002AB2830A6F0
3864,211694642953,146.016911400,65.582700,Present,0,512,26600,1920,1080,000002AB2830A6F0
3865,211695387749,146.091391000,74.479600,Present,0,512,26600,1920,1080,000002AB2830A6F0
3866,211696407458,146.193361900,101.970900,Present,0,512,26600,1920,1080,000002AB2830A6F0
3867,211697184257,146.271041800,77.679900,Present,0,512,26600,1920,1080,000002AB2830A6F0
3868,211698273054,146.379921500,108.879700,Present,0,512,26600,1920,1080,000002AB2830A6F0
3869,211699769367,146.529552800,149.631300,Present,0,512,26600,1920,1080,000002AB2830A6F0
3870,211700903168,146.642932900,113.380100,Present,0,512,26600,1920,1080,000002AB2830A6F0
3871,211701948172,146.747433300,104.500400,Present,0,512,26600,1920,1080,000002AB2830A6F0
3872,211703336068,146.886222900,138.789600,Present,0,512,26600,1920,1080,000002AB2830A6F0
3873,211704297320,146.982348100,96.125200,Present,0,512,26600,1920,1080,000002AB2830A6F0
3874,211705306579,147.083274000,100.925900,Present,0,512,26600,1920,1080,000002AB2830A6F0
3875,211706424638,147.195079900,111.805900,Present,0,512,26600,1920,1080,000002AB2830A6F0
3876,211707679600,147.320576100,125.496200,Present,0,512,26600,1920,1080,000002AB2830A6F0
3877,211708729455,147.425561600,104.985500,Present,0,512,26600,1920,1080,000002AB2830A6F0
3878,211709780141,147.530630200,105.068600,Present,0,512,26600,1920,1080,000002AB2830A6F0
3879,211711115994,147.664215500,133.585300,Present,0,512,26600,1920,1080,000002AB2830A6F0
3880,211712041007,147.756716800,92.501300,Present,0,512,26600,1920,1080,000002AB2830A6F0
3881,211713103635,147.862979600,106.262800,Present,0,512,26600,1920,1080,000002AB2830A6F0
3882,211714615063,148.014122400,151.142800,Present,0,512,26600,1920,1080,000002AB2830A6F0
3883,211715707814,148.123397500,109.275100,Present,0,512,26600,1920,1080,000002AB2830A6F0
3884,211716548816,148.207497700,84.100200,Present,0,512,26600,1920,1080,000002AB2830A6F0
3885,211717592222,148.311838300,104.340600,Present,0,512,26600,1920,1080,000002AB2830A6F0
3886,211718754370,148.428053100,116.214800,Present,0,512,26600,1920,1080,000002AB2830A6F0
3887,211719840524,148.536668500,108.615400,Present,0,512,26600,1920,1080,000002AB2830A6F0
3888,211721312821,148.683898200,147.229700,Present,0,512,26600,1920,1080,000002AB2830A6F0
3889,211722430022,148.795618300,111.720100,Present,0,512,26600,1920,1080,000002AB2830A6F0
3890,211723410256,148.893641700,98.023400,Present,0,512,26600,1920,1080,000002AB2830A6F0
3891,211724536512,149.006267300,112.625600,Present,0,512,26600,1920,1080,000002AB2830A6F0
3892,211726045131,149.157129200,150.861900,Present,0,512,26600,1920,1080,000002AB2830A6F0
3893,211727155902,149.268206300,111.077100,Present,0,512,26600,1920,1080,000002AB2830A6F0
3894,211728043645,149.356980600,88.774300,Present,0,512,26600,1920,1080,000002AB2830A6F0
3895,211729073874,149.460003500,103.022900,Present,0,512,26600,1920,1080,000002AB2830A6F0
3896,211730395363,149.592152400,132.148900,Present,0,512,26600,1920,1080,000002AB2830A6F0
3897,211731637832,149.716399300,124.246900,Present,0,512,26600,1920,1080,000002AB2830A6F0
3898,211732590103,149.811626400,95.227100,Present,0,512,26600,1920,1080,000002AB2830A6F0
3899,211733655724,149.918188500,106.562100,Present,0,512,26600,1920,1080,000002AB2830A6F0
3900,211734832602,150.035876300,117.687800,Present,0,512,26600,1920,1080,000002AB2830A6F0
3901,211735978967,150.150512800,114.636500,Present,0,512,26600,1920,1080,000002AB2830A6F0
3902,211737096019,150.262218000,111.705200,Present,0,512,26600,1920,1080,000002AB2830A6F0
3903,211738393763,150.391992400,129.774400,Present,0,512,26600,1920,1080,000002AB2830A6F0
3904,211739398692,150.492485300,100.492900,Present,0,512,26600,1920,1080,000002AB2830A6F0
3905,211740480148,150.600630900,108.145600,Present,0,512,26600,1920,1080,000002AB2830A6F0
3906,211741662692,150.718885300,118.254400,Present,0,512,26600,1920,1080,000002AB2830A6F0
3907,211742696467,150.822262800,103.377500,Present,0,512,26600,1920,1080,000002AB2830A6F0
3908,211743811086,150.933724700,111.461900,Present,0,512,26600,1920,1080,000002AB2830A6F0
3909,211745089393,151.061555400,127.830700,Present,0,512,26600,1920,1080,000002AB2830A6F0
3910,211746048133,151.157429400,95.874000,Present,0,512,26600,1920,1080,000002AB2830A6F0
3911,211747151441,151.267760200,110.330800,Present,0,512,26600,1920,1080,000002AB2830A6F0
3912,211748265825,151.379198600,111.438400,Present,0,512,26600,1920,1080,000002AB2830A6F0
3913,211749397069,151.492323000,113.124400,Present,0,512,26600,1920,1080,000002AB2830A6F0
3914,211750718648,151.624480900,132.157900,Present,0,512,26600,1920,1080,000002AB2830A6F0
3915,211751916756,151.744291700,119.810800,Present,0,512,26600,1920,1080,000002AB2830A6F0
3916,211752948480,151.847464100,103.172400,Present,0,512,26600,1920,1080,000002AB2830A6F0
3917,211754321076,151.984723700,137.259600,Present,0,512,26600,1920,1080,000002AB2830A6F0
3918,211755262850,152.078901100,94.177400,Present,0,512,26600,1920,1080,000002AB2830A6F0
3919,211756404538,152.193069900,114.168800,Present,0,512,26600,1920,1080,000002AB2830A6F0
3920,211757526111,152.305227200,112.157300,Present,0,512,26600,1920,1080,000002AB2830A6F0
3921,211758687267,152.421342800,116.115600,Present,0,512,26600,1920,1080,000002AB2830A6F0
3922,211759788945,152.531510600,110.167800,Present,0,512,26600,1920,1080,000002AB2830A6F0
3923,211760985836,152.651199700,119.689100,Present,0,512,26600,1920,1080,000002AB2830A6F0
3924,211762184235,152.771039600,119.839900,Present,0,512,26600,1920,1080,000002AB2830A6F0
3925,211763294757,152.882091800,111.052200,Present,0,512,26600,1920,1080,000002AB2830A6F0
3926,211764758578,153.028473900,146.382100,Present,0,512,26600,1920,1080,000002AB2830A6F0
3927,211765803943,153.133010400,104.536500,Present,0,512,26600,1920,1080,000002AB2830A6F0
3928,211766696147,153.222230800,89.220400,Present,0,512,26600,1920,1080,000002AB2830A6F0
3929,211767776441,153.330260200,108.029400,Present,0,512,26600,1920,1080,000002AB2830A6F0
3930,211769252491,153.477865200,147.605000,Present,0,512,26600,1920,1080,000002AB2830A6F0
3931,211770307232,153.583339300,105.474100,Present,0,512,26600,1920,1080,000002AB2830A6F0
3932,211771248328,153.677448900,94.109600,Present,0,512,26600,1920,1080,000002AB2830A6F0
3933,211772363783,153.788994400,111.545500,Present,0,512,26600,1920,1080,000002AB2830A6F0
3934,211773576583,153.910274400,121.280000,Present,0,512,26600,1920,1080,000002AB2830A6F0
3935,211774703416,154.022957700,112.683300,Present,0,512,26600,1920,1080,000002AB2830A6F0
3936,211775705924,154.123208500,100.250800,Present,0,512,26600,1920,1080,000002AB2830A6F0
3937,211776887887,154.241404800,118.196300,Present,0,512,26600,1920,1080,000002AB2830A6F0
3938,211778438984,154.396514500,155.109700,Present,0,512,26600,1920,1080,000002AB2830A6F0
3939,211779532329,154.505849000,109.334500,Present,0,512,26600,1920,1080,000002AB2830A6F0
3940,211780337078,154.586323900,80.474900,Present,0,512,26600,1920,1080,000002AB2830A6F0
3941,211781564370,154.709053100,122.729200,Present,0,512,26600,1920,1080,000002AB2830A6F0
3942,211782910322,154.843648300,134.595200,Present,0,512,26600,1920,1080,000002AB2830A6F0
3943,211783927648,154.945380900,101.732600,Present,0,512,26600,1920,1080,000002AB2830A6F0
3944,211785085104,155.061126500,115.745600,Present,0,512,26600,1920,1080,000002AB2830A6F0
3945,211786616972,155.214313300,153.186800,Present,0,512,26600,1920,1080,000002AB2830A6F0
3946,211787620373,155.314653400,100.340100,Present,0,512,26600,1920,1080,000002AB2830A6F0
3947,211788437413,155.396357400,81.704000,Present,0,512,26600,1920,1080,000002AB2830A6F0
3948,211789678897,155.520505800,124.148400,Present,0,512,26600,1920,1080,000002AB2830A6F0
3949,211791160591,155.668675200,148.169400,Present,0,512,26600,1920,1080,000002AB2830A6F0
3950,211792104081,155.763024200,94.349000,Present,0,512,26600,1920,1080,000002AB2830A6F0
3951,211793174932,155.870109300,107.085100,Present,0,512,26600,1920,1080,000002AB2830A6F0
3952,211794293565,155.981972600,111.863300,Present,0,512,26600,1920,1080,000002AB2830A6F0
3953,211795535276,156.106143700,124.171100,Present,0,512,26600,1920,1080,000002AB2830A6F0
3954,211796574988,156.210114900,103.971200,Present,0,512,26600,1920,1080,000002AB2830A6F0
3955,211797651827,156.317798800,107.683900,Present,0,512,26600,1920,1080,000002AB2830A6F0
3956,211798803819,156.432998000,115.199200,Present,0,512,26600,1920,1080,000002AB2830A6F0
3957,211799891074,156.541723500,108.725500,Present,0,512,26600,1920,1080,000002AB2830A6F0
3958,211801276519,156.680268000,138.544500,Present,0,512,26600,1920,1080,000002AB2830A6F0
3959,211802202048,156.772820900,92.552900,Present,0,512,26600,1920,1080,000002AB2830A6F0
3960,211803276403,156.880256400,107.435500,Present,0,512,26600,1920,1080,000002AB2830A6F0
3961,211804428791,156.995495200,115.238800,Present,0,512,26600,1920,1080,000002AB2830A6F0
3962,211805592502,157.111866300,116.371100,Present,0,512,26600,1920,1080,000002AB2830A6F0
3963,211806700736,157.222689700,110.823400,Present,0,512,26600,1920,1080,000002AB2830A6F0
3964,211807775685,157.330184600,107.494900,Present,0,512,26600,1920,1080,000002AB2830A6F0
3965,211809260843,157.478700400,148.515800,Present,0,512,26600,1920,1080,000002AB2830A6F0
3966,211810294691,157.582085200,103.384800,Present,0,512,26600,1920,1080,000002AB2830A6F0
3967,211811144374,157.667053500,84.968300,Present,0,512,26600,1920,1080,000002AB2830A6F0
3968,211812280714,157.780687500,113.634000,Present,0,512,26600,1920,1080,000002AB2830A6F0
3969,211813566466,157.909262700,128.575200,Present,0,512,26600,1920,1080,000002AB2830A6F0
3970,211814544296,158.007045700,97.783000,Present,0,512,26600,1920,1080,000002AB2830A6F0
3971,211815614435,158.114059600,107.013900,Present,0,512,26600,1920,1080,000002AB2830A6F0
3972,211816758390,158.228455100,114.395500,Present,0,512,26600,1920,1080,000002AB2830A6F0
3973,211817964170,158.349033100,120.578000,Present,0,512,26600,1920,1080,000002AB2830A6F0
3974,211819128824,158.465498500,116.465400,Present,0,512,26600,1920,1080,000002AB2830A6F0
3975,211820304979,158.583114000,117.615500,Present,0,512,26600,1920,1080,000002AB2830A6F0
3976,211821470794,158.699695500,116.581500,Present,0,512,26600,1920,1080,000002AB2830A6F0
3977,211822962449,158.848861000,149.165500,Present,0,512,26600,1920,1080,000002AB2830A6F0
3978,211823805581,158.933174200,84.313200,Present,0,512,26600,1920,1080,000002AB2830A6F0
3979,211824949005,159.047516600,114.342400,Present,0,512,26600,1920,1080,000002AB2830A6F0
3980,211826010700,159.153686100,106.169500,Present,0,512,26600,1920,1080,000002AB2830A6F0
3981,211827372124,159.289828500,136.142400,Present,0,512,26600,1920,1080,000002AB2830A6F0
3982,211828321315,159.384747600,94.919100,Present,0,512,26600,1920,1080,000002AB2830A6F0
3983,211829418459,159.494462000,109.714400,Present,0,512,26600,1920,1080,000002AB2830A6F0
3984,211830637631,159.616379200,121.917200,Present,0,512,26600,1920,1080,000002AB2830A6F0
3985,211831878349,159.740451000,124.071800,Present,0,512,26600,1920,1080,000002AB2830A6F0
3986,211832956615,159.848277600,107.826600,Present,0,512,26600,1920,1080,000002AB2830A6F0
3987,211834105585,159.963174600,114.897000,Present,0,512,26600,1920,1080,000002AB2830A6F0
3988,211835299767,160.082592800,119.418200,Present,0,512,26600,1920,1080,000002AB2830A6F0
3989,211836422747,160.194890800,112.298000,Present,0,512,26600,1920,1080,000002AB2830A6F0
3990,211837561934,160.308809500,113.918700,Present,0,512,26600,1920,1080,000002AB2830A6F0
3991,211838839381,160.436554200,127.744700,Present,0,512,26600,1920,1080,000002AB2830A6F0
3992,211839938036,160.546419700,109.865500,Present,0,512,26600,1920,1080,000002AB2830A6F0
3993,211841020003,160.654616400,108.196700,Present,0,512,26600,1920,1080,000002AB2830A6F0
3994,211842386701,160.791286200,136.669800,Present,0,512,26600,1920,1080,000002AB2830A6F0
3995,211843286394,160.881255500,89.969300,Present,0,512,26600,1920,1080,000002AB2830A6F0
3996,211844393559,160.991972000,110.716500,Present,0,512,26600,1920,1080,000002AB2830A6F0
3997,211845558676,161.108483700,116.511700,Present,0,512,26600,1920,1080,000002AB2830A6F0
3998,211846976520,161.250268100,141.784400,Present,0,512,26600,1920,1080,000002AB2830A6F0
3999,211848124766,161.365092700,114.824600,Present,0,512,26600,1920,1080,000002AB2830A6F0
4000,211849159162,161.468532300,103.439600,Present,0,512,26600,1920,1080,000002AB2830A6F0
4001,211850294572,161.582073300,113.541000,Present,0,512,26600,1920,1080,000002AB2830A6F0
4002,211851419390,161.694555100,112.481800,Present,0,512,26600,1920,1080,000002AB2830A6F0
4003,211852518558,161.804471900,109.916800,Present,0,512,26600,1920,1080,000002AB2830A6F0
4004,211854019191,161.954535200,150.063300,Present,0,512,26600,1920,1080,000002AB2830A6F0
4005,211854903091,162.042925200,88.390000,Present,0,512,26600,1920,1080,000002AB2830A6F0
4006,211855919976,162.144613700,101.688500,Present,0,512,26600,1920,1080,000002AB2830A6F0
4007,211857064643,162.259080400,114.466700,Present,0,512,26600,1920,1080,000002AB2830A6F0
4008,211858241329,162.376749000,117.668600,Present,0,512,26600,1920,1080,000002AB2830A6F0
4009,211859387205,162.491336600,114.587600,Present,0,512,26600,1920,1080,000002AB2830A6F0
4010,211860794148,162.632030900,140.694300,Present,0,512,26600,1920,1080,000002AB2830A6F0
4011,211861806970,162.733313100,101.282200,Present,0,512,26600,1920,1080,000002AB2830A6F0
4012,211862856166,162.838232700,104.919600,Present,0,512,26600,1920,1080,000002AB2830A6F0
4013,211863965331,162.949149200,110.916500,Present,0,512,26600,1920,1080,000002AB2830A6F0
4014,211865266744,163.079290500,130.141300,Present,0,512,26600,1920,1080,000002AB2830A6F0
4015,211866359175,163.188533600,109.243100,Present,0,512,26600,1920,1080,000002AB2830A6F0
4016,211867541823,163.306798400,118.264800,Present,0,512,26600,1920,1080,000002AB2830A6F0
4017,211868989438,163.451559900,144.761500,Present,0,512,26600,1920,1080,000002AB2830A6F0
4018,211870291389,163.581755000,130.195100,Present,0,512,26600,1920,1080,000002AB2830A6F0
4019,211871116066,163.664222700,82.467700,Present,0,512,26600,1920,1080,000002AB2830A6F0
4020,211872171169,163.769733000,105.510300,Present,0,512,26600,1920,1080,000002AB2830A6F0
4021,211873411382,163.893754300,124.021300,Present,0,512,26600,1920,1080,000002AB2830A6F0
4022,211874573142,164.009930300,116.176000,Present,0,512,26600,1920,1080,000002AB2830A6F0
4023,211875627247,164.115340800,105.410500,Present,0,512,26600,1920,1080,000002AB2830A6F0
4024,211876960333,164.248649400,133.308600,Present,0,512,26600,1920,1080,000002AB2830A6F0
4025,211878136435,164.366259600,117.610200,Present,0,512,26600,1920,1080,000002AB2830A6F0
4026,211879046466,164.457262700,91.003100,Present,0,512,26600,1920,1080,000002AB2830A6F0
4027,211880257341,164.578350200,121.087500,Present,0,512,26600,1920,1080,000002AB2830A6F0
4028,211881380797,164.690695800,112.345600,Present,0,512,26600,1920,1080,000002AB2830A6F0
4029,211882460492,164.798665300,107.969500,Present,0,512,26600,1920,1080,000002AB2830A6F0
4030,211883543225,164.906938600,108.273300,Present,0,512,26600,1920,1080,000002AB2830A6F0
4031,211884839690,165.036585100,129.646500,Present,0,512,26600,1920,1080,000002AB2830A6F0
4032,211885850570,165.137673100,101.088000,Present,0,512,26600,1920,1080,000002AB2830A6F0
4033,211886913750,165.243991100,106.318000,Present,0,512,26600,1920,1080,000002AB2830A6F0
4034,211888076572,165.360273300,116.282200,Present,0,512,26600,1920,1080,000002AB2830A6F0
4035,211889139738,165.466589900,106.316600,Present,0,512,26600,1920,1080,000002AB2830A6F0
4036,211890258567,165.578472800,111.882900,Present,0,512,26600,1920,1080,000002AB2830A6F0
4037,211891440055,165.696621600,118.148800,Present,0,512,26600,1920,1080,000002AB2830A6F0
4038,211892499801,165.802596200,105.974600,Present,0,512,26600,1920,1080,000002AB2830A6F0
4039,211893572489,165.909865000,107.268800,Present,0,512,26600,1920,1080,000002AB2830A6F0
4040,211894941625,166.046778600,136.913600,Present,0,512,26600,1920,1080,000002AB2830A6F0
4041,211895917190,166.144335100,97.556500,Present,0,512,26600,1920,1080,000002AB2830A6F0
4042,211897054369,166.258053000,113.717900,Present,0,512,26600,1920,1080,000002AB2830A6F0
4043,211898204600,166.373076100,115.023100,Present,0,512,26600,1920,1080,000002AB2830A6F0
4044,211899512162,166.503832300,130.756200,Present,0,512,26600,1920,1080,000002AB2830A6F0
4045,211900711090,166.623725100,119.892800,Present,0,512,26600,1920,1080,000002AB2830A6F0
4046,211901620703,166.714686400,90.961300,Present,0,512,26600,1920,1080,000002AB2830A6F0
4047,211902773029,166.829919000,115.232600,Present,0,512,26600,1920,1080,000002AB2830A6F0
4048,211904041278,166.956743900,126.824900,Present,0,512,26600,1920,1080,000002AB2830A6F0
4049,211905052409,167.057857000,101.113100,Present,0,512,26600,1920,1080,000002AB2830A6F0
4050,211906181570,167.170773100,112.916100,Present,0,512,26600,1920,1080,000002AB2830A6F0
4051,211907736980,167.326314100,155.541000,Present,0,512,26600,1920,1080,000002AB2830A6F0
4052,211908754422,167.428058300,101.744200,Present,0,512,26600,1920,1080,000002AB2830A6F0
4053,211909639155,167.516531600,88.473300,Present,0,512,26600,1920,1080,000002AB2830A6F0
4054,211910792723,167.631888400,115.356800,Present,0,512,26600,1920,1080,000002AB2830A6F0
4055,211912017806,167.754396700,122.508300,Present,0,512,26600,1920,1080,000002AB2830A6F0
4056,211913190510,167.871667100,117.270400,Present,0,512,26600,1920,1080,000002AB2830A6F0
4057,211914088925,167.961508600,89.841500,Present,0,512,26600,1920,1080,000002AB2830A6F0
4058,211915252632,168.077879300,116.370700,Present,0,512,26600,1920,1080,000002AB2830A6F0
4059,211916554916,168.208107700,130.228400,Present,0,512,26600,1920,1080,000002AB2830A6F0
4060,211917507004,168.303316500,95.208800,Present,0,512,26600,1920,1080,000002AB2830A6F0
4061,211918657588,168.418374900,115.058400,Present,0,512,26600,1920,1080,000002AB2830A6F0
4062,211919855018,168.538117900,119.743000,Present,0,512,26600,1920,1080,000002AB2830A6F0
4063,211921124197,168.665035800,126.917900,Present,0,512,26600,1920,1080,000002AB2830A6F0
4064,211922217947,168.774410800,109.375000,Present,0,512,26600,1920,1080,000002AB2830A6F0
4065,211923355532,168.888169300,113.758500,Present,0,512,26600,1920,1080,000002AB2830A6F0
4066,211924521371,169.004753200,116.583900,Present,0,512,26600,1920,1080,000002AB2830A6F0
4067,211925700081,169.122624200,117.871000,Present,0,512,26600,1920,1080,000002AB2830A6F0
4068,211927186620,169.271278100,148.653900,Present,0,512,26600,1920,1080,000002AB2830A6F0
4069,211928291920,169.381808100,110.530000,Present,0,512,26600,1920,1080,000002AB2830A6F0
4070,211929214591,169.474075200,92.267100,Present,0,512,26600,1920,1080,000002AB2830A6F0
4071,211930324467,169.585062800,110.987600,Present,0,512,26600,1920,1080,000002AB2830A6F0
4072,211931860608,169.738676900,153.614100,Present,0,512,26600,1920,1080,000002AB2830A6F0
4073,211933001350,169.852751100,114.074200,Present,0,512,26600,1920,1080,000002AB2830A6F0
4074,211933882557,169.940871800,88.120700,Present,0,512,26600,1920,1080,000002AB2830A6F0
4075,211935155474,170.068163500,127.291700,Present,0,512,26600,1920,1080,000002AB2830A6F0
4076,211936411353,170.193751400,125.587900,Present,0,512,26600,1920,1080,000002AB2830A6F0
4077,211937503486,170.302964700,109.213300,Present,0,512,26600,1920,1080,000002AB2830A6F0
4078,211938624694,170.415085500,112.120800,Present,0,512,26600,1920,1080,000002AB2830A6F0
4079,211939745886,170.527204700,112.119200,Present,0,512,26600,1920,1080,000002AB2830A6F0
4080,211941148341,170.667450200,140.245500,Present,0,512,26600,1920,1080,000002AB2830A6F0
4081,211942060951,170.758711200,91.261000,Present,0,512,26600,1920,1080,000002AB2830A6F0
4082,211943231378,170.875753900,117.042700,Present,0,512,26600,1920,1080,000002AB2830A6F0
4083,211944534564,171.006072500,130.318600,Present,0,512,26600,1920,1080,000002AB2830A6F0
4084,211945643252,171.116941300,110.868800,Present,0,512,26600,1920,1080,000002AB2830A6F0
4085,211946747665,171.227382600,110.441300,Present,0,512,26600,1920,1080,000002AB2830A6F0
4086,211947826124,171.335228500,107.845900,Present,0,512,26600,1920,1080,000002AB2830A6F0
4087,211949173875,171.470003600,134.775100,Present,0,512,26600,1920,1080,000002AB2830A6F0
4088,211950116804,171.564296500,94.292900,Present,0,512,26600,1920,1080,000002AB2830A6F0
4089,211951200445,171.672660600,108.364100,Present,0,512,26600,1920,1080,000002AB2830A6F0
4090,211952318762,171.784492300,111.831700,Present,0,512,26600,1920,1080,000002AB2830A6F0
4091,211953505402,171.903156300,118.664000,Present,0,512,26600,1920,1080,000002AB2830A6F0
4092,211954613327,172.013948800,110.792500,Present,0,512,26600,1920,1080,000002AB2830A6F0
4093,211955903219,172.142938000,128.989200,Present,0,512,26600,1920,1080,000002AB2830A6F0
4094,211956931164,172.245732500,102.794500,Present,0,512,26600,1920,1080,000002AB2830A6F0
4095,211958002274,172.352843500,107.111000,Present,0,512,26600,1920,1080,000002AB2830A6F0
4096,211959110439,172.463660000,110.816500,Present,0,512,26600,1920,1080,000002AB2830A6F0
4097,211960364183,172.589034400,125.374400,Present,0,512,26600,1920,1080,000002AB2830A6F0
4098,211961442209,172.696837000,107.802600,Present,0,512,26600,1920,1080,000002AB2830A6F0
4099,211962525257,172.805141800,108.304800,Present,0,512,26600,1920,1080,000002AB2830A6F0
4100,211963664562,172.919072300,113.930500,Present,0,512,26600,1920,1080,000002AB2830A6F0
4101,211964991697,173.051785800,132.713500,Present,0,512,26600,1920,1080,000002AB2830A6F0
4102,211965972468,173.149862900,98.077100,Present,0,512,26600,1920,1080,000002AB2830A6F0
4103,211967073299,173.259946000,110.083100,Present,0,512,26600,1920,1080,000002AB2830A6F0
4104,211968197713,173.372387400,112.441400,Present,0,512,26600,1920,1080,000002AB2830A6F0
4105,211969374469,173.490063000,117.675600,Present,0,512,26600,1920,1080,000002AB2830A6F0
4106,211970422850,173.594901100,104.838100,Present,0,512,26600,1920,1080,000002AB2830A6F0
4107,211971584809,173.711097000,116.195900,Present,0,512,26600,1920,1080,000002AB2830A6F0
4108,211973045576,173.857173700,146.076700,Present,0,512,26600,1920,1080,000002AB2830A6F0
4109,211974151369,173.967753000,110.579300,Present,0,512,26600,1920,1080,000002AB2830A6F0
4110,211975026937,174.055309800,87.556800,Present,0,512,26600,1920,1080,000002AB2830A6F0
4111,211976135801,174.166196200,110.886400,Present,0,512,26600,1920,1080,000002AB2830A6F0
4112,211977282590,174.280875100,114.678900,Present,0,512,26600,1920,1080,000002AB2830A6F0
4113,211978428187,174.395434800,114.559700,Present,0,512,26600,1920,1080,000002AB2830A6F0
4114,211979591891,174.511805200,116.370400,Present,0,512,26600,1920,1080,000002AB2830A6F0
4115,211980734512,174.626067300,114.262100,Present,0,512,26600,1920,1080,000002AB2830A6F0
4116,211981848847,174.737500800,111.433500,Present,0,512,26600,1920,1080,000002AB2830A6F0
4117,211983286488,174.881264900,143.764100,Present,0,512,26600,1920,1080,000002AB2830A6F0
4118,211984382777,174.990893800,109.628900,Present,0,512,26600,1920,1080,000002AB2830A6F0
4119,211985572002,175.109816300,118.922500,Present,0,512,26600,1920,1080,000002AB2830A6F0
4120,211986632213,175.215837400,106.021100,Present,0,512,26600,1920,1080,000002AB2830A6F0
4121,211988109647,175.363580800,147.743400,Present,0,512,26600,1920,1080,000002AB2830A6F0
4122,211989162795,175.468895600,105.314800,Present,0,512,26600,1920,1080,000002AB2830A6F0
4123,211989982640,175.550880100,81.984500,Present,0,512,26600,1920,1080,000002AB2830A6F0
4124,211991068536,175.659469700,108.589600,Present,0,512,26600,1920,1080,000002AB2830A6F0
4125,211992605216,175.813137700,153.668000,Present,0,512,26600,1920,1080,000002AB2830A6F0
4126,211993722407,175.924856800,111.719100,Present,0,512,26600,1920,1080,000002AB2830A6F0
4127,211994500421,176.002658200,77.801400,Present,0,512,26600,1920,1080,000002AB2830A6F0
4128,211995669235,176.119539600,116.881400,Present,0,512,26600,1920,1080,000002AB2830A6F0
4129,211996833787,176.235994800,116.455200,Present,0,512,26600,1920,1080,000002AB2830A6F0
4130,211997966340,176.349250100,113.255300,Present,0,512,26600,1920,1080,000002AB2830A6F0
4131,211999455592,176.498175300,148.925200,Present,0,512,26600,1920,1080,000002AB2830A6F0
4132,212000647085,176.617324600,119.149300,Present,0,512,26600,1920,1080,000002AB2830A6F0
4133,212001535800,176.706196100,88.871500,Present,0,512,26600,1920,1080,000002AB2830A6F0
4134,212002690725,176.821688600,115.492500,Present,0,512,26600,1920,1080,000002AB2830A6F0
4135,212004195606,176.972176700,150.488100,Present,0,512,26600,1920,1080,000002AB2830A6F0
4136,212005331718,177.085787900,113.611200,Present,0,512,26600,1920,1080,000002AB2830A6F0
4137,212006141313,177.166747400,80.959500,Present,0,512,26600,1920,1080,000002AB2830A6F0
4138,212006988486,177.251464700,84.717300,Present,0,512,26600,1920,1080,000002AB2830A6F0
4139,212007790827,177.331698800,80.234100,Present,0,512,26600,1920,1080,000002AB2830A6F0
4140,212008595044,177.412120500,80.421700,Present,0,512,26600,1920,1080,000002AB2830A6F0
4141,212009422877,177.494903800,82.783300,Present,0,512,26600,1920,1080,000002AB2830A6F0
4142,212010226483,177.575264400,80.360600,Present,0,512,26600,1920,1080,000002AB2830A6F0
4143,212011043358,177.656951900,81.687500,Present,0,512,26600,1920,1080,000002AB2830A6F0
4144,212011962998,177.748915900,91.964000,Present,0,512,26600,1920,1080,000002AB2830A6F0
4145,212012757266,177.828342700,79.426800,Present,0,512,26600,1920,1080,000002AB2830A6F0
4146,212013515467,177.904162800,75.820100,Present,0,512,26600,1920,1080,000002AB2830A6F0
4147,212014267041,177.979320200,75.157400,Present,0,512,26600,1920,1080,000002AB2830A6F0
4148,212015127060,178.065322100,86.001900,Present,0,512,26600,1920,1080,000002AB2830A6F0
4149,212015860935,178.138709600,73.387500,Present,0,512,26600,1920,1080,000002AB2830A6F0
4150,212016653886,178.218004700,79.295100,Present,0,512,26600,1920,1080,000002AB2830A6F0
4151,212017472456,178.299861700,81.857000,Present,0,512,26600,1920,1080,000002AB2830A6F0
4152,212018414978,178.394113900,94.252200,Present,0,512,26600,1920,1080,000002AB2830A6F0
4153,212019178165,178.470432600,76.318700,Present,0,512,26600,1920,1080,000002AB2830A6F0
4154,212019896256,178.542241700,71.809100,Present,0,512,26600,1920,1080,000002AB2830A6F0
4155,212020656847,178.618300800,76.059100,Present,0,512,26600,1920,1080,000002AB2830A6F0
4156,212021440553,178.696671400,78.370600,Present,0,512,26600,1920,1080,000002AB2830A6F0
4157,212022327348,178.785350900,88.679500,Present,0,512,26600,1920,1080,000002AB2830A6F0
4158,212023100344,178.862650500,77.299600,Present,0,512,26600,1920,1080,000002AB2830A6F0
4159,212023889675,178.941583600,78.933100,Present,0,512,26600,1920,1080,000002AB2830A6F0
4160,212024682884,179.020904500,79.320900,Present,0,512,26600,1920,1080,000002AB2830A6F0
4161,212026192857,179.171901800,150.997300,Present,0,512,26600,1920,1080,000002AB2830A6F0
4162,212026883845,179.241000600,69.098800,Present,0,512,26600,1920,1080,000002AB2830A6F0
4163,212027680844,179.320700500,79.699900,Present,0,512,26600,1920,1080,000002AB2830A6F0
4164,212028385795,179.391195600,70.495100,Present,0,512,26600,1920,1080,000002AB2830A6F0
4165,212029085033,179.461119400,69.923800,Present,0,512,26600,1920,1080,000002AB2830A6F0
4166,212029743501,179.526966200,65.846800,Present,0,512,26600,1920,1080,000002AB2830A6F0
4167,212030504694,179.603085500,76.119300,Present,0,512,26600,1920,1080,000002AB2830A6F0
4168,212031220697,179.674685800,71.600300,Present,0,512,26600,1920,1080,000002AB2830A6F0
4169,212031988284,179.751444500,76.758700,Present,0,512,26600,1920,1080,000002AB2830A6F0
4170,212032810913,179.833707400,82.262900,Present,0,512,26600,1920,1080,000002AB2830A6F0
4171,212033615738,179.914189900,80.482500,Present,0,512,26600,1920,1080,000002AB2830A6F0
4172,212034800484,180.032664500,118.474600,Present,0,512,26600,1920,1080,000002AB2830A6F0
4173,212035834439,180.136060000,103.395500,Present,0,512,26600,1920,1080,000002AB2830A6F0
4174,212036644931,180.217109200,81.049200,Present,0,512,26600,1920,1080,000002AB2830A6F0
4175,212037428253,180.295441400,78.332200,Present,0,512,26600,1920,1080,000002AB2830A6F0
4176,212038176973,180.370313400,74.872000,Present,0,512,26600,1920,1080,000002AB2830A6F0
4177,212038959374,180.448553500,78.240100,Present,0,512,26600,1920,1080,000002AB2830A6F0
4178,212039727199,180.525336000,76.782500,Present,0,512,26600,1920,1080,000002AB2830A6F0
4179,212040493660,180.601982100,76.646100,Present,0,512,26600,1920,1080,000002AB2830A6F0
4180,212041211062,180.673722300,71.740200,Present,0,512,26600,1920,1080,000002AB2830A6F0
4181,212041999692,180.752585300,78.863000,Present,0,512,26600,1920,1080,000002AB2830A6F0
4182,212042743241,180.826940200,74.354900,Present,0,512,26600,1920,1080,000002AB2830A6F0
4183,212043571576,180.909773700,82.833500,Present,0,512,26600,1920,1080,000002AB2830A6F0
4184,212044415099,180.994126000,84.352300,Present,0,512,26600,1920,1080,000002AB2830A6F0
4185,212045300720,181.082688100,88.562100,Present,0,512,26600,1920,1080,000002AB2830A6F0
4186,212046102349,181.162851000,80.162900,Present,0,512,26600,1920,1080,000002AB2830A6F0
4187,212046948395,181.247455600,84.604600,Present,0,512,26600,1920,1080,000002AB2830A6F0
4188,212047748450,181.327461100,80.005500,Present,0,512,26600,1920,1080,000002AB2830A6F0
4189,212048592850,181.411901100,84.440000,Present,0,512,26600,1920,1080,000002AB2830A6F0
4190,212049407854,181.493401500,81.500400,Present,0,512,26600,1920,1080,000002AB2830A6F0
4191,212050267329,181.579349000,85.947500,Present,0,512,26600,1920,1080,000002AB2830A6F0
4192,212051095255,181.662141600,82.792600,Present,0,512,26600,1920,1080,000002AB2830A6F0
4193,212051911175,181.743733600,81.592000,Present,0,512,26600,1920,1080,000002AB2830A6F0
4194,212052684295,181.821045600,77.312000,Present,0,512,26600,1920,1080,000002AB2830A6F0
4195,212053513479,181.903964000,82.918400,Present,0,512,26600,1920,1080,000002AB2830A6F0
4196,212054336185,181.986234600,82.270600,Present,0,512,26600,1920,1080,000002AB2830A6F0
4197,212055115201,182.064136200,77.901600,Present,0,512,26600,1920,1080,000002AB2830A6F0
4198,212055957964,182.148412500,84.276300,Present,0,512,26600,1920,1080,000002AB2830A6F0
4199,212056759575,182.228573600,80.161100,Present,0,512,26600,1920,1080,000002AB2830A6F0
4200,212057629775,182.315593600,87.020000,Present,0,512,26600,1920,1080,000002AB2830A6F0
4201,212058443596,182.396975700,81.382100,Present,0,512,26600,1920,1080,000002AB2830A6F0
4202,212059264791,182.479095200,82.119500,Present,0,512,26600,1920,1080,000002AB2830A6F0
4203,212060114542,182.564070300,84.975100,Present,0,512,26600,1920,1080,000002AB2830A6F0
4204,212060939556,182.646571700,82.501400,Present,0,512,26600,1920,1080,000002AB2830A6F0
4205,212061729455,182.725561600,78.989900,Present,0,512,26600,1920,1080,000002AB2830A6F0
4206,212062549657,182.807581800,82.020200,Present,0,512,26600,1920,1080,000002AB2830A6F0
4207,212063380522,182.890668300,83.086500,Present,0,512,26600,1920,1080,000002AB2830A6F0
4208,212064210702,182.973686300,83.018000,Present,0,512,26600,1920,1080,000002AB2830A6F0
4209,212065022670,183.054883100,81.196800,Present,0,512,26600,1920,1080,000002AB2830A6F0
4210,212065813889,183.134005000,79.121900,Present,0,512,26600,1920,1080,000002AB2830A6F0
4211,212066581188,183.210734900,76.729900,Present,0,512,26600,1920,1080,000002AB2830A6F0
4212,212067359091,183.288525200,77.790300,Present,0,512,26600,1920,1080,000002AB2830A6F0
4213,212068178528,183.370468900,81.943700,Present,0,512,26600,1920,1080,000002AB2830A6F0
4214,212068983313,183.450947400,80.478500,Present,0,512,26600,1920,1080,000002AB2830A6F0
4215,212069835879,183.536204000,85.256600,Present,0,512,26600,1920,1080,000002AB2830A6F0
4216,212070779125,183.630528600,94.324600,Present,0,512,26600,1920,1080,000002AB2830A6F0
4217,212071828358,183.735451900,104.923300,Present,0,512,26600,1920,1080,000002AB2830A6F0
4218,212072743761,183.826992200,91.540300,Present,0,512,26600,1920,1080,000002AB2830A6F0
4219,212073597523,183.912368400,85.376200,Present,0,512,26600,1920,1080,000002AB2830A6F0
4220,212074316569,183.984273000,71.904600,Present,0,512,26600,1920,1080,000002AB2830A6F0
4221,212075081009,184.060717000,76.444000,Present,0,512,26600,1920,1080,000002AB2830A6F0
4222,212075792761,184.131892200,71.175200,Present,0,512,26600,1920,1080,000002AB2830A6F0
4223,212076607432,184.213359300,81.467100,Present,0,512,26600,1920,1080,000002AB2830A6F0
4224,212077376886,184.290304700,76.945400,Present,0,512,26600,1920,1080,000002AB2830A6F0
4225,212078268005,184.379416600,89.111900,Present,0,512,26600,1920,1080,000002AB2830A6F0
4226,212079335362,184.486152300,106.735700,Present,0,512,26600,1920,1080,000002AB2830A6F0
4227,212080125657,184.565181800,79.029500,Present,0,512,26600,1920,1080,000002AB2830A6F0
4228,212081006381,184.653254200,88.072400,Present,0,512,26600,1920,1080,000002AB2830A6F0
4229,212081765927,184.729208800,75.954600,Present,0,512,26600,1920,1080,000002AB2830A6F0
4230,212082696111,184.822227200,93.018400,Present,0,512,26600,1920,1080,000002AB2830A6F0
4231,212083819204,184.934536500,112.309300,Present,0,512,26600,1920,1080,000002AB2830A6F0
4232,212084679538,185.020569900,86.033400,Present,0,512,26600,1920,1080,000002AB2830A6F0
4233,212085751688,185.127784900,107.215000,Present,0,512,26600,1920,1080,000002AB2830A6F0
4234,212086740578,185.226673900,98.889000,Present,0,512,26600,1920,1080,000002AB2830A6F0
4235,212088070523,185.359668400,132.994500,Present,0,512,26600,1920,1080,000002AB2830A6F0
4236,212089089242,185.461540300,101.871900,Present,0,512,26600,1920,1080,000002AB2830A6F0
4237,212089728258,185.525441900,63.901600,Present,0,512,26600,1920,1080,000002AB2830A6F0
4238,212090573640,185.609980100,84.538200,Present,0,512,26600,1920,1080,000002AB2830A6F0
4239,212091594708,185.712086900,102.106800,Present,0,512,26600,1920,1080,000002AB2830A6F0
4240,212092561182,185.808734300,96.647400,Present,0,512,26600,1920,1080,000002AB2830A6F0
4241,212093367634,185.889379500,80.645200,Present,0,512,26600,1920,1080,000002AB2830A6F0
4242,212094117888,185.964404900,75.025400,Present,0,512,26600,1920,1080,000002AB2830A6F0
4243,212094991891,186.051805200,87.400300,Present,0,512,26600,1920,1080,000002AB2830A6F0
4244,212096148991,186.167515200,115.710000,Present,0,512,26600,1920,1080,000002AB2830A6F0
4245,212097071488,186.259764900,92.249700,Present,0,512,26600,1920,1080,000002AB2830A6F0
4246,212098081559,186.360772000,101.007100,Present,0,512,26600,1920,1080,000002AB2830A6F0
4247,212098852120,186.437828100,77.056100,Present,0,512,26600,1920,1080,000002AB2830A6F0
4248,212100072747,186.559890800,122.062700,Present,0,512,26600,1920,1080,000002AB2830A6F0
4249,212100999336,186.652549700,92.658900,Present,0,512,26600,1920,1080,000002AB2830A6F0
4250,212101938062,186.746422300,93.872600,Present,0,512,26600,1920,1080,000002AB2830A6F0
4251,212102774018,186.830017900,83.595600,Present,0,512,26600,1920,1080,000002AB2830A6F0
4252,212103547587,186.907374800,77.356900,Present,0,512,26600,1920,1080,000002AB2830A6F0
4253,212104339824,186.986598500,79.223700,Present,0,512,26600,1920,1080,000002AB2830A6F0
4254,212105068889,187.059505000,72.906500,Present,0,512,26600,1920,1080,000002AB2830A6F0
4255,212105969121,187.149528200,90.023200,Present,0,512,26600,1920,1080,000002AB2830A6F0
4256,212106934834,187.246099500,96.571300,Present,0,512,26600,1920,1080,000002AB2830A6F0
4257,212108134925,187.366108600,120.009100,Present,0,512,26600,1920,1080,000002AB2830A6F0
4258,212109061204,187.458736500,92.627900,Present,0,512,26600,1920,1080,000002AB2830A6F0
4259,212109965354,187.549151500,90.415000,Present,0,512,26600,1920,1080,000002AB2830A6F0
4260,212110843627,187.636978800,87.827300,Present,0,512,26600,1920,1080,000002AB2830A6F0
4261,212111627749,187.715391000,78.412200,Present,0,512,26600,1920,1080,000002AB2830A6F0
4262,212112339402,187.786556300,71.165300,Present,0,512,26600,1920,1080,000002AB2830A6F0
4263,212113416718,187.894287900,107.731600,Present,0,512,26600,1920,1080,000002AB2830A6F0
4264,212114484331,188.001049200,106.761300,Present,0,512,26600,1920,1080,000002AB2830A6F0
4265,212115341144,188.086730500,85.681300,Present,0,512,26600,1920,1080,000002AB2830A6F0
4266,212116037437,188.156359800,69.629300,Present,0,512,26600,1920,1080,000002AB2830A6F0
4267,212117096493,188.262265400,105.905600,Present,0,512,26600,1920,1080,000002AB2830A6F0
4268,212118159673,188.368583400,106.318000,Present,0,512,26600,1920,1080,000002AB2830A6F0
4269,212119468682,188.499484300,130.900900,Present,0,512,26600,1920,1080,000002AB2830A6F0
4270,212120690934,188.621709500,122.225200,Present,0,512,26600,1920,1080,000002AB2830A6F0
4271,212122020097,188.754625800,132.916300,Present,0,512,26600,1920,1080,000002AB2830A6F0
4272,212122961399,188.848756000,94.130200,Present,0,512,26600,1920,1080,000002AB2830A6F0
4273,212124040834,188.956699500,107.943500,Present,0,512,26600,1920,1080,000002AB2830A6F0
4274,212125134852,189.066101300,109.401800,Present,0,512,26600,1920,1080,000002AB2830A6F0
4275,212126287434,189.181359500,115.258200,Present,0,512,26600,1920,1080,000002AB2830A6F0
4276,212127386671,189.291283200,109.923700,Present,0,512,26600,1920,1080,000002AB2830A6F0
4277,212128470825,189.399698600,108.415400,Present,0,512,26600,1920,1080,000002AB2830A6F0
4278,212130126996,189.565315700,165.617100,Present,0,512,26600,1920,1080,000002AB2830A6F0
4279,212131167873,189.669403400,104.087700,Present,0,512,26600,1920,1080,000002AB2830A6F0
4280,212132051427,189.757758800,88.355400,Present,0,512,26600,1920,1080,000002AB2830A6F0
4281,212133136438,189.866259900,108.501100,Present,0,512,26600,1920,1080,000002AB2830A6F0
4282,212134579544,190.010570500,144.310600,Present,0,512,26600,1920,1080,000002AB2830A6F0
4283,212135662313,190.118847400,108.276900,Present,0,512,26600,1920,1080,000002AB2830A6F0
4284,212136625363,190.215152400,96.305000,Present,0,512,26600,1920,1080,000002AB2830A6F0
4285,212137758642,190.328480300,113.327900,Present,0,512,26600,1920,1080,000002AB2830A6F0
4286,212139257695,190.478385600,149.905300,Present,0,512,26600,1920,1080,000002AB2830A6F0
4287,212140258750,190.578491100,100.105500,Present,0,512,26600,1920,1080,000002AB2830A6F0
4288,212141104172,190.663033300,84.542200,Present,0,512,26600,1920,1080,000002AB2830A6F0
4289,212142148240,190.767440100,104.406800,Present,0,512,26600,1920,1080,000002AB2830A6F0
4290,212143387289,190.891345000,123.904900,Present,0,512,26600,1920,1080,000002AB2830A6F0
4291,212144349406,190.987556700,96.211700,Present,0,512,26600,1920,1080,000002AB2830A6F0
4292,212145353866,191.088002700,100.446000,Present,0,512,26600,1920,1080,000002AB2830A6F0
4293,212146604618,191.213077900,125.075200,Present,0,512,26600,1920,1080,000002AB2830A6F0
4294,212147525038,191.305119900,92.042000,Present,0,512,26600,1920,1080,000002AB2830A6F0
4295,212148577569,191.410373000,105.253100,Present,0,512,26600,1920,1080,000002AB2830A6F0
4296,212150211984,191.573814500,163.441500,Present,0,512,26600,1920,1080,000002AB2830A6F0
4297,212150994845,191.652100600,78.286100,Present,0,512,26600,1920,1080,000002AB2830A6F0
4298,212151802909,191.732907000,80.806400,Present,0,512,26600,1920,1080,000002AB2830A6F0
4299,212152910797,191.843695800,110.788800,Present,0,512,26600,1920,1080,000002AB2830A6F0
4300,212154167389,191.969355000,125.659200,Present,0,512,26600,1920,1080,000002AB2830A6F0
4301,212155384969,192.091113000,121.758000,Present,0,512,26600,1920,1080,000002AB2830A6F0
4302,212156460855,192.198701600,107.588600,Present,0,512,26600,1920,1080,000002AB2830A6F0
4303,212158107396,192.363355700,164.654100,Present,0,512,26600,1920,1080,000002AB2830A6F0
4304,212158814136,192.434029700,70.674000,Present,0,512,26600,1920,1080,000002AB2830A6F0
4305,212159790893,192.531705400,97.675700,Present,0,512,26600,1920,1080,000002AB2830A6F0
4306,212160861283,192.638744400,107.039000,Present,0,512,26600,1920,1080,000002AB2830A6F0
4307,212162220880,192.774704100,135.959700,Present,0,512,26600,1920,1080,000002AB2830A6F0
4308,212163172904,192.869906500,95.202400,Present,0,512,26600,1920,1080,000002AB2830A6F0
4309,212164237090,192.976325100,106.418600,Present,0,512,26600,1920,1080,000002AB2830A6F0
4310,212165321174,193.084733500,108.408400,Present,0,512,26600,1920,1080,000002AB2830A6F0
4311,212166597182,193.212334300,127.600800,Present,0,512,26600,1920,1080,000002AB2830A6F0
4312,212167761438,193.328759900,116.425600,Present,0,512,26600,1920,1080,000002AB2830A6F0
4313,212168807095,193.433325600,104.565700,Present,0,512,26600,1920,1080,000002AB2830A6F0
4314,212170175999,193.570216000,136.890400,Present,0,512,26600,1920,1080,000002AB2830A6F0
4315,212171076967,193.660312800,90.096800,Present,0,512,26600,1920,1080,000002AB2830A6F0
4316,212172250286,193.777644700,117.331900,Present,0,512,26600,1920,1080,000002AB2830A6F0
4317,212173366997,193.889315800,111.671100,Present,0,512,26600,1920,1080,000002AB2830A6F0
4318,212174709799,194.023596000,134.280200,Present,0,512,26600,1920,1080,000002AB2830A6F0
4319,212175713137,194.123929800,100.333800,Present,0,512,26600,1920,1080,000002AB2830A6F0
4320,212176765259,194.229142000,105.212200,Present,0,512,26600,1920,1080,000002AB2830A6F0
4321,212177943352,194.346951300,117.809300,Present,0,512,26600,1920,1080,000002AB2830A6F0
4322,212179420116,194.494627700,147.676400,Present,0,512,26600,1920,1080,000002AB2830A6F0
4323,212180528862,194.605502300,110.874600,Present,0,512,26600,1920,1080,000002AB2830A6F0
4324,212181723863,194.725002400,119.500100,Present,0,512,26600,1920,1080,000002AB2830A6F0
4325,212183020597,194.854675800,129.673400,Present,0,512,26600,1920,1080,000002AB2830A6F0
4326,212183901413,194.942757400,88.081600,Present,0,512,26600,1920,1080,000002AB2830A6F0
4327,212184755844,195.028200500,85.443100,Present,0,512,26600,1920,1080,000002AB2830A6F0
4328,212185694594,195.122075500,93.875000,Present,0,512,26600,1920,1080,000002AB2830A6F0
4329,212187048151,195.257431200,135.355700,Present,0,512,26600,1920,1080,000002AB2830A6F0
4330,212188054223,195.358038400,100.607200,Present,0,512,26600,1920,1080,000002AB2830A6F0
4331,212188922570,195.444873100,86.834700,Present,0,512,26600,1920,1080,000002AB2830A6F0
4332,212189814213,195.534037400,89.164300,Present,0,512,26600,1920,1080,000002AB2830A6F0
4333,212190621468,195.614762900,80.725500,Present,0,512,26600,1920,1080,000002AB2830A6F0
4334,212191362885,195.688904600,74.141700,Present,0,512,26600,1920,1080,000002AB2830A6F0
4335,212192133539,195.765970000,77.065400,Present,0,512,26600,1920,1080,000002AB2830A6F0
4336,212192955550,195.848171100,82.201100,Present,0,512,26600,1920,1080,000002AB2830A6F0
4337,212193703337,195.922949800,74.778700,Present,0,512,26600,1920,1080,000002AB2830A6F0
4338,212194483222,196.000938300,77.988500,Present,0,512,26600,1920,1080,000002AB2830A6F0
4339,212195235171,196.076133200,75.194900,Present,0,512,26600,1920,1080,000002AB2830A6F0
4340,212196017453,196.154361400,78.228200,Present,0,512,26600,1920,1080,000002AB2830A6F0
4341,212196727992,196.225415300,71.053900,Present,0,512,26600,1920,1080,000002AB2830A6F0
4342,212197728588,196.325474900,100.059600,Present,0,512,26600,1920,1080,000002AB2830A6F0
4343,212198862309,196.438847000,113.372100,Present,0,512,26600,1920,1080,000002AB2830A6F0
4344,212199696839,196.522300000,83.453000,Present,0,512,26600,1920,1080,000002AB2830A6F0
4345,212200404379,196.593054000,70.754000,Present,0,512,26600,1920,1080,000002AB2830A6F0
4346,212201188757,196.671491800,78.437800,Present,0,512,26600,1920,1080,000002AB2830A6F0
4347,212202052078,196.757823900,86.332100,Present,0,512,26600,1920,1080,000002AB2830A6F0
4348,212202831231,196.835739200,77.915300,Present,0,512,26600,1920,1080,000002AB2830A6F0
4349,212203660584,196.918674500,82.935300,Present,0,512,26600,1920,1080,000002AB2830A6F0
4350,212204449033,196.997519400,78.844900,Present,0,512,26600,1920,1080,000002AB2830A6F0
4351,212205250551,197.077671200,80.151800,Present,0,512,26600,1920,1080,000002AB2830A6F0
4352,212206227536,197.175369700,97.698500,Present,0,512,26600,1920,1080,000002AB2830A6F0
4353,212207315548,197.284170900,108.801200,Present,0,512,26600,1920,1080,000002AB2830A6F0
4354,212208175282,197.370144300,85.973400,Present,0,512,26600,1920,1080,000002AB2830A6F0
4355,212209347436,197.487359700,117.215400,Present,0,512,26600,1920,1080,000002AB2830A6F0
4356,212210310564,197.583672500,96.312800,Present,0,512,26600,1920,1080,000002AB2830A6F0
4357,212211247715,197.677387600,93.715100,Present,0,512,26600,1920,1080,000002AB2830A6F0
4358,212212472624,197.799878500,122.490900,Present,0,512,26600,1920,1080,000002AB2830A6F0
4359,212213397196,197.892335700,92.457200,Present,0,512,26600,1920,1080,000002AB2830A6F0
4360,212214084171,197.961033200,68.697500,Present,0,512,26600,1920,1080,000002AB2830A6F0
4361,212214692087,198.021824800,60.791600,Present,0,512,26600,1920,1080,000002AB2830A6F0
4362,212215514435,198.104059600,82.234800,Present,0,512,26600,1920,1080,000002AB2830A6F0
4363,212216594376,198.212053700,107.994100,Present,0,512,26600,1920,1080,000002AB2830A6F0
4364,212217410670,198.293683100,81.629400,Present,0,512,26600,1920,1080,000002AB2830A6F0
4365,212218705214,198.423137500,129.454400,Present,0,512,26600,1920,1080,000002AB2830A6F0
4366,212219592174,198.511833500,88.696000,Present,0,512,26600,1920,1080,000002AB2830A6F0
4367,212220406012,198.593217300,81.383800,Present,0,512,26600,1920,1080,000002AB2830A6F0
4368,212221429889,198.695605000,102.387700,Present,0,512,26600,1920,1080,000002AB2830A6F0
4369,212222468701,198.799486200,103.881200,Present,0,512,26600,1920,1080,000002AB2830A6F0
4370,212223253142,198.877930300,78.444100,Present,0,512,26600,1920,1080,000002AB2830A6F0
4371,212224131354,198.965751500,87.821200,Present,0,512,26600,1920,1080,000002AB2830A6F0
4372,212225268974,199.079513500,113.762000,Present,0,512,26600,1920,1080,000002AB2830A6F0
4373,212226096830,199.162299100,82.785600,Present,0,512,26600,1920,1080,000002AB2830A6F0
4374,212226948307,199.247446800,85.147700,Present,0,512,26600,1920,1080,000002AB2830A6F0
4375,212228103790,199.362995100,115.548300,Present,0,512,26600,1920,1080,000002AB2830A6F0
4376,212229400746,199.492690700,129.695600,Present,0,512,26600,1920,1080,000002AB2830A6F0
4377,212230335590,199.586175100,93.484400,Present,0,512,26600,1920,1080,000002AB2830A6F0
4378,212231038398,199.656455900,70.280800,Present,0,512,26600,1920,1080,000002AB2830A6F0
4379,212232085144,199.761130500,104.674600,Present,0,512,26600,1920,1080,000002AB2830A6F0
4380,212233313927,199.884008800,122.878300,Present,0,512,26600,1920,1080,000002AB2830A6F0
4381,212234379166,199.990532700,106.523900,Present,0,512,26600,1920,1080,000002AB2830A6F0
4382,212235263726,200.078988700,88.456000,Present,0,512,26600,1920,1080,000002AB2830A6F0
4383,212236028104,200.155426500,76.437800,Present,0,512,26600,1920,1080,000002AB2830A6F0
4384,212236756004,200.228216500,72.790000,Present,0,512,26600,1920,1080,000002AB2830A6F0
4385,212237497879,200.302404000,74.187500,Present,0,512,26600,1920,1080,000002AB2830A6F0
4386,212238196254,200.372241500,69.837500,Present,0,512,26600,1920,1080,000002AB2830A6F0
4387,212238973536,200.449969700,77.728200,Present,0,512,26600,1920,1080,000002AB2830A6F0
4388,212239828844,200.535500500,85.530800,Present,0,512,26600,1920,1080,000002AB2830A6F0
4389,212240629474,200.615563500,80.063000,Present,0,512,26600,1920,1080,000002AB2830A6F0
4390,212241431198,200.695735900,80.172400,Present,0,512,26600,1920,1080,000002AB2830A6F0
4391,212242275126,200.780128700,84.392800,Present,0,512,26600,1920,1080,000002AB2830A6F0
4392,212243085627,200.861178800,81.050100,Present,0,512,26600,1920,1080,000002AB2830A6F0
4393,212243921185,200.944734600,83.555800,Present,0,512,26600,1920,1080,000002AB2830A6F0
4394,212244720623,201.024678400,79.943800,Present,0,512,26600,1920,1080,000002AB2830A6F0
4395,212245532846,201.105900700,81.222300,Present,0,512,26600,1920,1080,000002AB2830A6F0
4396,212246304990,201.183115100,77.214400,Present,0,512,26600,1920,1080,000002AB2830A6F0
4397,212247154599,201.268076000,84.960900,Present,0,512,26600,1920,1080,000002AB2830A6F0
4398,212247929737,201.345589800,77.513800,Present,0,512,26600,1920,1080,000002AB2830A6F0
4399,212248809587,201.433574800,87.985000,Present,0,512,26600,1920,1080,000002AB2830A6F0
4400,212249571252,201.509741300,76.166500,Present,0,512,26600,1920,1080,000002AB2830A6F0
4401,212250471353,201.599751400,90.010100,Present,0,512,26600,1920,1080,000002AB2830A6F0
4402,212251197175,201.672333600,72.582200,Present,0,512,26600,1920,1080,000002AB2830A6F0
4403,212252106513,201.763267400,90.933800,Present,0,512,26600,1920,1080,000002AB2830A6F0
4404,212252861104,201.838726500,75.459100,Present,0,512,26600,1920,1080,000002AB2830A6F0
4405,212253684085,201.921024600,82.298100,Present,0,512,26600,1920,1080,000002AB2830A6F0
4406,212254505950,202.003211100,82.186500,Present,0,512,26600,1920,1080,000002AB2830A6F0
4407,212255306146,202.083230700,80.019600,Present,0,512,26600,1920,1080,000002AB2830A6F0
4408,212256112482,202.163864300,80.633600,Present,0,512,26600,1920,1080,000002AB2830A6F0
4409,212256900387,202.242654800,78.790500,Present,0,512,26600,1920,1080,000002AB2830A6F0
4410,212257763572,202.328973300,86.318500,Present,0,512,26600,1920,1080,000002AB2830A6F0
4411,212258650905,202.417706600,88.733300,Present,0,512,26600,1920,1080,000002AB2830A6F0
4412,212259451135,202.497729600,80.023000,Present,0,512,26600,1920,1080,000002AB2830A6F0
4413,212260267100,202.579326100,81.596500,Present,0,512,26600,1920,1080,000002AB2830A6F0
4414,212261125170,202.665133100,85.807000,Present,0,512,26600,1920,1080,000002AB2830A6F0
4415,212261940085,202.746624600,81.491500,Present,0,512,26600,1920,1080,000002AB2830A6F0
4416,212262751666,202.827782700,81.158100,Present,0,512,26600,1920,1080,000002AB2830A6F0
4417,212263576145,202.910230600,82.447900,Present,0,512,26600,1920,1080,000002AB2830A6F0
4418,212264398401,202.992456200,82.225600,Present,0,512,26600,1920,1080,000002AB2830A6F0
4419,212265265844,203.079200500,86.744300,Present,0,512,26600,1920,1080,000002AB2830A6F0
4420,212266102996,203.162915700,83.715200,Present,0,512,26600,1920,1080,000002AB2830A6F0
4421,212266868851,203.239501200,76.585500,Present,0,512,26600,1920,1080,000002AB2830A6F0
4422,212267710449,203.323661000,84.159800,Present,0,512,26600,1920,1080,000002AB2830A6F0
4423,212268512024,203.403818500,80.157500,Present,0,512,26600,1920,1080,000002AB2830A6F0
4424,212269331097,203.485725800,81.907300,Present,0,512,26600,1920,1080,000002AB2830A6F0
4425,212270178713,203.570487400,84.761600,Present,0,512,26600,1920,1080,000002AB2830A6F0
4426,212270940833,203.646699400,76.212000,Present,0,512,26600,1920,1080,000002AB2830A6F0
4427,212271842272,203.736843300,90.143900,Present,0,512,26600,1920,1080,000002AB2830A6F0
4428,212272582064,203.810822500,73.979200,Present,0,512,26600,1920,1080,000002AB2830A6F0
4429,212273387079,203.891324000,80.501500,Present,0,512,26600,1920,1080,000002AB2830A6F0
4430,212274215489,203.974165000,82.841000,Present,0,512,26600,1920,1080,000002AB2830A6F0
4431,212275009125,204.053528600,79.363600,Present,0,512,26600,1920,1080,000002AB2830A6F0
4432,212275853771,204.137993200,84.464600,Present,0,512,26600,1920,1080,000002AB2830A6F0
4433,212276631086,204.215724700,77.731500,Present,0,512,26600,1920,1080,000002AB2830A6F0
4434,212277454947,204.298110800,82.386100,Present,0,512,26600,1920,1080,000002AB2830A6F0
4435,212278419157,204.394531800,96.421000,Present,0,512,26600,1920,1080,000002AB2830A6F0
4436,212279248469,204.477463000,82.931200,Present,0,512,26600,1920,1080,000002AB2830A6F0
4437,212279918940,204.544510100,67.047100,Present,0,512,26600,1920,1080,000002AB2830A6F0
4438,212280817143,204.634330400,89.820300,Present,0,512,26600,1920,1080,000002AB2830A6F0
4439,212281576397,204.710255800,75.925400,Present,0,512,26600,1920,1080,000002AB2830A6F0
4440,212282368494,204.789465500,79.209700,Present,0,512,26600,1920,1080,000002AB2830A6F0
4441,212283177918,204.870407900,80.942400,Present,0,512,26600,1920,1080,000002AB2830A6F0
4442,212283954137,204.948029800,77.621900,Present,0,512,26600,1920,1080,000002AB2830A6F0
4443,212284812080,205.033824100,85.794300,Present,0,512,26600,1920,1080,000002AB2830A6F0
4444,212285680893,205.120705400,86.881300,Present,0,512,26600,1920,1080,000002AB2830A6F0
4445,212286411976,205.193813700,73.108300,Present,0,512,26600,1920,1080,000002AB2830A6F0
4446,212287213222,205.273938300,80.124600,Present,0,512,26600,1920,1080,000002AB2830A6F0
4447,212288005516,205.353167700,79.229400,Present,0,512,26600,1920,1080,000002AB2830A6F0
4448,212288792834,205.431899500,78.731800,Present,0,512,26600,1920,1080,000002AB2830A6F0
4449,212289623746,205.514990700,83.091200,Present,0,512,26600,1920,1080,000002AB2830A6F0
4450,212290425505,205.595166600,80.175900,Present,0,512,26600,1920,1080,000002AB2830A6F0
4451,212291185141,205.671130200,75.963600,Present,0,512,26600,1920,1080,000002AB2830A6F0
4452,212292170047,205.769620800,98.490600,Present,0,512,26600,1920,1080,000002AB2830A6F0
4453,212293028351,205.855451200,85.830400,Present,0,512,26600,1920,1080,000002AB2830A6F0
4454,212293725760,205.925192100,69.740900,Present,0,512,26600,1920,1080,000002AB2830A6F0
4455,212294499325,206.002548600,77.356500,Present,0,512,26600,1920,1080,000002AB2830A6F0
4456,212295289376,206.081553700,79.005100,Present,0,512,26600,1920,1080,000002AB2830A6F0
4457,212296161866,206.168802700,87.249000,Present,0,512,26600,1920,1080,000002AB2830A6F0
4458,212297210227,206.273638800,104.836100,Present,0,512,26600,1920,1080,000002AB2830A6F0
4459,212298202017,206.372817800,99.179000,Present,0,512,26600,1920,1080,000002AB2830A6F0
4460,212299363125,206.488928600,116.110800,Present,0,512,26600,1920,1080,000002AB2830A6F0
4461,212300849456,206.637561700,148.633100,Present,0,512,26600,1920,1080,000002AB2830A6F0
4462,212301891060,206.741722100,104.160400,Present,0,512,26600,1920,1080,000002AB2830A6F0
4463,212302783457,206.830961800,89.239700,Present,0,512,26600,1920,1080,000002AB2830A6F0
4464,212304114690,206.964085100,133.123300,Present,0,512,26600,1920,1080,000002AB2830A6F0
4465,212305501747,207.102790800,138.705700,Present,0,512,26600,1920,1080,000002AB2830A6F0
4466,212306568371,207.209453200,106.662400,Present,0,512,26600,1920,1080,000002AB2830A6F0
4467,212307848712,207.337487300,128.034100,Present,0,512,26600,1920,1080,000002AB2830A6F0
4468,212309105323,207.463148400,125.661100,Present,0,512,26600,1920,1080,000002AB2830A6F0
4469,212310319411,207.584557200,121.408800,Present,0,512,26600,1920,1080,000002AB2830A6F0
4470,212311354607,207.688076800,103.519600,Present,0,512,26600,1920,1080,000002AB2830A6F0
4471,212312534908,207.806106900,118.030100,Present,0,512,26600,1920,1080,000002AB2830A6F0
4472,212313988774,207.951493500,145.386600,Present,0,512,26600,1920,1080,000002AB2830A6F0
4473,212314952991,208.047915200,96.421700,Present,0,512,26600,1920,1080,000002AB2830A6F0
4474,212315935293,208.146145400,98.230200,Present,0,512,26600,1920,1080,000002AB2830A6F0
4475,212317117575,208.264373600,118.228200,Present,0,512,26600,1920,1080,000002AB2830A6F0
4476,212318311639,208.383780000,119.406400,Present,0,512,26600,1920,1080,000002AB2830A6F0
4477,212319414211,208.494037200,110.257200,Present,0,512,26600,1920,1080,000002AB2830A6F0
4478,212320553265,208.607942600,113.905400,Present,0,512,26600,1920,1080,000002AB2830A6F0
4479,212321919769,208.744593000,136.650400,Present,0,512,26600,1920,1080,000002AB2830A6F0
4480,212323005110,208.853127100,108.534100,Present,0,512,26600,1920,1080,000002AB2830A6F0
4481,212323969750,208.949591100,96.464000,Present,0,512,26600,1920,1080,000002AB2830A6F0
4482,212325138701,209.066486200,116.895100,Present,0,512,26600,1920,1080,000002AB2830A6F0
4483,212326517245,209.204340600,137.854400,Present,0,512,26600,1920,1080,000002AB2830A6F0
4484,212327524147,209.305030800,100.690200,Present,0,512,26600,1920,1080,000002AB2830A6F0
4485,212328556090,209.408225100,103.194300,Present,0,512,26600,1920,1080,000002AB2830A6F0
4486,212329703988,209.523014900,114.789800,Present,0,512,26600,1920,1080,000002AB2830A6F0
4487,212330873789,209.639995000,116.980100,Present,0,512,26600,1920,1080,000002AB2830A6F0
4488,212331978352,209.750451300,110.456300,Present,0,512,26600,1920,1080,000002AB2830A6F0
4489,212333664219,209.919038000,168.586700,Present,0,512,26600,1920,1080,000002AB2830A6F0
4490,212334571082,210.009724300,90.686300,Present,0,512,26600,1920,1080,000002AB2830A6F0
4491,212335391372,210.091753300,82.029000,Present,0,512,26600,1920,1080,000002AB2830A6F0
4492,212336516020,210.204218100,112.464800,Present,0,512,26600,1920,1080,000002AB2830A6F0
4493,212338028544,210.355470500,151.252400,Present,0,512,26600,1920,1080,000002AB2830A6F0
4494,212339011298,210.453745900,98.275400,Present,0,512,26600,1920,1080,000002AB2830A6F0
4495,212340034644,210.556080500,102.334600,Present,0,512,26600,1920,1080,000002AB2830A6F0
4496,212341152341,210.667850200,111.769700,Present,0,512,26600,1920,1080,000002AB2830A6F0
4497,212342280258,210.780641900,112.791700,Present,0,512,26600,1920,1080,000002AB2830A6F0
4498,212343473305,210.899946600,119.304700,Present,0,512,26600,1920,1080,000002AB2830A6F0
4499,212344598559,211.012472000,112.525400,Present,0,512,26600,1920,1080,000002AB2830A6F0
4500,212346266514,211.179267500,166.795500,Present,0,512,26600,1920,1080,000002AB2830A6F0
4501,212347084127,211.261028800,81.761300,Present,0,512,26600,1920,1080,000002AB2830A6F0
4502,212347959367,211.348552800,87.524000,Present,0,512,26600,1920,1080,000002AB2830A6F0
4503,212349039648,211.456580900,108.028100,Present,0,512,26600,1920,1080,000002AB2830A6F0
4504,212350251258,211.577741900,121.161000,Present,0,512,26600,1920,1080,000002AB2830A6F0
4505,212351576681,211.710284200,132.542300,Present,0,512,26600,1920,1080,000002AB2830A6F0
4506,212352854056,211.838021700,127.737500,Present,0,512,26600,1920,1080,000002AB2830A6F0
4507,212354321970,211.984813100,146.791400,Present,0,512,26600,1920,1080,000002AB2830A6F0
4508,212355258358,212.078451900,93.638800,Present,0,512,26600,1920,1080,000002AB2830A6F0
4509,212356300537,212.182669800,104.217900,Present,0,512,26600,1920,1080,000002AB2830A6F0
4510,212357487454,212.301361500,118.691700,Present,0,512,26600,1920,1080,000002AB2830A6F0
4511,212358568896,212.409505700,108.144200,Present,0,512,26600,1920,1080,000002AB2830A6F0
4512,212359651770,212.517793100,108.287400,Present,0,512,26600,1920,1080,000002AB2830A6F0
4513,212360985787,212.651194800,133.401700,Present,0,512,26600,1920,1080,000002AB2830A6F0
4514,212361931842,212.745800300,94.605500,Present,0,512,26600,1920,1080,000002AB2830A6F0
4515,212363029146,212.855530700,109.730400,Present,0,512,26600,1920,1080,000002AB2830A6F0
4516,212364207680,212.973384100,117.853400,Present,0,512,26600,1920,1080,000002AB2830A6F0
4517,212365482128,213.100828900,127.444800,Present,0,512,26600,1920,1080,000002AB2830A6F0
4518,212366476945,213.200310600,99.481700,Present,0,512,26600,1920,1080,000002AB2830A6F0
4519,212367661962,213.318812300,118.501700,Present,0,512,26600,1920,1080,000002AB2830A6F0
4520,212368981897,213.450805800,131.993500,Present,0,512,26600,1920,1080,000002AB2830A6F0
4521,212369935902,213.546206300,95.400500,Present,0,512,26600,1920,1080,000002AB2830A6F0
4522,212370984149,213.651031000,104.824700,Present,0,512,26600,1920,1080,000002AB2830A6F0
4523,212372079145,213.760530600,109.499600,Present,0,512,26600,1920,1080,000002AB2830A6F0
4524,212373580902,213.910706300,150.175700,Present,0,512,26600,1920,1080,000002AB2830A6F0
4525,212374715699,214.024186000,113.479700,Present,0,512,26600,1920,1080,000002AB2830A6F0
4526,212375857724,214.138388500,114.202500,Present,0,512,26600,1920,1080,000002AB2830A6F0
4527,212376918901,214.244506200,106.117700,Present,0,512,26600,1920,1080,000002AB2830A6F0
4528,212378104939,214.363110000,118.603800,Present,0,512,26600,1920,1080,000002AB2830A6F0
4529,212379366812,214.489297300,126.187300,Present,0,512,26600,1920,1080,000002AB2830A6F0
4530,212380461466,214.598762700,109.465400,Present,0,512,26600,1920,1080,000002AB2830A6F0
4531,212381538497,214.706465800,107.703100,Present,0,512,26600,1920,1080,000002AB2830A6F0
4532,212382877453,214.840361400,133.895600,Present,0,512,26600,1920,1080,000002AB2830A6F0
4533,212383916997,214.944315800,103.954400,Present,0,512,26600,1920,1080,000002AB2830A6F0
4534,212385039577,215.056573800,112.258000,Present,0,512,26600,1920,1080,000002AB2830A6F0
4535,212386197175,215.172333600,115.759800,Present,0,512,26600,1920,1080,000002AB2830A6F0
4536,212387772605,215.329876600,157.543000,Present,0,512,26600,1920,1080,000002AB2830A6F0
4537,212388690330,215.421649100,91.772500,Present,0,512,26600,1920,1080,000002AB2830A6F0
4538,212389646382,215.517254300,95.605200,Present,0,512,26600,1920,1080,000002AB2830A6F0
4539,212390756895,215.628305600,111.051300,Present,0,512,26600,1920,1080,000002AB2830A6F0
4540,212391943944,215.747010500,118.704900,Present,0,512,26600,1920,1080,000002AB2830A6F0
4541,212393028560,215.855472100,108.461600,Present,0,512,26600,1920,1080,000002AB2830A6F0
4542,212394179531,215.970569200,115.097100,Present,0,512,26600,1920,1080,000002AB2830A6F0
4543,212395376847,216.090300800,119.731600,Present,0,512,26600,1920,1080,000002AB2830A6F0
4544,212396451918,216.197807900,107.507100,Present,0,512,26600,1920,1080,000002AB2830A6F0
4545,212397988655,216.351481600,153.673700,Present,0,512,26600,1920,1080,000002AB2830A6F0
4546,212399122493,216.464865400,113.383800,Present,0,512,26600,1920,1080,000002AB2830A6F0
4547,212399899716,216.542587700,77.722300,Present,0,512,26600,1920,1080,000002AB2830A6F0
4548,212400954033,216.648019400,105.431700,Present,0,512,26600,1920,1080,000002AB2830A6F0
4549,212402144881,216.767104200,119.084800,Present,0,512,26600,1920,1080,000002AB2830A6F0
4550,212403237634,216.876379500,109.275300,Present,0,512,26600,1920,1080,000002AB2830A6F0
4551,212404314904,216.984106500,107.727000,Present,0,512,26600,1920,1080,000002AB2830A6F0
4552,212405440507,217.096666800,112.560300,Present,0,512,26600,1920,1080,000002AB2830A6F0
4553,212406558958,217.208511900,111.845100,Present,0,512,26600,1920,1080,000002AB2830A6F0
4554,212407871306,217.339746700,131.234800,Present,0,512,26600,1920,1080,000002AB2830A6F0
4555,212408864980,217.439114100,99.367400,Present,0,512,26600,1920,1080,000002AB2830A6F0
4556,212409985620,217.551178100,112.064000,Present,0,512,26600,1920,1080,000002AB2830A6F0
4557,212411262889,217.678905000,127.726900,Present,0,512,26600,1920,1080,000002AB2830A6F0
4558,212412569719,217.809588000,130.683000,Present,0,512,26600,1920,1080,000002AB2830A6F0
4559,212413596193,217.912235400,102.647400,Present,0,512,26600,1920,1080,000002AB2830A6F0
4560,212414576599,218.010276000,98.040600,Present,0,512,26600,1920,1080,000002AB2830A6F0
4561,212415726942,218.125310300,115.034300,Present,0,512,26600,1920,1080,000002AB2830A6F0
4562,212416760463,218.228662400,103.352100,Present,0,512,26600,1920,1080,000002AB2830A6F0
4563,212417889211,218.341537200,112.874800,Present,0,512,26600,1920,1080,000002AB2830A6F0
4564,212419262742,218.478890300,137.353100,Present,0,512,26600,1920,1080,000002AB2830A6F0
4565,212420220306,218.574646700,95.756400,Present,0,512,26600,1920,1080,000002AB2830A6F0
4566,212421213340,218.673950100,99.303400,Present,0,512,26600,1920,1080,000002AB2830A6F0
4567,212422396088,218.792224900,118.274800,Present,0,512,26600,1920,1080,000002AB2830A6F0
4568,212423796657,218.932281800,140.056900,Present,0,512,26600,1920,1080,000002AB2830A6F0
4569,212424969036,219.049519700,117.237900,Present,0,512,26600,1920,1080,000002AB2830A6F0
4570,212426089350,219.161551100,112.031400,Present,0,512,26600,1920,1080,000002AB2830A6F0
4571,212427513600,219.303976100,142.425000,Present,0,512,26600,1920,1080,000002AB2830A6F0
4572,212428583013,219.410917400,106.941300,Present,0,512,26600,1920,1080,000002AB2830A6F0
4573,212429726828,219.525298900,114.381500,Present,0,512,26600,1920,1080,000002AB2830A6F0
4574,212431127436,219.665359700,140.060800,Present,0,512,26600,1920,1080,000002AB2830A6F0
4575,212431959133,219.748529400,83.169700,Present,0,512,26600,1920,1080,000002AB2830A6F0
4576,212433103325,219.862948600,114.419200,Present,0,512,26600,1920,1080,000002AB2830A6F0
4577,212434243682,219.976984300,114.035700,Present,0,512,26600,1920,1080,000002AB2830A6F0
4578,212435670071,220.119623200,142.638900,Present,0,512,26600,1920,1080,000002AB2830A6F0
4579,212436796190,220.232235100,112.611900,Present,0,512,26600,1920,1080,000002AB2830A6F0
4580,212438137005,220.366316600,134.081500,Present,0,512,26600,1920,1080,000002AB2830A6F0
4581,212439047942,220.457410300,91.093700,Present,0,512,26600,1920,1080,000002AB2830A6F0
4582,212440175632,220.570179300,112.769000,Present,0,512,26600,1920,1080,000002AB2830A6F0
4583,212441629782,220.715594300,145.415000,Present,0,512,26600,1920,1080,000002AB2830A6F0
4584,212442833216,220.835937700,120.343400,Present,0,512,26600,1920,1080,000002AB2830A6F0
4585,212444071859,220.959802000,123.864300,Present,0,512,26600,1920,1080,000002AB2830A6F0
4586,212445198800,221.072496100,112.694100,Present,0,512,26600,1920,1080,000002AB2830A6F0
4587,212446311201,221.183736200,111.240100,Present,0,512,26600,1920,1080,000002AB2830A6F0
4588,212447440412,221.296657300,112.921100,Present,0,512,26600,1920,1080,000002AB2830A6F0
4589,212448513249,221.403941000,107.283700,Present,0,512,26600,1920,1080,000002AB2830A6F0
4590,212449700910,221.522707100,118.766100,Present,0,512,26600,1920,1080,000002AB2830A6F0
4591,212450760218,221.628637900,105.930800,Present,0,512,26600,1920,1080,000002AB2830A6F0
4592,212451888497,221.741465800,112.827900,Present,0,512,26600,1920,1080,000002AB2830A6F0
4593,212453352612,221.887877300,146.411500,Present,0,512,26600,1920,1080,000002AB2830A6F0
4594,212454336728,221.986288900,98.411600,Present,0,512,26600,1920,1080,000002AB2830A6F0
4595,212455431865,222.095802600,109.513700,Present,0,512,26600,1920,1080,000002AB2830A6F0
4596,212456644308,222.217046900,121.244300,Present,0,512,26600,1920,1080,000002AB2830A6F0
4597,212458014396,222.354055700,137.008800,Present,0,512,26600,1920,1080,000002AB2830A6F0
4598,212459073985,222.460014600,105.958900,Present,0,512,26600,1920,1080,000002AB2830A6F0
4599,212460018455,222.554461600,94.447000,Present,0,512,26600,1920,1080,000002AB2830A6F0
4600,212461176655,222.670281600,115.820000,Present,0,512,26600,1920,1080,000002AB2830A6F0
4601,212462527732,222.805389300,135.107700,Present,0,512,26600,1920,1080,000002AB2830A6F0
4602,212463601898,222.912805900,107.416600,Present,0,512,26600,1920,1080,000002AB2830A6F0
4603,212464656918,223.018307900,105.502000,Present,0,512,26600,1920,1080,000002AB2830A6F0
4604,212465867714,223.139387500,121.079600,Present,0,512,26600,1920,1080,000002AB2830A6F0
4605,212467156925,223.268308600,128.921100,Present,0,512,26600,1920,1080,000002AB2830A6F0
4606,212468239647,223.376580800,108.272200,Present,0,512,26600,1920,1080,000002AB2830A6F0
4607,212469291989,223.481815000,105.234200,Present,0,512,26600,1920,1080,000002AB2830A6F0
4608,212470461543,223.598770400,116.955400,Present,0,512,26600,1920,1080,000002AB2830A6F0
4609,212471642235,223.716839600,118.069200,Present,0,512,26600,1920,1080,000002AB2830A6F0
4610,212472793804,223.831996500,115.156900,Present,0,512,26600,1920,1080,000002AB2830A6F0
4611,212474093791,223.961995200,129.998700,Present,0,512,26600,1920,1080,000002AB2830A6F0
4612,212475058989,224.058515000,96.519800,Present,0,512,26600,1920,1080,000002AB2830A6F0
4613,212476361622,224.188778300,130.263300,Present,0,512,26600,1920,1080,000002AB2830A6F0
4614,212477591493,224.311765400,122.987100,Present,0,512,26600,1920,1080,000002AB2830A6F0
4615,212478975246,224.450140700,138.375300,Present,0,512,26600,1920,1080,000002AB2830A6F0
4616,212479971056,224.549721700,99.581000,Present,0,512,26600,1920,1080,000002AB2830A6F0
4617,212481015170,224.654133100,104.411400,Present,0,512,26600,1920,1080,000002AB2830A6F0
4618,212482395302,224.792146300,138.013200,Present,0,512,26600,1920,1080,000002AB2830A6F0
4619,212483423457,224.894961800,102.815500,Present,0,512,26600,1920,1080,000002AB2830A6F0
4620,212484387614,224.991377500,96.415700,Present,0,512,26600,1920,1080,000002AB2830A6F0
4621,212485520866,225.104702700,113.325200,Present,0,512,26600,1920,1080,000002AB2830A6F0
4622,212486584049,225.211021000,106.318300,Present,0,512,26600,1920,1080,000002AB2830A6F0
4623,212488027182,225.355334300,144.313300,Present,0,512,26600,1920,1080,000002AB2830A6F0
4624,212488938984,225.446514500,91.180200,Present,0,512,26600,1920,1080,000002AB2830A6F0
4625,212490006442,225.553260300,106.745800,Present,0,512,26600,1920,1080,000002AB2830A6F0
4626,212491117475,225.664363600,111.103300,Present,0,512,26600,1920,1080,000002AB2830A6F0
4627,212492199484,225.772564500,108.200900,Present,0,512,26600,1920,1080,000002AB2830A6F0
4628,212493323434,225.884959500,112.395000,Present,0,512,26600,1920,1080,000002AB2830A6F0
4629,212494468943,225.999510400,114.550900,Present,0,512,26600,1920,1080,000002AB2830A6F0
4630,212495674524,226.120068500,120.558100,Present,0,512,26600,1920,1080,000002AB2830A6F0
4631,212496711922,226.223808300,103.739800,Present,0,512,26600,1920,1080,000002AB2830A6F0
4632,212497856980,226.338314100,114.505800,Present,0,512,26600,1920,1080,000002AB2830A6F0
4633,212499296951,226.482311200,143.997100,Present,0,512,26600,1920,1080,000002AB2830A6F0
4634,212500346250,226.587241100,104.929900,Present,0,512,26600,1920,1080,000002AB2830A6F0
4635,212501531501,226.705766200,118.525100,Present,0,512,26600,1920,1080,000002AB2830A6F0
4636,212503096691,226.862285200,156.519000,Present,0,512,26600,1920,1080,000002AB2830A6F0
4637,212504217240,226.974340100,112.054900,Present,0,512,26600,1920,1080,000002AB2830A6F0
4638,212505117077,227.064323800,89.983700,Present,0,512,26600,1920,1080,000002AB2830A6F0
4639,212506209071,227.173523200,109.199400,Present,0,512,26600,1920,1080,000002AB2830A6F0
4640,212507745623,227.327178400,153.655200,Present,0,512,26600,1920,1080,000002AB2830A6F0
4641,212508841605,227.436776600,109.598200,Present,0,512,26600,1920,1080,000002AB2830A6F0
4642,212509710323,227.523648400,86.871800,Present,0,512,26600,1920,1080,000002AB2830A6F0
4643,212510839193,227.636535400,112.887000,Present,0,512,26600,1920,1080,000002AB2830A6F0
4644,212512363204,227.788936500,152.401100,Present,0,512,26600,1920,1080,000002AB2830A6F0
4645,212513316943,227.884310400,95.373900,Present,0,512,26600,1920,1080,000002AB2830A6F0
4646,212514312545,227.983870600,99.560200,Present,0,512,26600,1920,1080,000002AB2830A6F0
4647,212515469820,228.099598100,115.727500,Present,0,512,26600,1920,1080,000002AB2830A6F0
4648,212516929122,228.245528300,145.930200,Present,0,512,26600,1920,1080,000002AB2830A6F0
4649,212517919223,228.344538400,99.010100,Present,0,512,26600,1920,1080,000002AB2830A6F0
4650,212519011406,228.453756700,109.218300,Present,0,512,26600,1920,1080,000002AB2830A6F0
4651,212520095032,228.562119300,108.362600,Present,0,512,26600,1920,1080,000002AB2830A6F0
4652,212521297516,228.682367700,120.248400,Present,0,512,26600,1920,1080,000002AB2830A6F0
4653,212522501044,228.802720500,120.352800,Present,0,512,26600,1920,1080,000002AB2830A6F0
4654,212523492095,228.901825600,99.105100,Present,0,512,26600,1920,1080,000002AB2830A6F0
4655,212524592958,229.011911900,110.086300,Present,0,512,26600,1920,1080,000002AB2830A6F0
4656,212525710677,229.123683800,111.771900,Present,0,512,26600,1920,1080,000002AB2830A6F0
4657,212526854331,229.238049200,114.365400,Present,0,512,26600,1920,1080,000002AB2830A6F0
4658,212528078607,229.360476800,122.427600,Present,0,512,26600,1920,1080,000002AB2830A6F0
4659,212529131805,229.465796600,105.319800,Present,0,512,26600,1920,1080,000002AB2830A6F0
4660,212530330384,229.585654500,119.857900,Present,0,512,26600,1920,1080,000002AB2830A6F0
4661,212531623673,229.714983400,129.328900,Present,0,512,26600,1920,1080,000002AB2830A6F0
4662,212532914857,229.844101800,129.118400,Present,0,512,26600,1920,1080,000002AB2830A6F0
4663,212533747564,229.927372500,83.270700,Present,0,512,26600,1920,1080,000002AB2830A6F0
4664,212534895839,230.042200000,114.827500,Present,0,512,26600,1920,1080,000002AB2830A6F0
4665,212536158730,230.168489100,126.289100,Present,0,512,26600,1920,1080,000002AB2830A6F0
4666,212537333597,230.285975800,117.486700,Present,0,512,26600,1920,1080,000002AB2830A6F0
4667,212538733403,230.425956400,139.980600,Present,0,512,26600,1920,1080,000002AB2830A6F0
4668,212539837800,230.536396100,110.439700,Present,0,512,26600,1920,1080,000002AB2830A6F0
4669,212541125752,230.665191300,128.795200,Present,0,512,26600,1920,1080,000002AB2830A6F0
4670,212541998936,230.752509700,87.318400,Present,0,512,26600,1920,1080,000002AB2830A6F0
4671,212543134097,230.866025800,113.516100,Present,0,512,26600,1920,1080,000002AB2830A6F0
4672,212544243821,230.976998200,110.972400,Present,0,512,26600,1920,1080,000002AB2830A6F0
4673,212545481580,231.100774100,123.775900,Present,0,512,26600,1920,1080,000002AB2830A6F0
4674,212546504978,231.203113900,102.339800,Present,0,512,26600,1920,1080,000002AB2830A6F0
4675,212547565495,231.309165600,106.051700,Present,0,512,26600,1920,1080,000002AB2830A6F0
4676,212548670647,231.419680800,110.515200,Present,0,512,26600,1920,1080,000002AB2830A6F0
4677,212549909291,231.543545200,123.864400,Present,0,512,26600,1920,1080,000002AB2830A6F0
4678,212550917217,231.644337800,100.792600,Present,0,512,26600,1920,1080,000002AB2830A6F0
4679,212551969213,231.749537400,105.199600,Present,0,512,26600,1920,1080,000002AB2830A6F0
4680,212553090247,231.861640800,112.103400,Present,0,512,26600,1920,1080,000002AB2830A6F0
4681,212554453251,231.997941200,136.300400,Present,0,512,26600,1920,1080,000002AB2830A6F0
4682,212555362762,232.088892300,90.951100,Present,0,512,26600,1920,1080,000002AB2830A6F0
4683,212556403400,232.192956100,104.063800,Present,0,512,26600,1920,1080,000002AB2830A6F0
4684,212557510108,232.303626900,110.670800,Present,0,512,26600,1920,1080,000002AB2830A6F0
4685,212559000323,232.452648400,149.021500,Present,0,512,26600,1920,1080,000002AB2830A6F0
4686,212560007795,232.553395600,100.747200,Present,0,512,26600,1920,1080,000002AB2830A6F0
4687,212560958419,232.648458000,95.062400,Present,0,512,26600,1920,1080,000002AB2830A6F0
4688,212562091421,232.761758200,113.300200,Present,0,512,26600,1920,1080,000002AB2830A6F0
4689,212563326111,232.885227200,123.469000,Present,0,512,26600,1920,1080,000002AB2830A6F0
4690,212564398369,232.992453000,107.225800,Present,0,512,26600,1920,1080,000002AB2830A6F0
4691,212565535857,233.106201800,113.748800,Present,0,512,26600,1920,1080,000002AB2830A6F0
4692,212566654014,233.218017500,111.815700,Present,0,512,26600,1920,1080,000002AB2830A6F0
4693,212567998274,233.352443500,134.426000,Present,0,512,26600,1920,1080,000002AB2830A6F0
4694,212568989168,233.451532900,99.089400,Present,0,512,26600,1920,1080,000002AB2830A6F0
4695,212569988577,233.551473800,99.940900,Present,0,512,26600,1920,1080,000002AB2830A6F0
4696,212571101872,233.662803300,111.329500,Present,0,512,26600,1920,1080,000002AB2830A6F0
4697,212572521139,233.804730000,141.926700,Present,0,512,26600,1920,1080,000002AB2830A6F0
4698,212573635000,233.916116100,111.386100,Present,0,512,26600,1920,1080,000002AB2830A6F0
4699,212574712551,234.023871200,107.755100,Present,0,512,26600,1920,1080,000002AB2830A6F0
4700,212575870661,234.139682200,115.811000,Present,0,512,26600,1920,1080,000002AB2830A6F0
4701,212576942367,234.246852800,107.170600,Present,0,512,26600,1920,1080,000002AB2830A6F0
4702,212578091921,234.361808200,114.955400,Present,0,512,26600,1920,1080,000002AB2830A6F0
4703,212579476475,234.500263600,138.455400,Present,0,512,26600,1920,1080,000002AB2830A6F0
4704,212580463480,234.598964100,98.700500,Present,0,512,26600,1920,1080,000002AB2830A6F0
4705,212581578800,234.710496100,111.532000,Present,0,512,26600,1920,1080,000002AB2830A6F0
4706,212582736580,234.826274100,115.778000,Present,0,512,26600,1920,1080,000002AB2830A6F0
4707,212584144000,234.967016100,140.742000,Present,0,512,26600,1920,1080,000002AB2830A6F0
4708,212585229829,235.075599000,108.582900,Present,0,512,26600,1920,1080,000002AB2830A6F0
4709,212586053752,235.157991300,82.392300,Present,0,512,26600,1920,1080,000002AB2830A6F0
4710,212587273316,235.279947700,121.956400,Present,0,512,26600,1920,1080,000002AB2830A6F0
4711,212588538516,235.406467700,126.520000,Present,0,512,26600,1920,1080,000002AB2830A6F0
4712,212589734425,235.526058600,119.590900,Present,0,512,26600,1920,1080,000002AB2830A6F0
4713,212590779246,235.630540700,104.482100,Present,0,512,26600,1920,1080,000002AB2830A6F0
4714,212591884217,235.741037800,110.497100,Present,0,512,26600,1920,1080,000002AB2830A6F0
4715,212593059023,235.858518400,117.480600,Present,0,512,26600,1920,1080,000002AB2830A6F0
4716,212594228086,235.975424700,116.906300,Present,0,512,26600,1920,1080,000002AB2830A6F0
4717,212595354148,236.088030900,112.606200,Present,0,512,26600,1920,1080,000002AB2830A6F0
4718,212596709454,236.223561500,135.530600,Present,0,512,26600,1920,1080,000002AB2830A6F0
4719,212597600723,236.312688400,89.126900,Present,0,512,26600,1920,1080,000002AB2830A6F0
4720,212598839359,236.436552000,123.863600,Present,0,512,26600,1920,1080,000002AB2830A6F0
4721,212599927301,236.545346200,108.794200,Present,0,512,26600,1920,1080,000002AB2830A6F0
4722,212601189474,236.671563500,126.217300,Present,0,512,26600,1920,1080,000002AB2830A6F0
4723,212602256487,236.778264800,106.701300,Present,0,512,26600,1920,1080,000002AB2830A6F0
4724,212603474648,236.900080900,121.816100,Present,0,512,26600,1920,1080,000002AB2830A6F0
4725,212604715893,237.024205400,124.124500,Present,0,512,26600,1920,1080,000002AB2830A6F0
4726,212605788346,237.131450700,107.245300,Present,0,512,26600,1920,1080,000002AB2830A6F0
4727,212606922714,237.244887500,113.436800,Present,0,512,26600,1920,1080,000002AB2830A6F0
4728,212608093236,237.361939700,117.052200,Present,0,512,26600,1920,1080,000002AB2830A6F0
4729,212609318924,237.484508500,122.568800,Present,0,512,26600,1920,1080,000002AB2830A6F0
4730,212610597792,237.612395300,127.886800,Present,0,512,26600,1920,1080,000002AB2830A6F0
4731,212611631082,237.715724300,103.329000,Present,0,512,26600,1920,1080,000002AB2830A6F0
4732,212612710495,237.823665600,107.941300,Present,0,512,26600,1920,1080,000002AB2830A6F0
4733,212613782078,237.930823900,107.158300,Present,0,512,26600,1920,1080,000002AB2830A6F0
4734,212614868287,238.039444800,108.620900,Present,0,512,26600,1920,1080,000002AB2830A6F0
4735,212615984440,238.151060100,111.615300,Present,0,512,26600,1920,1080,000002AB2830A6F0
4736,212617168797,238.269495800,118.435700,Present,0,512,26600,1920,1080,000002AB2830A6F0
4737,212618233476,238.375963700,106.467900,Present,0,512,26600,1920,1080,000002AB2830A6F0
4738,212619296425,238.482258600,106.294900,Present,0,512,26600,1920,1080,000002AB2830A6F0
4739,212620375211,238.590137200,107.878600,Present,0,512,26600,1920,1080,000002AB2830A6F0
4740,212621414516,238.694067700,103.930500,Present,0,512,26600,1920,1080,000002AB2830A6F0
4741,212622571753,238.809791400,115.723700,Present,0,512,26600,1920,1080,000002AB2830A6F0
4742,212623597996,238.912415700,102.624300,Present,0,512,26600,1920,1080,000002AB2830A6F0
4743,212624661618,239.018777900,106.362200,Present,0,512,26600,1920,1080,000002AB2830A6F0
4744,212625710935,239.123709600,104.931700,Present,0,512,26600,1920,1080,000002AB2830A6F0
4745,212626796103,239.232226400,108.516800,Present,0,512,26600,1920,1080,000002AB2830A6F0
4746,212627927844,239.345400500,113.174100,Present,0,512,26600,1920,1080,000002AB2830A6F0
4747,212628997533,239.452369400,106.968900,Present,0,512,26600,1920,1080,000002AB2830A6F0
4748,212630074789,239.560095000,107.725600,Present,0,512,26600,1920,1080,000002AB2830A6F0
4749,212631262776,239.678893700,118.798700,Present,0,512,26600,1920,1080,000002AB2830A6F0
4750,212632292788,239.781894900,103.001200,Present,0,512,26600,1920,1080,000002AB2830A6F0
4751,212633382327,239.890848800,108.953900,Present,0,512,26600,1920,1080,000002AB2830A6F0
4752,212634460003,239.998616400,107.767600,Present,0,512,26600,1920,1080,000002AB2830A6F0
4753,212635638328,240.116448900,117.832500,Present,0,512,26600,1920,1080,000002AB2830A6F0
4754,212636735218,240.226137900,109.689000,Present,0,512,26600,1920,1080,000002AB2830A6F0
4755,212637785949,240.331211000,105.073100,Present,0,512,26600,1920,1080,000002AB2830A6F0
4756,212638855091,240.438125200,106.914200,Present,0,512,26600,1920,1080,000002AB2830A6F0
4757,212639950357,240.547651800,109.526600,Present,0,512,26600,1920,1080,000002AB2830A6F0
4758,212641058852,240.658501300,110.849500,Present,0,512,26600,1920,1080,000002AB2830A6F0
4759,212642228253,240.775441400,116.940100,Present,0,512,26600,1920,1080,000002AB2830A6F0
4760,212643356831,240.888299200,112.857800,Present,0,512,26600,1920,1080,000002AB2830A6F0
4761,212644454630,240.998079100,109.779900,Present,0,512,26600,1920,1080,000002AB2830A6F0
4762,212645548867,241.107502800,109.423700,Present,0,512,26600,1920,1080,000002AB2830A6F0
4763,212646666096,241.219225700,111.722900,Present,0,512,26600,1920,1080,000002AB2830A6F0
4764,212647769598,241.329575900,110.350200,Present,0,512,26600,1920,1080,000002AB2830A6F0
4765,212648851096,241.437725700,108.149800,Present,0,512,26600,1920,1080,000002AB2830A6F0
4766,212649904748,241.543090900,105.365200,Present,0,512,26600,1920,1080,000002AB2830A6F0
4767,212650982107,241.650826800,107.735900,Present,0,512,26600,1920,1080,000002AB2830A6F0
4768,212652060733,241.758689400,107.862600,Present,0,512,26600,1920,1080,000002AB2830A6F0
4769,212653118391,241.864455200,105.765800,Present,0,512,26600,1920,1080,000002AB2830A6F0
4770,212654348202,241.987436300,122.981100,Present,0,512,26600,1920,1080,000002AB2830A6F0
4771,212655504561,242.103072200,115.635900,Present,0,512,26600,1920,1080,000002AB2830A6F0
4772,212656686838,242.221299900,118.227700,Present,0,512,26600,1920,1080,000002AB2830A6F0
4773,212657829860,242.335602100,114.302200,Present,0,512,26600,1920,1080,000002AB2830A6F0
4774,212659022633,242.454879400,119.277300,Present,0,512,26600,1920,1080,000002AB2830A6F0
4775,212660084862,242.561102300,106.222900,Present,0,512,26600,1920,1080,000002AB2830A6F0
4776,212661192040,242.671820100,110.717800,Present,0,512,26600,1920,1080,000002AB2830A6F0
4777,212662229446,242.775560700,103.740600,Present,0,512,26600,1920,1080,000002AB2830A6F0
4778,212663506324,242.903248500,127.687800,Present,0,512,26600,1920,1080,000002AB2830A6F0
4779,212664396230,242.992239100,88.990600,Present,0,512,26600,1920,1080,000002AB2830A6F0
4780,212665434993,243.096115400,103.876300,Present,0,512,26600,1920,1080,000002AB2830A6F0
4781,212666479618,243.200577900,104.462500,Present,0,512,26600,1920,1080,000002AB2830A6F0
4782,212667526043,243.305220400,104.642500,Present,0,512,26600,1920,1080,000002AB2830A6F0
4783,212668569340,243.409550100,104.329700,Present,0,512,26600,1920,1080,000002AB2830A6F0
4784,212669648001,243.517416200,107.866100,Present,0,512,26600,1920,1080,000002AB2830A6F0
4785,212670741353,243.626751400,109.335200,Present,0,512,26600,1920,1080,000002AB2830A6F0
4786,212671796108,243.732226900,105.475500,Present,0,512,26600,1920,1080,000002AB2830A6F0
4787,212672846303,243.837246400,105.019500,Present,0,512,26600,1920,1080,000002AB2830A6F0
4788,212673927360,243.945352100,108.105700,Present,0,512,26600,1920,1080,000002AB2830A6F0
4789,212674982698,244.050885900,105.533800,Present,0,512,26600,1920,1080,000002AB2830A6F0
4790,212676131607,244.165776800,114.890900,Present,0,512,26600,1920,1080,000002AB2830A6F0
4791,212677224750,244.275091100,109.314300,Present,0,512,26600,1920,1080,000002AB2830A6F0
4792,212678343422,244.386958300,111.867200,Present,0,512,26600,1920,1080,000002AB2830A6F0
4793,212679428157,244.495431800,108.473500,Present,0,512,26600,1920,1080,000002AB2830A6F0
4794,212680588152,244.611431300,115.999500,Present,0,512,26600,1920,1080,000002AB2830A6F0
4795,212681615411,244.714157200,102.725900,Present,0,512,26600,1920,1080,000002AB2830A6F0
4796,212682678907,244.820506800,106.349600,Present,0,512,26600,1920,1080,000002AB2830A6F0
4797,212683742273,244.926843400,106.336600,Present,0,512,26600,1920,1080,000002AB2830A6F0
4798,212684843943,245.037010400,110.167000,Present,0,512,26600,1920,1080,000002AB2830A6F0
4799,212686000329,245.152649000,115.638600,Present,0,512,26600,1920,1080,000002AB2830A6F0
4800,212687169162,245.269532300,116.883300,Present,0,512,26600,1920,1080,000002AB2830A6F0
4801,212688336373,245.386253400,116.721100,Present,0,512,26600,1920,1080,000002AB2830A6F0
4802,212689520512,245.504667300,118.413900,Present,0,512,26600,1920,1080,000002AB2830A6F0
4803,212690653097,245.617925800,113.258500,Present,0,512,26600,1920,1080,000002AB2830A6F0
4804,212691840723,245.736688400,118.762600,Present,0,512,26600,1920,1080,000002AB2830A6F0
4805,212692953281,245.847944200,111.255800,Present,0,512,26600,1920,1080,000002AB2830A6F0
4806,212694145928,245.967208900,119.264700,Present,0,512,26600,1920,1080,000002AB2830A6F0
4807,212695174274,246.070043500,102.834600,Present,0,512,26600,1920,1080,000002AB2830A6F0
4808,212696353197,246.187935800,117.892300,Present,0,512,26600,1920,1080,000002AB2830A6F0
4809,212697413349,246.293951000,106.015200,Present,0,512,26600,1920,1080,000002AB2830A6F0
4810,212698540756,246.406691700,112.740700,Present,0,512,26600,1920,1080,000002AB2830A6F0
4811,212699627903,246.515406400,108.714700,Present,0,512,26600,1920,1080,000002AB2830A6F0
4812,212700780311,246.630647200,115.240800,Present,0,512,26600,1920,1080,000002AB2830A6F0
4813,212701964443,246.749060400,118.413200,Present,0,512,26600,1920,1080,000002AB2830A6F0
4814,212703060343,246.858650400,109.590000,Present,0,512,26600,1920,1080,000002AB2830A6F0
4815,212704117546,246.964370700,105.720300,Present,0,512,26600,1920,1080,000002AB2830A6F0
4816,212705183868,247.071002900,106.632200,Present,0,512,26600,1920,1080,000002AB2830A6F0
4817,212706331781,247.185794200,114.791300,Present,0,512,26600,1920,1080,000002AB2830A6F0
4818,212707406875,247.293303600,107.509400,Present,0,512,26600,1920,1080,000002AB2830A6F0
4819,212708539835,247.406599600,113.296000,Present,0,512,26600,1920,1080,000002AB2830A6F0
4820,212709572258,247.509841900,103.242300,Present,0,512,26600,1920,1080,000002AB2830A6F0
4821,212710624294,247.615045500,105.203600,Present,0,512,26600,1920,1080,000002AB2830A6F0
4822,212711662418,247.718857900,103.812400,Present,0,512,26600,1920,1080,000002AB2830A6F0
4823,212712721280,247.824744100,105.886200,Present,0,512,26600,1920,1080,000002AB2830A6F0
4824,212713824223,247.935038400,110.294300,Present,0,512,26600,1920,1080,000002AB2830A6F0
4825,212714844667,248.037082800,102.044400,Present,0,512,26600,1920,1080,000002AB2830A6F0
4826,212715909813,248.143597400,106.514600,Present,0,512,26600,1920,1080,000002AB2830A6F0
4827,212716982617,248.250877800,107.280400,Present,0,512,26600,1920,1080,000002AB2830A6F0
4828,212718080890,248.360705100,109.827300,Present,0,512,26600,1920,1080,000002AB2830A6F0
4829,212719144948,248.467110900,106.405800,Present,0,512,26600,1920,1080,000002AB2830A6F0
4830,212720281449,248.580761000,113.650100,Present,0,512,26600,1920,1080,000002AB2830A6F0
4831,212721365137,248.689129800,108.368800,Present,0,512,26600,1920,1080,000002AB2830A6F0
4832,212722428499,248.795466000,106.336200,Present,0,512,26600,1920,1080,000002AB2830A6F0
4833,212723498478,248.902463900,106.997900,Present,0,512,26600,1920,1080,000002AB2830A6F0
4834,212724552847,249.007900800,105.436900,Present,0,512,26600,1920,1080,000002AB2830A6F0
4835,212725670204,249.119636500,111.735700,Present,0,512,26600,1920,1080,000002AB2830A6F0
4836,212726725207,249.225136800,105.500300,Present,0,512,26600,1920,1080,000002AB2830A6F0
4837,212727759665,249.328582600,103.445800,Present,0,512,26600,1920,1080,000002AB2830A6F0
4838,212728839232,249.436539300,107.956700,Present,0,512,26600,1920,1080,000002AB2830A6F0
4839,212729885751,249.541191200,104.651900,Present,0,512,26600,1920,1080,000002AB2830A6F0
4840,212731009709,249.653587000,112.395800,Present,0,512,26600,1920,1080,000002AB2830A6F0
4841,212732144407,249.767056800,113.469800,Present,0,512,26600,1920,1080,000002AB2830A6F0
4842,212733275195,249.880135600,113.078800,Present,0,512,26600,1920,1080,000002AB2830A6F0
4843,212734572041,250.009820200,129.684600,Present,0,512,26600,1920,1080,000002AB2830A6F0
4844,212735688541,250.121470200,111.650000,Present,0,512,26600,1920,1080,000002AB2830A6F0
4845,212736829791,250.235595200,114.125000,Present,0,512,26600,1920,1080,000002AB2830A6F0
4846,212737907707,250.343386800,107.791600,Present,0,512,26600,1920,1080,000002AB2830A6F0
4847,212739050529,250.457669000,114.282200,Present,0,512,26600,1920,1080,000002AB2830A6F0
4848,212740115002,250.564116300,106.447300,Present,0,512,26600,1920,1080,000002AB2830A6F0
4849,212741126327,250.665248800,101.132500,Present,0,512,26600,1920,1080,000002AB2830A6F0
4850,212742172208,250.769836900,104.588100,Present,0,512,26600,1920,1080,000002AB2830A6F0
4851,212743226787,250.875294800,105.457900,Present,0,512,26600,1920,1080,000002AB2830A6F0
4852,212744280562,250.980672300,105.377500,Present,0,512,26600,1920,1080,000002AB2830A6F0
4853,212745409911,251.093607200,112.934900,Present,0,512,26600,1920,1080,000002AB2830A6F0
4854,212746463913,251.199007400,105.400200,Present,0,512,26600,1920,1080,000002AB2830A6F0
4855,212747556276,251.308243700,109.236300,Present,0,512,26600,1920,1080,000002AB2830A6F0
4856,212748701243,251.422740400,114.496700,Present,0,512,26600,1920,1080,000002AB2830A6F0
4857,212749862193,251.538835400,116.095000,Present,0,512,26600,1920,1080,000002AB2830A6F0
4858,212750963836,251.648999700,110.164300,Present,0,512,26600,1920,1080,000002AB2830A6F0
4859,212752062039,251.758820000,109.820300,Present,0,512,26600,1920,1080,000002AB2830A6F0
4860,212753185598,251.871175900,112.355900,Present,0,512,26600,1920,1080,000002AB2830A6F0
